GO_ID	name	namespace	depth	n_annotated	IC	IC_topology
GO:0000030	mannosyltransferase activity	MF	5	39	6.478116	0.621004
GO:0000049	tRNA binding	MF	4	54	6.152693	0.825549
GO:0000146	microfilament motor activity	MF	5	13	7.576728	0.880919
GO:0000149	SNARE binding	MF	3	6	8.349918	0.849736
GO:0000155	phosphorelay sensor kinase activity	MF	7	21	7.097155	1.000000
GO:0000166	nucleotide binding	MF	4	1076	3.160672	0.563682
GO:0000175	3'-5'-RNA exonuclease activity	MF	7	16	7.369089	0.825549
GO:0000217	DNA secondary structure binding	MF	4	182	4.937671	0.721978
GO:0000287	magnesium ion binding	MF	6	491	3.945233	1.000000
GO:0000295	adenine nucleotide transmembrane transporter activity	MF	6	12	7.656771	0.730654
GO:0000339	RNA cap binding	MF	4	14	7.502620	0.825549
GO:0000900	mRNA regulatory element binding translation repressor activity	MF	3	2	9.448530	1.000000
GO:0000976	transcription cis-regulatory region binding	MF	6	576	3.785570	0.621004
GO:0000977	RNA polymerase II transcription regulatory region sequence-specific DNA binding	MF	7	188	4.905235	0.699472
GO:0000978	RNA polymerase II cis-regulatory region sequence-specific DNA binding	MF	8	171	5.000014	0.721978
GO:0000981	DNA-binding transcription factor activity, RNA polymerase II-specific	MF	3	243	4.648616	0.761837
GO:0000987	cis-regulatory region sequence-specific DNA binding	MF	7	237	4.673617	0.680845
GO:0000993	RNA polymerase II complex binding	MF	6	7	8.195767	0.849736
GO:0001046	core promoter sequence-specific DNA binding	MF	7	60	6.047333	0.880919
GO:0001067	transcription regulatory region nucleic acid binding	MF	3	582	3.775207	0.611573
GO:0001091	RNA polymerase II general transcription initiation factor binding	MF	5	1	10.141677	0.789078
GO:0001098	basal transcription machinery binding	MF	3	11	7.743782	0.713946
GO:0001099	basal RNA polymerase II transcription machinery binding	MF	4	8	8.062236	0.730654
GO:0001216	DNA-binding transcription activator activity	MF	3	144	5.171864	0.880919
GO:0001217	DNA-binding transcription repressor activity	MF	3	148	5.144465	0.849736
GO:0001221	transcription coregulator binding	MF	4	19	7.197238	0.880919
GO:0001222	transcription corepressor binding	MF	5	3	9.043065	1.000000
GO:0001223	transcription coactivator binding	MF	5	14	7.502620	1.000000
GO:0001227	DNA-binding transcription repressor activity, RNA polymerase II-specific	MF	4	19	7.197238	1.000000
GO:0001228	DNA-binding transcription activator activity, RNA polymerase II-specific	MF	4	34	6.615317	1.000000
GO:0001530	lipopolysaccharide binding	MF	3	25	6.922802	1.000000
GO:0001540	amyloid-beta binding	MF	3	55	6.134344	1.000000
GO:0001637	G protein-coupled chemoattractant receptor activity	MF	5	57	6.098626	0.740086
GO:0001653	peptide receptor activity	MF	3	32	6.675941	0.556203
GO:0001664	G protein-coupled receptor binding	MF	4	162	5.054081	0.413418
GO:0001671	ATPase activator activity	MF	3	5	8.532239	0.924868
GO:0001727	lipid kinase activity	MF	5	13	7.576728	0.706467
GO:0001784	phosphotyrosine residue binding	MF	5	1	10.141677	1.000000
GO:0001786	phosphatidylserine binding	MF	5	64	5.982794	1.000000
GO:0001965	G-protein alpha-subunit binding	MF	3	33	6.645170	1.000000
GO:0001968	fibronectin binding	MF	3	35	6.586329	1.000000
GO:0002020	protease binding	MF	4	28	6.809473	0.880919
GO:0002039	p53 binding	MF	3	9	7.944453	1.000000
GO:0003674	molecular_function	MF	0	25379	0.000000	0.000000
GO:0003676	nucleic acid binding	MF	2	1929	2.576920	0.381032
GO:0003677	DNA binding	MF	3	1455	2.858916	0.469922
GO:0003678	DNA helicase activity	MF	6	78	5.784969	0.774604
GO:0003682	chromatin binding	MF	2	210	4.794570	0.740086
GO:0003684	damaged DNA binding	MF	4	24	6.963624	0.761837
GO:0003688	DNA replication origin binding	MF	6	7	8.195767	1.000000
GO:0003690	double-stranded DNA binding	MF	4	731	3.547264	0.525021
GO:0003697	single-stranded DNA binding	MF	4	125	5.313364	0.761837
GO:0003700	DNA-binding transcription factor activity	MF	2	670	3.634400	0.692901
GO:0003712	transcription coregulator activity	MF	3	196	4.863563	0.849736
GO:0003713	transcription coactivator activity	MF	4	84	5.710861	1.000000
GO:0003714	transcription corepressor activity	MF	4	102	5.516705	0.924868
GO:0003723	RNA binding	MF	3	506	3.915141	0.447212
GO:0003724	RNA helicase activity	MF	6	36	6.558158	0.880919
GO:0003725	double-stranded RNA binding	MF	4	59	6.064140	0.880919
GO:0003727	single-stranded RNA binding	MF	4	49	6.249857	0.740086
GO:0003729	mRNA binding	MF	4	122	5.337656	0.532016
GO:0003730	mRNA 3'-UTR binding	MF	5	58	6.081234	0.924868
GO:0003735	structural constituent of ribosome	MF	2	90	5.641868	1.000000
GO:0003743	translation initiation factor activity	MF	2	112	5.423178	1.000000
GO:0003755	peptidyl-prolyl cis-trans isomerase activity	MF	4	60	6.047333	0.849736
GO:0003756	protein disulfide isomerase activity	MF	5	16	7.369089	1.000000
GO:0003774	cytoskeletal motor activity	MF	1	36	6.558158	0.740086
GO:0003777	microtubule motor activity	MF	5	19	7.197238	0.880919
GO:0003779	actin binding	MF	4	140	5.200035	0.849736
GO:0003785	actin monomer binding	MF	5	19	7.197238	1.000000
GO:0003796	lysozyme activity	MF	5	37	6.530759	1.000000
GO:0003823	antigen binding	MF	2	24	6.963624	0.805787
GO:0003824	catalytic activity	MF	1	11670	0.776901	0.048862
GO:0003887	DNA-directed DNA polymerase activity	MF	6	23	7.006183	1.000000
GO:0003899	DNA-directed RNA polymerase activity	MF	7	33	6.645170	1.000000
GO:0003916	DNA topoisomerase activity	MF	5	42	6.404008	0.825549
GO:0003924	GTPase activity	MF	7	178	4.959894	0.805787
GO:0003925	G protein activity	MF	8	14	7.502620	1.000000
GO:0004016	adenylate cyclase activity	MF	4	27	6.845840	0.924868
GO:0004022	alcohol dehydrogenase (NAD+) activity	MF	6	66	5.952023	0.706467
GO:0004029	aldehyde dehydrogenase (NAD+) activity	MF	6	49	6.249857	0.646846
GO:0004030	aldehyde dehydrogenase [NAD(P)+] activity	MF	5	53	6.171385	0.614627
GO:0004089	carbonate dehydratase activity	MF	5	23	7.006183	1.000000
GO:0004112	cyclic-nucleotide phosphodiesterase activity	MF	6	43	6.380477	0.740086
GO:0004114	3',5'-cyclic-nucleotide phosphodiesterase activity	MF	7	36	6.558158	0.774604
GO:0004115	3',5'-cyclic-AMP phosphodiesterase activity	MF	8	13	7.576728	0.880919
GO:0004129	cytochrome-c oxidase activity	MF	6	207	4.808959	1.000000
GO:0004175	endopeptidase activity	MF	4	356	4.266747	0.680845
GO:0004177	aminopeptidase activity	MF	5	59	6.064140	0.774604
GO:0004180	carboxypeptidase activity	MF	5	21	7.097155	0.740086
GO:0004181	metallocarboxypeptidase activity	MF	6	12	7.656771	0.825549
GO:0004190	aspartic-type endopeptidase activity	MF	5	32	6.675941	0.880919
GO:0004197	cysteine-type endopeptidase activity	MF	5	99	5.546557	0.825549
GO:0004222	metalloendopeptidase activity	MF	5	51	6.209852	0.924868
GO:0004252	serine-type endopeptidase activity	MF	5	114	5.405479	1.000000
GO:0004364	glutathione transferase activity	MF	4	56	6.116326	1.000000
GO:0004386	helicase activity	MF	5	117	5.379503	0.706467
GO:0004396	hexokinase activity	MF	6	21	7.097155	0.825549
GO:0004402	histone acetyltransferase activity	MF	9	15	7.433627	0.651098
GO:0004407	histone deacetylase activity	MF	5	14	7.502620	0.686705
GO:0004467	long-chain fatty acid-CoA ligase activity	MF	7	11	7.743782	0.825549
GO:0004497	monooxygenase activity	MF	3	455	4.021380	0.359020
GO:0004518	nuclease activity	MF	3	287	4.482195	0.511056
GO:0004519	endonuclease activity	MF	4	152	5.117797	0.559878
GO:0004520	DNA endonuclease activity	MF	5	48	6.270476	0.635010
GO:0004521	RNA endonuclease activity	MF	5	77	5.797872	0.638814
GO:0004527	exonuclease activity	MF	4	91	5.630818	0.638814
GO:0004529	DNA exonuclease activity	MF	5	25	6.922802	0.721978
GO:0004532	RNA exonuclease activity	MF	5	26	6.883581	0.740086
GO:0004536	DNA nuclease activity	MF	4	79	5.772229	0.592314
GO:0004540	RNA nuclease activity	MF	4	143	5.178833	0.594864
GO:0004549	tRNA-specific ribonuclease activity	MF	5	36	6.558158	0.849736
GO:0004553	hydrolase activity, hydrolyzing O-glycosyl compounds	MF	4	556	3.820909	0.425702
GO:0004568	chitinase activity	MF	5	40	6.452798	0.880919
GO:0004601	peroxidase activity	MF	4	228	4.712332	0.655522
GO:0004620	phospholipase activity	MF	5	183	4.932191	0.635010
GO:0004623	phospholipase A2 activity	MF	6	60	6.047333	0.880919
GO:0004629	phospholipase C activity	MF	6	72	5.865011	0.750417
GO:0004659	prenyltransferase activity	MF	4	109	5.450329	0.600153
GO:0004672	protein kinase activity	MF	5	395	4.162792	0.484746
GO:0004673	protein histidine kinase activity	MF	6	33	6.645170	0.805787
GO:0004674	protein serine/threonine kinase activity	MF	6	243	4.648616	0.542637
GO:0004675	transmembrane receptor protein serine/threonine kinase activity	MF	7	53	6.171385	0.761837
GO:0004683	calcium/calmodulin-dependent protein kinase activity	MF	7	8	8.062236	0.849736
GO:0004693	cyclin-dependent protein serine/threonine kinase activity	MF	7	18	7.251306	1.000000
GO:0004707	MAP kinase activity	MF	7	21	7.097155	0.924868
GO:0004708	MAP kinase kinase activity	MF	7	6	8.349918	0.924868
GO:0004709	MAP kinase kinase kinase activity	MF	7	9	7.944453	0.924868
GO:0004712	protein serine/threonine/tyrosine kinase activity	MF	6	6	8.349918	0.880919
GO:0004713	protein tyrosine kinase activity	MF	6	45	6.335015	0.660136
GO:0004714	transmembrane receptor protein tyrosine kinase activity	MF	7	23	7.006183	0.680845
GO:0004715	non-membrane spanning protein tyrosine kinase activity	MF	7	1	10.141677	1.000000
GO:0004721	phosphoprotein phosphatase activity	MF	6	116	5.388087	0.608603
GO:0004722	protein serine/threonine phosphatase activity	MF	7	51	6.209852	0.730654
GO:0004725	protein tyrosine phosphatase activity	MF	7	36	6.558158	0.825549
GO:0004784	superoxide dismutase activity	MF	4	54	6.152693	1.000000
GO:0004806	triacylglycerol lipase activity	MF	5	69	5.907571	0.924868
GO:0004812	aminoacyl-tRNA ligase activity	MF	5	142	5.185850	0.642756
GO:0004842	ubiquitin-protein transferase activity	MF	6	160	5.066504	0.680845
GO:0004843	cysteine-type deubiquitinase activity	MF	6	61	6.030803	0.924868
GO:0004857	enzyme inhibitor activity	MF	3	291	4.468354	0.556203
GO:0004860	protein kinase inhibitor activity	MF	5	34	6.615317	0.761837
GO:0004864	protein phosphatase inhibitor activity	MF	5	4	8.755383	0.924868
GO:0004866	endopeptidase inhibitor activity	MF	5	185	4.921322	0.805787
GO:0004867	serine-type endopeptidase inhibitor activity	MF	6	98	5.556710	1.000000
GO:0004869	cysteine-type endopeptidase inhibitor activity	MF	6	27	6.845840	0.924868
GO:0004879	nuclear receptor activity	MF	4	119	5.362554	0.805787
GO:0004888	transmembrane signaling receptor activity	MF	3	586	3.768358	0.371093
GO:0004896	cytokine receptor activity	MF	4	71	5.878997	0.561763
GO:0004930	G protein-coupled receptor activity	MF	4	397	4.157741	0.449213
GO:0004970	glutamate-gated receptor activity	MF	10	20	7.145945	0.825549
GO:0004984	olfactory receptor activity	MF	4	9	7.944453	0.880919
GO:0005044	scavenger receptor activity	MF	2	0		1.000000
GO:0005048	signal sequence binding	MF	3	13	7.576728	0.686705
GO:0005080	protein kinase C binding	MF	6	6	8.349918	1.000000
GO:0005085	guanyl-nucleotide exchange factor activity	MF	5	64	5.982794	1.000000
GO:0005096	GTPase activator activity	MF	5	16	7.369089	1.000000
GO:0005102	signaling receptor binding	MF	3	919	3.318391	0.345798
GO:0005109	frizzled binding	MF	5	0		1.000000
GO:0005112	Notch binding	MF	4	1	10.141677	1.000000
GO:0005125	cytokine activity	MF	5	61	6.030803	0.924868
GO:0005126	cytokine receptor binding	MF	4	274	4.528549	0.509872
GO:0005154	epidermal growth factor receptor binding	MF	5	6	8.349918	1.000000
GO:0005178	integrin binding	MF	4	75	5.824189	0.924868
GO:0005179	hormone activity	MF	5	219	4.752606	0.675285
GO:0005184	neuropeptide hormone activity	MF	6	55	6.134344	0.805787
GO:0005198	structural molecule activity	MF	1	281	4.503323	0.582672
GO:0005200	structural constituent of cytoskeleton	MF	2	32	6.675941	0.849736
GO:0005201	extracellular matrix structural constituent	MF	2	14	7.502620	0.774604
GO:0005215	transporter activity	MF	1	1996	2.542777	0.243109
GO:0005216	monoatomic ion channel activity	MF	5	345	4.298133	0.461309
GO:0005217	intracellularly ligand-gated monoatomic ion channel activity	MF	8	46	6.313036	0.675285
GO:0005227	calcium-activated cation channel activity	MF	9	2	9.448530	0.825549
GO:0005230	extracellular ligand-gated monoatomic ion channel activity	MF	8	40	6.452798	0.660136
GO:0005231	excitatory extracellular ligand-gated monoatomic ion channel activity	MF	9	14	7.502620	0.789078
GO:0005242	inward rectifier potassium channel activity	MF	10	7	8.195767	0.880919
GO:0005244	voltage-gated monoatomic ion channel activity	MF	7	120	5.354186	0.602897
GO:0005245	voltage-gated calcium channel activity	MF	9	24	6.963624	0.713946
GO:0005246	calcium channel regulator activity	MF	5	17	7.308464	0.924868
GO:0005249	voltage-gated potassium channel activity	MF	9	58	6.081234	0.699472
GO:0005253	monoatomic anion channel activity	MF	6	63	5.998543	0.680845
GO:0005254	chloride channel activity	MF	7	51	6.209852	0.721978
GO:0005261	monoatomic cation channel activity	MF	6	243	4.648616	0.507540
GO:0005262	calcium channel activity	MF	7	52	6.190434	0.621004
GO:0005267	potassium channel activity	MF	7	81	5.747228	0.635010
GO:0005272	sodium channel activity	MF	7	34	6.615317	0.730654
GO:0005283	amino acid:sodium symporter activity	MF	8	21	7.097155	0.730654
GO:0005310	dicarboxylic acid transmembrane transporter activity	MF	5	17	7.308464	0.621004
GO:0005313	L-glutamate transmembrane transporter activity	MF	6	7	8.195767	0.805787
GO:0005315	phosphate transmembrane transporter activity	MF	5	23	7.006183	0.686705
GO:0005319	lipid transporter activity	MF	2	54	6.152693	0.533471
GO:0005337	nucleoside transmembrane transporter activity	MF	4	2	9.448530	0.692901
GO:0005338	nucleotide-sugar transmembrane transporter activity	MF	4	11	7.743782	0.721978
GO:0005342	organic acid transmembrane transporter activity	MF	3	119	5.362554	0.419386
GO:0005343	organic acid:sodium symporter activity	MF	8	14	7.502620	0.669996
GO:0005345	purine nucleobase transmembrane transporter activity	MF	4	6	8.349918	0.805787
GO:0005346	purine ribonucleotide transmembrane transporter activity	MF	6	12	7.656771	0.713946
GO:0005372	water transmembrane transporter activity	MF	4	54	6.152693	0.924868
GO:0005381	iron ion transmembrane transporter activity	MF	7	15	7.433627	0.789078
GO:0005385	zinc ion transmembrane transporter activity	MF	7	12	7.656771	0.750417
GO:0005402	carbohydrate:monoatomic cation symporter activity	MF	7	15	7.433627	0.627781
GO:0005416	amino acid:monoatomic cation symporter activity	MF	7	22	7.050635	0.680845
GO:0005452	solute:inorganic anion antiporter activity	MF	6	30	6.740480	0.686705
GO:0005484	SNAP receptor activity	MF	3	1	10.141677	1.000000
GO:0005488	binding	MF	1	14050	0.591300	0.187599
GO:0005496	steroid binding	MF	3	125	5.313364	0.660136
GO:0005501	retinoid binding	MF	4	118	5.370993	0.774604
GO:0005504	fatty acid binding	MF	7	47	6.291530	0.713946
GO:0005506	iron ion binding	MF	7	232	4.694940	0.880919
GO:0005507	copper ion binding	MF	7	221	4.743515	0.880919
GO:0005509	calcium ion binding	MF	6	413	4.118230	0.849736
GO:0005515	protein binding	MF	2	8678	1.073131	0.261592
GO:0005516	calmodulin binding	MF	3	53	6.171385	1.000000
GO:0005518	collagen binding	MF	3	17	7.308464	0.880919
GO:0005524	ATP binding	MF	8	285	4.489188	1.000000
GO:0005525	GTP binding	MF	8	116	5.388087	1.000000
GO:0005537	D-mannose binding	MF	4	29	6.774382	1.000000
GO:0005539	glycosaminoglycan binding	MF	3	190	4.894653	0.805787
GO:0005543	phospholipid binding	MF	3	212	4.785091	0.664954
GO:0005544	calcium-dependent phospholipid binding	MF	4	15	7.433627	1.000000
GO:0005546	phosphatidylinositol-4,5-bisphosphate binding	MF	7	27	6.845840	1.000000
GO:0005547	phosphatidylinositol-3,4,5-trisphosphate binding	MF	6	15	7.433627	1.000000
GO:0005548	phospholipid transporter activity	MF	3	25	6.922802	0.642756
GO:0008009	chemokine activity	MF	6	20	7.145945	1.000000
GO:0008013	beta-catenin binding	MF	3	14	7.502620	1.000000
GO:0008017	microtubule binding	MF	5	182	4.937671	0.849736
GO:0008028	monocarboxylic acid transmembrane transporter activity	MF	5	22	7.050635	0.567624
GO:0008047	enzyme activator activity	MF	3	146	5.158071	0.558025
GO:0008061	chitin binding	MF	3	53	6.171385	1.000000
GO:0008066	glutamate receptor activity	MF	4	25	6.922802	0.740086
GO:0008080	N-acetyltransferase activity	MF	6	91	5.630818	0.545872
GO:0008081	phosphoric diester hydrolase activity	MF	5	140	5.200035	0.563682
GO:0008083	growth factor activity	MF	5	34	6.615317	1.000000
GO:0008092	cytoskeletal protein binding	MF	3	490	3.947272	0.567624
GO:0008093	cytoskeletal anchor activity	MF	3	11	7.743782	0.849736
GO:0008094	ATP-dependent activity, acting on DNA	MF	4	128	5.289647	0.631335
GO:0008106	alcohol dehydrogenase (NADP+) activity	MF	6	25	6.922802	0.750417
GO:0008131	primary methylamine oxidase activity	MF	5	46	6.313036	0.730654
GO:0008134	transcription factor binding	MF	3	344	4.301036	0.602897
GO:0008137	NADH dehydrogenase (ubiquinone) activity	MF	6	594	3.754798	1.000000
GO:0008143	poly(A) binding	MF	6	10	7.839092	1.000000
GO:0008146	sulfotransferase activity	MF	4	16	7.369089	0.578155
GO:0008157	protein phosphatase 1 binding	MF	6	2	9.448530	1.000000
GO:0008168	methyltransferase activity	MF	4	360	4.255573	0.356129
GO:0008170	N-methyltransferase activity	MF	5	101	5.526557	0.512254
GO:0008171	O-methyltransferase activity	MF	5	87	5.675769	0.587386
GO:0008172	S-methyltransferase activity	MF	5	17	7.308464	0.721978
GO:0008173	RNA methyltransferase activity	MF	5	70	5.893182	0.509872
GO:0008175	tRNA methyltransferase activity	MF	6	32	6.675941	0.605713
GO:0008186	ATP-dependent activity, acting on RNA	MF	2	40	6.452798	0.774604
GO:0008187	poly-pyrimidine tract binding	MF	5	3	9.043065	0.849736
GO:0008188	neuropeptide receptor activity	MF	6	7	8.195767	0.669996
GO:0008194	UDP-glycosyltransferase activity	MF	4	185	4.921322	0.427891
GO:0008198	ferrous iron binding	MF	8	43	6.380477	1.000000
GO:0008200	ion channel inhibitor activity	MF	5	112	5.423178	0.774604
GO:0008201	heparin binding	MF	4	129	5.281865	1.000000
GO:0008227	G protein-coupled amine receptor activity	MF	5	69	5.907571	0.680845
GO:0008233	peptidase activity	MF	3	689	3.606436	0.521030
GO:0008234	cysteine-type peptidase activity	MF	4	178	4.959894	0.692901
GO:0008235	metalloexopeptidase activity	MF	5	49	6.249857	0.774604
GO:0008236	serine-type peptidase activity	MF	4	158	5.079082	0.774604
GO:0008237	metallopeptidase activity	MF	4	124	5.321396	0.721978
GO:0008238	exopeptidase activity	MF	4	129	5.281865	0.624340
GO:0008252	nucleotidase activity	MF	6	27	6.845840	0.849736
GO:0008266	poly(U) RNA binding	MF	6	3	9.043065	1.000000
GO:0008270	zinc ion binding	MF	7	502	3.923077	1.000000
GO:0008276	protein methyltransferase activity	MF	5	72	5.865011	0.545872
GO:0008289	lipid binding	MF	2	586	3.768358	0.504135
GO:0008296	3'-5'-DNA exonuclease activity	MF	7	11	7.743782	0.880919
GO:0008301	DNA binding, bending	MF	4	189	4.899930	0.825549
GO:0008307	structural constituent of muscle	MF	2	19	7.197238	1.000000
GO:0008320	protein transmembrane transporter activity	MF	4	26	6.883581	0.774604
GO:0008324	monoatomic cation transmembrane transporter activity	MF	4	1279	2.987844	0.367233
GO:0008373	sialyltransferase activity	MF	4	22	7.050635	0.740086
GO:0008374	O-acyltransferase activity	MF	5	139	5.207203	0.505258
GO:0008375	acetylglucosaminyltransferase activity	MF	5	42	6.404008	0.608603
GO:0008376	acetylgalactosaminyltransferase activity	MF	5	4	8.755383	0.740086
GO:0008378	galactosyltransferase activity	MF	5	21	7.097155	0.600153
GO:0008395	steroid hydroxylase activity	MF	4	59	6.064140	0.605713
GO:0008408	3'-5' exonuclease activity	MF	5	54	6.152693	0.761837
GO:0008409	5'-3' exonuclease activity	MF	5	26	6.883581	0.805787
GO:0008417	fucosyltransferase activity	MF	5	43	6.380477	0.740086
GO:0008422	beta-glucosidase activity	MF	6	59	6.064140	0.669996
GO:0008483	transaminase activity	MF	4	95	5.587800	0.507540
GO:0008509	monoatomic anion transmembrane transporter activity	MF	4	94	5.598383	0.585004
GO:0008514	organic anion transmembrane transporter activity	MF	3	225	4.725577	0.395199
GO:0008527	taste receptor activity	MF	4	6	8.349918	0.721978
GO:0008528	G protein-coupled peptide receptor activity	MF	5	31	6.707690	0.561763
GO:0008556	P-type potassium transmembrane transporter activity	MF	8	27	6.845840	0.849736
GO:0008641	ubiquitin-like modifier activating enzyme activity	MF	4	5	8.532239	0.740086
GO:0008649	rRNA methyltransferase activity	MF	6	15	7.433627	0.617769
GO:0008757	S-adenosylmethionine-dependent methyltransferase activity	MF	5	226	4.721142	0.405040
GO:0009055	electron transfer activity	MF	1	882	3.359485	0.789078
GO:0009881	photoreceptor activity	MF	3	133	5.251328	0.805787
GO:0009975	cyclase activity	MF	2	62	6.014543	0.655522
GO:0009982	pseudouridine synthase activity	MF	4	2	9.448530	0.675285
GO:0010181	FMN binding	MF	6	36	6.558158	1.000000
GO:0010333	terpene synthase activity	MF	5	178	4.959894	0.651098
GO:0010334	sesquiterpene synthase activity	MF	6	59	6.064140	0.713946
GO:0010484	histone H3 acetyltransferase activity	MF	10	4	8.755383	0.750417
GO:0010485	histone H4 acetyltransferase activity	MF	10	5	8.532239	0.825549
GO:0010851	cyclase regulator activity	MF	3	5	8.532239	0.750417
GO:0015020	glucuronosyltransferase activity	MF	5	12	7.656771	0.730654
GO:0015026	coreceptor activity	MF	3	11	7.743782	1.000000
GO:0015035	protein-disulfide reductase activity	MF	5	27	6.845840	0.825549
GO:0015036	disulfide oxidoreductase activity	MF	4	47	6.291530	0.713946
GO:0015075	monoatomic ion transmembrane transporter activity	MF	3	1398	2.898879	0.348689
GO:0015078	proton transmembrane transporter activity	MF	5	948	3.287323	0.498687
GO:0015079	potassium ion transmembrane transporter activity	MF	6	119	5.362554	0.587386
GO:0015081	sodium ion transmembrane transporter activity	MF	6	144	5.171864	0.514690
GO:0015085	calcium ion transmembrane transporter activity	MF	6	72	5.865011	0.585004
GO:0015101	organic cation transmembrane transporter activity	MF	3	51	6.209852	0.501923
GO:0015103	inorganic anion transmembrane transporter activity	MF	4	134	5.243838	0.506393
GO:0015106	bicarbonate transmembrane transporter activity	MF	4	52	6.190434	0.750417
GO:0015108	chloride transmembrane transporter activity	MF	5	79	5.772229	0.631335
GO:0015144	carbohydrate transmembrane transporter activity	MF	3	124	5.321396	0.472395
GO:0015145	monosaccharide transmembrane transporter activity	MF	5	24	6.963624	0.569650
GO:0015149	hexose transmembrane transporter activity	MF	6	20	7.145945	0.614627
GO:0015157	oligosaccharide transmembrane transporter activity	MF	4	35	6.586329	0.642756
GO:0015166	polyol transmembrane transporter activity	MF	3	23	7.006183	0.706467
GO:0015171	amino acid transmembrane transporter activity	MF	3	70	5.893182	0.490503
GO:0015172	acidic amino acid transmembrane transporter activity	MF	4	10	7.839092	0.761837
GO:0015174	basic amino acid transmembrane transporter activity	MF	4	4	8.755383	0.699472
GO:0015175	neutral L-amino acid transmembrane transporter activity	MF	4	32	6.675941	0.617769
GO:0015179	L-amino acid transmembrane transporter activity	MF	5	26	6.883581	0.563682
GO:0015205	nucleobase transmembrane transporter activity	MF	3	7	8.195767	0.721978
GO:0015215	nucleotide transmembrane transporter activity	MF	4	14	7.502620	0.651098
GO:0015216	purine nucleotide transmembrane transporter activity	MF	5	12	7.656771	0.680845
GO:0015250	water channel activity	MF	5	49	6.249857	1.000000
GO:0015252	proton channel activity	MF	7	73	5.851218	0.880919
GO:0015267	channel activity	MF	4	462	4.006112	0.434740
GO:0015269	calcium-activated potassium channel activity	MF	10	2	9.448530	0.849736
GO:0015276	ligand-gated monoatomic ion channel activity	MF	7	111	5.432147	0.536441
GO:0015291	secondary active transmembrane transporter activity	MF	4	195	4.868678	0.395199
GO:0015293	symporter activity	MF	5	75	5.824189	0.468304
GO:0015294	solute:monoatomic cation symporter activity	MF	6	73	5.851218	0.469110
GO:0015295	solute:proton symporter activity	MF	7	19	7.197238	0.558025
GO:0015296	monoatomic anion:monoatomic cation symporter activity	MF	7	11	7.743782	0.713946
GO:0015297	antiporter activity	MF	5	88	5.664341	0.511056
GO:0015318	inorganic molecular entity transmembrane transporter activity	MF	3	1444	2.866505	0.353036
GO:0015368	calcium:monoatomic cation antiporter activity	MF	7	7	8.195767	0.774604
GO:0015370	solute:sodium symporter activity	MF	7	49	6.249857	0.563682
GO:0015373	monoatomic anion:sodium symporter activity	MF	8	7	8.195767	0.740086
GO:0015377	chloride:monoatomic cation symporter activity	MF	8	10	7.839092	0.740086
GO:0015378	sodium:chloride symporter activity	MF	9	7	8.195767	0.761837
GO:0015385	sodium:proton antiporter activity	MF	8	17	7.308464	0.805787
GO:0015399	primary active transmembrane transporter activity	MF	4	925	3.311884	0.474926
GO:0015453	oxidoreduction-driven active transmembrane transporter activity	MF	5	811	3.443409	0.774604
GO:0015459	potassium channel regulator activity	MF	5	54	6.152693	0.805787
GO:0015464	acetylcholine receptor activity	MF	5	11	7.743782	0.924868
GO:0015485	cholesterol binding	MF	5	31	6.707690	1.000000
GO:0015556	C4-dicarboxylate transmembrane transporter activity	MF	5	20	7.145945	0.692901
GO:0015562	efflux transmembrane transporter activity	MF	3	23	7.006183	0.740086
GO:0015605	organophosphate ester transmembrane transporter activity	MF	3	34	6.615317	0.552649
GO:0015631	tubulin binding	MF	4	205	4.818667	0.774604
GO:0015645	fatty acid ligase activity	MF	5	22	7.050635	0.706467
GO:0015651	quaternary ammonium group transmembrane transporter activity	MF	4	15	7.433627	0.699472
GO:0015662	P-type ion transporter activity	MF	7	46	6.313036	0.680845
GO:0015923	mannosidase activity	MF	5	23	7.006183	0.699472
GO:0015925	galactosidase activity	MF	5	50	6.229654	0.750417
GO:0015926	glucosidase activity	MF	5	80	5.759651	0.605713
GO:0015929	hexosaminidase activity	MF	5	52	6.190434	0.730654
GO:0015932	nucleobase-containing compound transmembrane transporter activity	MF	3	29	6.774382	0.547527
GO:0016209	antioxidant activity	MF	1	308	4.411578	0.627781
GO:0016229	steroid dehydrogenase activity	MF	3	36	6.558158	0.608603
GO:0016247	channel regulator activity	MF	3	160	5.066504	0.692901
GO:0016248	channel inhibitor activity	MF	4	112	5.423178	0.761837
GO:0016251	RNA polymerase II general transcription initiation factor activity	MF	2	2	9.448530	1.000000
GO:0016273	arginine N-methyltransferase activity	MF	6	37	6.530759	0.721978
GO:0016274	protein-arginine N-methyltransferase activity	MF	7	37	6.530759	0.730654
GO:0016278	lysine N-methyltransferase activity	MF	6	21	7.097155	0.627781
GO:0016279	protein-lysine N-methyltransferase activity	MF	7	20	7.145945	0.631335
GO:0016289	acyl-CoA hydrolase activity	MF	5	13	7.576728	0.699472
GO:0016298	lipase activity	MF	4	259	4.584849	0.611573
GO:0016301	kinase activity	MF	4	1115	3.125068	0.365665
GO:0016405	CoA-ligase activity	MF	4	57	6.098626	0.592314
GO:0016407	acetyltransferase activity	MF	5	196	4.863563	0.490503
GO:0016408	C-acyltransferase activity	MF	5	34	6.615317	0.721978
GO:0016409	palmitoyltransferase activity	MF	5	35	6.586329	0.761837
GO:0016410	N-acyltransferase activity	MF	5	115	5.396745	0.484746
GO:0016411	acylglycerol O-acyltransferase activity	MF	6	25	6.922802	0.805787
GO:0016413	O-acetyltransferase activity	MF	6	70	5.893182	0.638814
GO:0016417	S-acyltransferase activity	MF	5	15	7.433627	0.686705
GO:0016462	pyrophosphatase activity	MF	5	465	3.999640	0.500834
GO:0016491	oxidoreductase activity	MF	2	2746	2.223777	0.185451
GO:0016500	protein-hormone receptor activity	MF	3	30	6.740480	0.750417
GO:0016504	peptidase activator activity	MF	4	15	7.433627	0.805787
GO:0016538	cyclin-dependent protein serine/threonine kinase regulator activity	MF	6	11	7.743782	0.880919
GO:0016597	amino acid binding	MF	2	36	6.558158	0.721978
GO:0016614	oxidoreductase activity, acting on CH-OH group of donors	MF	3	486	3.955469	0.334482
GO:0016615	malate dehydrogenase activity	MF	4	11	7.743782	0.774604
GO:0016616	oxidoreductase activity, acting on the CH-OH group of donors, NAD or NADP as acceptor	MF	4	437	4.061744	0.359020
GO:0016620	oxidoreductase activity, acting on the aldehyde or oxo group of donors, NAD or NADP as acceptor	MF	4	248	4.628249	0.517182
GO:0016627	oxidoreductase activity, acting on the CH-CH group of donors	MF	3	190	4.894653	0.441421
GO:0016628	oxidoreductase activity, acting on the CH-CH group of donors, NAD or NADP as acceptor	MF	4	101	5.526557	0.493500
GO:0016638	oxidoreductase activity, acting on the CH-NH2 group of donors	MF	3	114	5.405479	0.554412
GO:0016641	oxidoreductase activity, acting on the CH-NH2 group of donors, oxygen as acceptor	MF	4	63	5.998543	0.664954
GO:0016645	oxidoreductase activity, acting on the CH-NH group of donors	MF	3	79	5.772229	0.513465
GO:0016646	oxidoreductase activity, acting on the CH-NH group of donors, NAD or NADP as acceptor	MF	4	50	6.229654	0.585004
GO:0016651	oxidoreductase activity, acting on NAD(P)H	MF	3	125	5.313364	0.624340
GO:0016655	oxidoreductase activity, acting on NAD(P)H, quinone or similar compound as acceptor	MF	4	37	6.530759	0.750417
GO:0016661	oxidoreductase activity, acting on other nitrogenous compounds as donors	MF	3	160	5.066504	0.602897
GO:0016667	oxidoreductase activity, acting on a sulfur group of donors	MF	3	107	5.468849	0.542637
GO:0016668	oxidoreductase activity, acting on a sulfur group of donors, NAD(P) as acceptor	MF	4	26	6.883581	0.692901
GO:0016671	oxidoreductase activity, acting on a sulfur group of donors, disulfide as acceptor	MF	4	15	7.433627	0.699472
GO:0016679	oxidoreductase activity, acting on diphenols and related substances as donors	MF	3	50	6.229654	0.706467
GO:0016682	oxidoreductase activity, acting on diphenols and related substances as donors, oxygen as acceptor	MF	4	49	6.249857	0.761837
GO:0016684	oxidoreductase activity, acting on peroxide as acceptor	MF	3	231	4.699260	0.646846
GO:0016701	oxidoreductase activity, acting on single donors with incorporation of molecular oxygen	MF	3	157	5.085432	0.507540
GO:0016702	oxidoreductase activity, acting on single donors with incorporation of molecular oxygen, incorporation of two atoms of oxygen	MF	4	147	5.151245	0.537957
GO:0016705	oxidoreductase activity, acting on paired donors, with incorporation or reduction of molecular oxygen	MF	3	530	3.868800	0.329461
GO:0016706	2-oxoglutarate-dependent dioxygenase activity	MF	4	85	5.699026	0.545872
GO:0016709	oxidoreductase activity, acting on paired donors, with incorporation or reduction of molecular oxygen, NAD(P)H as one donor, and incorporation of one atom of oxygen	MF	4	130	5.274143	0.441421
GO:0016712	oxidoreductase activity, acting on paired donors, with incorporation or reduction of molecular oxygen, reduced flavin or flavoprotein as one donor, and incorporation of one atom of oxygen	MF	4	113	5.414290	0.526384
GO:0016713	oxidoreductase activity, acting on paired donors, with incorporation or reduction of molecular oxygen, reduced iron-sulfur protein as one donor, and incorporation of one atom of oxygen	MF	4	28	6.809473	0.686705
GO:0016717	oxidoreductase activity, acting on paired donors, with oxidation of a pair of donors resulting in the reduction of molecular oxygen to two molecules of water	MF	4	52	6.190434	0.605713
GO:0016721	oxidoreductase activity, acting on superoxide radicals as acceptor	MF	3	55	6.134344	0.880919
GO:0016722	oxidoreductase activity, acting on metal ions	MF	3	19	7.197238	0.721978
GO:0016725	oxidoreductase activity, acting on CH or CH2 groups	MF	3	30	6.740480	0.600153
GO:0016740	transferase activity	MF	2	3805	1.897606	0.166083
GO:0016741	transferase activity, transferring one-carbon groups	MF	3	385	4.188434	0.349223
GO:0016742	hydroxymethyl-, formyl- and related transferase activity	MF	4	15	7.433627	0.730654
GO:0016744	transketolase or transaldolase activity	MF	3	214	4.775701	0.740086
GO:0016746	acyltransferase activity	MF	3	727	3.552751	0.337803
GO:0016747	acyltransferase activity, transferring groups other than amino-acyl groups	MF	4	470	3.988945	0.359607
GO:0016755	aminoacyltransferase activity	MF	4	193	4.878987	0.547527
GO:0016757	glycosyltransferase activity	MF	3	513	3.901401	0.340239
GO:0016758	hexosyltransferase activity	MF	4	377	4.209432	0.367550
GO:0016763	pentosyltransferase activity	MF	4	65	5.967290	0.530581
GO:0016765	transferase activity, transferring alkyl or aryl (other than methyl) groups	MF	3	257	4.592601	0.497630
GO:0016769	transferase activity, transferring nitrogenous groups	MF	3	114	5.405479	0.499755
GO:0016772	transferase activity, transferring phosphorus-containing groups	MF	3	1478	2.843232	0.311990
GO:0016773	phosphotransferase activity, alcohol group as acceptor	MF	4	979	3.255146	0.377849
GO:0016775	phosphotransferase activity, nitrogenous group as acceptor	MF	4	99	5.546557	0.692901
GO:0016776	phosphotransferase activity, phosphate group as acceptor	MF	4	50	6.229654	0.592314
GO:0016779	nucleotidyltransferase activity	MF	4	266	4.558181	0.494518
GO:0016780	phosphotransferase activity, for other substituted phosphate groups	MF	4	54	6.152693	0.582672
GO:0016782	transferase activity, transferring sulphur-containing groups	MF	3	111	5.432147	0.501923
GO:0016783	sulfurtransferase activity	MF	4	79	5.772229	0.699472
GO:0016787	hydrolase activity	MF	2	3212	2.067028	0.223733
GO:0016788	hydrolase activity, acting on ester bonds	MF	3	1079	3.157887	0.331942
GO:0016790	thiolester hydrolase activity	MF	4	21	7.097155	0.655522
GO:0016791	phosphatase activity	MF	5	345	4.298133	0.444600
GO:0016798	hydrolase activity, acting on glycosyl bonds	MF	3	631	3.694371	0.396433
GO:0016799	hydrolase activity, hydrolyzing N-glycosyl compounds	MF	4	71	5.878997	0.556203
GO:0016810	hydrolase activity, acting on carbon-nitrogen (but not peptide) bonds	MF	3	295	4.454702	0.390007
GO:0016811	hydrolase activity, acting on carbon-nitrogen (but not peptide) bonds, in linear amides	MF	4	174	4.982622	0.465922
GO:0016812	hydrolase activity, acting on carbon-nitrogen (but not peptide) bonds, in cyclic amides	MF	4	34	6.615317	0.669996
GO:0016813	hydrolase activity, acting on carbon-nitrogen (but not peptide) bonds, in linear amidines	MF	4	16	7.369089	0.602897
GO:0016814	hydrolase activity, acting on carbon-nitrogen (but not peptide) bonds, in cyclic amidines	MF	4	44	6.357488	0.585004
GO:0016817	hydrolase activity, acting on acid anhydrides	MF	3	468	3.993209	0.486631
GO:0016818	hydrolase activity, acting on acid anhydrides, in phosphorus-containing anhydrides	MF	4	468	3.993209	0.490503
GO:0016829	lyase activity	MF	2	988	3.245995	0.315658
GO:0016830	carbon-carbon lyase activity	MF	3	220	4.748050	0.431261
GO:0016831	carboxy-lyase activity	MF	4	115	5.396745	0.497630
GO:0016832	aldehyde-lyase activity	MF	4	48	6.270476	0.580390
GO:0016833	oxo-acid-lyase activity	MF	4	47	6.291530	0.646846
GO:0016835	carbon-oxygen lyase activity	MF	3	624	3.705527	0.400221
GO:0016836	hydro-lyase activity	MF	4	290	4.471796	0.478395
GO:0016837	carbon-oxygen lyase activity, acting on polysaccharides	MF	4	89	5.653041	0.631335
GO:0016838	carbon-oxygen lyase activity, acting on phosphates	MF	4	229	4.707955	0.509872
GO:0016840	carbon-nitrogen lyase activity	MF	3	48	6.270476	0.602897
GO:0016841	ammonia-lyase activity	MF	4	35	6.586329	0.664954
GO:0016846	carbon-sulfur lyase activity	MF	3	44	6.357488	0.627781
GO:0016849	phosphorus-oxygen lyase activity	MF	3	31	6.707690	0.692901
GO:0016853	isomerase activity	MF	2	689	3.606436	0.387693
GO:0016854	racemase and epimerase activity	MF	3	80	5.759651	0.550915
GO:0016857	racemase and epimerase activity, acting on carbohydrates and derivatives	MF	4	30	6.740480	0.642756
GO:0016859	cis-trans isomerase activity	MF	3	69	5.907571	0.699472
GO:0016860	intramolecular oxidoreductase activity	MF	3	126	5.305395	0.542637
GO:0016861	intramolecular oxidoreductase activity, interconverting aldoses and ketoses	MF	4	46	6.313036	0.635010
GO:0016863	intramolecular oxidoreductase activity, transposing C=C bonds	MF	4	22	7.050635	0.680845
GO:0016864	intramolecular oxidoreductase activity, transposing S-S bonds	MF	4	16	7.369089	0.924868
GO:0016866	intramolecular transferase activity	MF	3	104	5.497286	0.526384
GO:0016868	intramolecular phosphotransferase activity	MF	4	21	7.097155	0.730654
GO:0016874	ligase activity	MF	2	399	4.152716	0.405939
GO:0016875	ligase activity, forming carbon-oxygen bonds	MF	3	143	5.178833	0.635010
GO:0016877	ligase activity, forming carbon-sulfur bonds	MF	3	72	5.865011	0.537957
GO:0016878	acid-thiol ligase activity	MF	4	55	6.134344	0.571714
GO:0016879	ligase activity, forming carbon-nitrogen bonds	MF	3	122	5.337656	0.484746
GO:0016881	acid-amino acid ligase activity	MF	4	56	6.116326	0.563682
GO:0016887	ATP hydrolysis activity	MF	7	139	5.207203	1.000000
GO:0016891	RNA endonuclease activity producing 5'-phosphomonoesters, hydrolytic mechanism	MF	6	29	6.774382	0.699472
GO:0016895	DNA exonuclease activity, producing 5'-phosphomonoesters	MF	6	21	7.097155	0.730654
GO:0016896	RNA exonuclease activity, producing 5'-phosphomonoesters	MF	6	23	7.006183	0.761837
GO:0016903	oxidoreductase activity, acting on the aldehyde or oxo group of donors	MF	3	300	4.437895	0.475783
GO:0016922	nuclear receptor binding	MF	6	30	6.740480	0.740086
GO:0017022	myosin binding	MF	4	7	8.195767	0.664954
GO:0017025	TBP-class protein binding	MF	5	3	9.043065	1.000000
GO:0017046	peptide hormone binding	MF	3	64	5.982794	0.721978
GO:0017056	structural constituent of nuclear pore	MF	2	3	9.043065	1.000000
GO:0017069	snRNA binding	MF	4	25	6.922802	0.692901
GO:0017076	purine nucleotide binding	MF	5	861	3.383583	0.605713
GO:0017080	sodium channel regulator activity	MF	5	50	6.229654	0.924868
GO:0017111	ribonucleoside triphosphate phosphatase activity	MF	6	403	4.142741	0.740086
GO:0017124	SH3 domain binding	MF	4	14	7.502620	1.000000
GO:0017147	Wnt-protein binding	MF	3	23	7.006183	1.000000
GO:0017171	serine hydrolase activity	MF	3	158	5.079082	0.761837
GO:0018455	alcohol dehydrogenase [NAD(P)+] activity	MF	5	86	5.687330	0.642756
GO:0019001	guanyl nucleotide binding	MF	6	162	5.054081	0.713946
GO:0019003	GDP binding	MF	8	38	6.504091	1.000000
GO:0019104	DNA N-glycosylase activity	MF	5	20	7.145945	0.642756
GO:0019199	transmembrane receptor protein kinase activity	MF	6	80	5.759651	0.627781
GO:0019200	carbohydrate kinase activity	MF	5	60	6.047333	0.638814
GO:0019203	carbohydrate phosphatase activity	MF	6	35	6.586329	0.713946
GO:0019205	nucleobase-containing compound kinase activity	MF	5	66	5.952023	0.614627
GO:0019207	kinase regulator activity	MF	3	88	5.664341	0.624340
GO:0019208	phosphatase regulator activity	MF	3	31	6.707690	0.740086
GO:0019209	kinase activator activity	MF	4	43	6.380477	0.761837
GO:0019210	kinase inhibitor activity	MF	4	34	6.615317	0.750417
GO:0019211	phosphatase activator activity	MF	4	16	7.369089	0.880919
GO:0019212	phosphatase inhibitor activity	MF	4	6	8.349918	0.849736
GO:0019213	deacetylase activity	MF	3	45	6.335015	0.589822
GO:0019239	deaminase activity	MF	4	49	6.249857	0.600153
GO:0019783	ubiquitin-like protein peptidase activity	MF	4	85	5.699026	0.675285
GO:0019787	ubiquitin-like protein transferase activity	MF	5	171	5.000014	0.578155
GO:0019789	SUMO transferase activity	MF	6	5	8.532239	0.849736
GO:0019825	oxygen binding	MF	3	66	5.952023	1.000000
GO:0019829	ATPase-coupled monoatomic cation transmembrane transporter activity	MF	6	55	6.134344	0.642756
GO:0019838	growth factor binding	MF	3	146	5.158071	0.642756
GO:0019840	isoprenoid binding	MF	3	124	5.321396	0.721978
GO:0019842	vitamin binding	MF	3	265	4.561948	0.660136
GO:0019843	rRNA binding	MF	4	28	6.809473	0.740086
GO:0019863	IgE binding	MF	4	44	6.357488	1.000000
GO:0019865	immunoglobulin binding	MF	3	60	6.047333	0.789078
GO:0019887	protein kinase regulator activity	MF	4	79	5.772229	0.660136
GO:0019888	protein phosphatase regulator activity	MF	4	21	7.097155	0.789078
GO:0019894	kinesin binding	MF	4	2	9.448530	1.000000
GO:0019899	enzyme binding	MF	3	358	4.261144	0.537957
GO:0019900	kinase binding	MF	4	64	5.982794	0.686705
GO:0019901	protein kinase binding	MF	5	58	6.081234	0.699472
GO:0019902	phosphatase binding	MF	4	53	6.171385	0.805787
GO:0019903	protein phosphatase binding	MF	5	42	6.404008	0.825549
GO:0019904	protein domain specific binding	MF	3	186	4.915931	0.525021
GO:0019905	syntaxin binding	MF	4	3	9.043065	0.880919
GO:0019914	cyclin-dependent protein kinase regulator activity	MF	5	11	7.743782	0.849736
GO:0019955	cytokine binding	MF	3	170	5.005879	0.561763
GO:0019956	chemokine binding	MF	4	44	6.357488	0.740086
GO:0020037	heme binding	MF	3	265	4.561948	1.000000
GO:0022803	passive transmembrane transporter activity	MF	3	462	4.006112	0.434152
GO:0022804	active transmembrane transporter activity	MF	3	1133	3.109053	0.343236
GO:0022824	transmitter-gated monoatomic ion channel activity	MF	9	37	6.530759	0.721978
GO:0022829	wide pore channel activity	MF	5	33	6.645170	0.686705
GO:0022832	voltage-gated channel activity	MF	6	121	5.345887	0.600153
GO:0022834	ligand-gated channel activity	MF	6	114	5.405479	0.529164
GO:0022835	transmitter-gated channel activity	MF	7	37	6.530759	0.713946
GO:0022836	gated channel activity	MF	5	225	4.725577	0.474926
GO:0022839	monoatomic ion-gated channel activity	MF	7	2	9.448530	0.774604
GO:0022843	voltage-gated monoatomic cation channel activity	MF	8	84	5.710861	0.624340
GO:0022848	acetylcholine-gated monoatomic cation-selective channel activity	MF	11	10	7.839092	1.000000
GO:0022853	active monoatomic ion transmembrane transporter activity	MF	5	866	3.377792	0.617769
GO:0022857	transmembrane transporter activity	MF	2	1960	2.560978	0.248574
GO:0022884	macromolecule transmembrane transporter activity	MF	3	27	6.845840	0.655522
GO:0022890	inorganic cation transmembrane transporter activity	MF	4	1284	2.983942	0.378198
GO:0030145	manganese ion binding	MF	7	153	5.111239	1.000000
GO:0030159	signaling receptor complex adaptor activity	MF	4	10	7.839092	0.880919
GO:0030165	PDZ domain binding	MF	4	24	6.963624	1.000000
GO:0030170	pyridoxal phosphate binding	MF	5	106	5.478238	1.000000
GO:0030234	enzyme regulator activity	MF	2	577	3.783835	0.444600
GO:0030246	carbohydrate binding	MF	2	228	4.712332	0.582672
GO:0030247	polysaccharide binding	MF	3	66	5.952023	0.664954
GO:0030276	clathrin binding	MF	3	3	9.043065	0.880919
GO:0030291	protein serine/threonine kinase inhibitor activity	MF	6	11	7.743782	0.825549
GO:0030295	protein kinase activator activity	MF	5	36	6.558158	0.789078
GO:0030331	nuclear estrogen receptor binding	MF	7	10	7.839092	1.000000
GO:0030332	cyclin binding	MF	3	4	8.755383	1.000000
GO:0030371	translation repressor activity	MF	2	16	7.369089	0.849736
GO:0030414	peptidase inhibitor activity	MF	4	210	4.794570	0.774604
GO:0030515	snoRNA binding	MF	4	11	7.743782	0.849736
GO:0030544	Hsp70 protein binding	MF	4	20	7.145945	1.000000
GO:0030545	signaling receptor regulator activity	MF	2	380	4.201506	0.573819
GO:0030546	signaling receptor activator activity	MF	3	353	4.275209	0.605713
GO:0030547	signaling receptor inhibitor activity	MF	3	23	7.006183	0.750417
GO:0030551	cyclic nucleotide binding	MF	5	42	6.404008	0.774604
GO:0030554	adenyl nucleotide binding	MF	6	712	3.573599	0.675285
GO:0030594	neurotransmitter receptor activity	MF	3	47	6.291530	0.631335
GO:0030674	protein-macromolecule adaptor activity	MF	2	364	4.244523	0.493500
GO:0030695	GTPase regulator activity	MF	4	94	5.598383	0.774604
GO:0030971	receptor tyrosine kinase binding	MF	7	3	9.043065	0.924868
GO:0031072	heat shock protein binding	MF	3	38	6.504091	0.849736
GO:0031267	small GTPase binding	MF	5	26	6.883581	1.000000
GO:0031369	translation initiation factor binding	MF	3	138	5.214424	0.849736
GO:0031406	carboxylic acid binding	MF	5	127	5.297490	0.550915
GO:0031420	alkali metal ion binding	MF	6	39	6.478116	0.849736
GO:0031490	chromatin DNA binding	MF	4	62	6.014543	0.805787
GO:0031491	nucleosome binding	MF	3	20	7.145945	0.880919
GO:0031593	polyubiquitin modification-dependent protein binding	MF	4	16	7.369089	0.825549
GO:0031625	ubiquitin protein ligase binding	MF	5	15	7.433627	1.000000
GO:0032036	myosin heavy chain binding	MF	5	1	10.141677	0.730654
GO:0032182	ubiquitin-like protein binding	MF	3	23	7.006183	0.825549
GO:0032183	SUMO binding	MF	4	3	9.043065	0.924868
GO:0032266	phosphatidylinositol-3-phosphate binding	MF	6	11	7.743782	1.000000
GO:0032451	demethylase activity	MF	2	37	6.530759	0.624340
GO:0032452	histone demethylase activity	MF	4	24	6.963624	0.680845
GO:0032553	ribonucleotide binding	MF	5	517	3.893634	0.646846
GO:0032555	purine ribonucleotide binding	MF	6	477	3.974161	0.675285
GO:0032559	adenyl ribonucleotide binding	MF	7	329	4.345620	0.761837
GO:0032561	guanyl ribonucleotide binding	MF	7	160	5.066504	0.761837
GO:0032813	tumor necrosis factor receptor superfamily binding	MF	5	9	7.944453	0.805787
GO:0032934	sterol binding	MF	4	73	5.851218	0.849736
GO:0033218	amide binding	MF	2	189	4.899930	0.575966
GO:0033293	monocarboxylic acid binding	MF	6	68	5.922170	0.631335
GO:0033558	protein lysine deacetylase activity	MF	4	16	7.369089	0.675285
GO:0033612	receptor serine/threonine kinase binding	MF	4	28	6.809473	0.805787
GO:0033764	steroid dehydrogenase activity, acting on the CH-OH group of donors, NAD or NADP as acceptor	MF	5	23	7.006183	0.627781
GO:0034061	DNA polymerase activity	MF	5	36	6.558158	0.825549
GO:0034062	5'-3' RNA polymerase activity	MF	6	58	6.081234	0.880919
GO:0034212	protein N-acetyltransferase activity	MF	7	25	6.922802	0.617769
GO:0034593	phosphatidylinositol bisphosphate phosphatase activity	MF	7	3	9.043065	0.750417
GO:0035091	phosphatidylinositol binding	MF	4	85	5.699026	0.730654
GO:0035173	histone kinase activity	MF	6	6	8.349918	0.646846
GO:0035198	miRNA binding	MF	5	12	7.656771	0.924868
GO:0035250	UDP-galactosyltransferase activity	MF	6	11	7.743782	0.631335
GO:0035251	UDP-glucosyltransferase activity	MF	6	77	5.797872	0.525021
GO:0035254	glutamate receptor binding	MF	4	2	9.448530	0.740086
GO:0035255	ionotropic glutamate receptor binding	MF	5	0		1.000000
GO:0035591	signaling adaptor activity	MF	3	17	7.308464	0.805787
GO:0035639	purine ribonucleoside triphosphate binding	MF	5	393	4.167868	0.825549
GO:0035673	oligopeptide transmembrane transporter activity	MF	4	19	7.197238	0.750417
GO:0035925	mRNA 3'-UTR AU-rich region binding	MF	6	5	8.532239	1.000000
GO:0036002	pre-mRNA binding	MF	4	15	7.433627	0.789078
GO:0036094	small molecule binding	MF	2	3812	1.895768	0.381752
GO:0038023	signaling receptor activity	MF	2	850	3.396441	0.352208
GO:0038024	cargo receptor activity	MF	1	12	7.656771	0.686705
GO:0038187	pattern recognition receptor activity	MF	3	53	6.171385	0.789078
GO:0042054	histone methyltransferase activity	MF	6	41	6.428105	0.597476
GO:0042056	chemoattractant activity	MF	5	35	6.586329	0.924868
GO:0042162	telomeric DNA binding	MF	5	30	6.740480	0.789078
GO:0042169	SH2 domain binding	MF	4	10	7.839092	1.000000
GO:0042277	peptide binding	MF	2	124	5.321396	0.660136
GO:0042301	phosphate ion binding	MF	5	16	7.369089	1.000000
GO:0042379	chemokine receptor binding	MF	5	54	6.152693	0.655522
GO:0042393	histone binding	MF	3	22	7.050635	1.000000
GO:0042562	hormone binding	MF	2	164	5.041811	0.617769
GO:0042578	phosphoric ester hydrolase activity	MF	4	489	3.949315	0.408684
GO:0042625	ATPase-coupled ion transmembrane transporter activity	MF	6	5	8.532239	0.805787
GO:0042626	ATPase-coupled transmembrane transporter activity	MF	5	112	5.423178	0.488550
GO:0042802	identical protein binding	MF	3	2355	2.377381	0.924868
GO:0042803	protein homodimerization activity	MF	4	1258	3.004399	1.000000
GO:0042805	actinin binding	MF	4	83	5.722837	0.880919
GO:0042826	histone deacetylase binding	MF	4	3	9.043065	1.000000
GO:0042834	peptidoglycan binding	MF	4	11	7.743782	1.000000
GO:0042887	amide transmembrane transporter activity	MF	3	45	6.335015	0.575966
GO:0042910	xenobiotic transmembrane transporter activity	MF	3	17	7.308464	0.750417
GO:0043015	gamma-tubulin binding	MF	5	10	7.839092	1.000000
GO:0043021	ribonucleoprotein complex binding	MF	3	68	5.922170	0.699472
GO:0043022	ribosome binding	MF	4	57	6.098626	0.805787
GO:0043130	ubiquitin binding	MF	4	20	7.145945	0.924868
GO:0043138	3'-5' DNA helicase activity	MF	7	16	7.369089	0.924868
GO:0043167	ion binding	MF	3	3075	2.110617	0.430126
GO:0043168	anion binding	MF	4	1271	2.994118	0.460559
GO:0043169	cation binding	MF	4	2103	2.490557	0.565635
GO:0043175	RNA polymerase core enzyme binding	MF	5	15	7.433627	0.740086
GO:0043177	organic acid binding	MF	3	130	5.274143	0.544242
GO:0043178	alcohol binding	MF	3	91	5.630818	0.686705
GO:0043236	laminin binding	MF	3	8	8.062236	0.880919
GO:0043394	proteoglycan binding	MF	3	44	6.357488	0.849736
GO:0043425	bHLH transcription factor binding	MF	5	1	10.141677	0.924868
GO:0043495	protein-membrane adaptor activity	MF	3	8	8.062236	0.655522
GO:0043531	ADP binding	MF	8	15	7.433627	1.000000
GO:0043539	protein serine/threonine kinase activator activity	MF	6	21	7.097155	0.880919
GO:0043548	phosphatidylinositol 3-kinase binding	MF	3	12	7.656771	0.880919
GO:0043565	sequence-specific DNA binding	MF	4	806	3.449594	0.550915
GO:0044183	protein folding chaperone	MF	1	38	6.504091	0.924868
GO:0044325	transmembrane transporter binding	MF	3	12	7.656771	1.000000
GO:0044389	ubiquitin-like protein ligase binding	MF	4	17	7.308464	0.924868
GO:0044390	ubiquitin-like protein conjugating enzyme binding	MF	4	0		0.924868
GO:0044769	ATPase activity, coupled to transmembrane movement of ions, rotational mechanism	MF	7	5	8.532239	0.880919
GO:0044877	protein-containing complex binding	MF	2	480	3.967891	0.489522
GO:0045182	translation regulator activity	MF	1	22	7.050635	0.805787
GO:0045296	cadherin binding	MF	4	12	7.656771	0.924868
GO:0045309	protein phosphorylated amino acid binding	MF	4	5	8.532239	0.825549
GO:0046332	SMAD binding	MF	3	15	7.433627	0.849736
GO:0046527	glucosyltransferase activity	MF	5	115	5.396745	0.495545
GO:0046812	host cell surface binding	MF	2	39	6.478116	0.924868
GO:0046872	metal ion binding	MF	5	1966	2.557921	0.642756
GO:0046873	metal ion transmembrane transporter activity	MF	5	340	4.312732	0.416361
GO:0046875	ephrin receptor binding	MF	4	0		1.000000
GO:0046906	tetrapyrrole binding	MF	2	283	4.496230	0.805787
GO:0046912	acyltransferase activity, acyl groups converted into alkyl on transfer	MF	4	41	6.428105	0.699472
GO:0046914	transition metal ion binding	MF	6	1111	3.128662	0.706467
GO:0046915	transition metal ion transmembrane transporter activity	MF	6	45	6.335015	0.594864
GO:0046943	carboxylic acid transmembrane transporter activity	MF	4	118	5.370993	0.423025
GO:0046961	proton-transporting ATPase activity, rotational mechanism	MF	8	5	8.532239	1.000000
GO:0046982	protein heterodimerization activity	MF	4	189	4.899930	1.000000
GO:0046983	protein dimerization activity	MF	3	1553	2.793734	0.880919
GO:0047372	monoacylglycerol lipase activity	MF	5	12	7.656771	1.000000
GO:0047617	fatty acyl-CoA hydrolase activity	MF	6	9	7.944453	0.805787
GO:0048018	receptor ligand activity	MF	4	352	4.278046	0.614627
GO:0048027	mRNA 5'-UTR binding	MF	5	3	9.043065	1.000000
GO:0048029	monosaccharide binding	MF	3	97	5.566966	0.750417
GO:0048030	disaccharide binding	MF	4	23	7.006183	0.825549
GO:0048306	calcium-dependent protein binding	MF	3	7	8.195767	0.924868
GO:0048487	beta-tubulin binding	MF	5	5	8.532239	1.000000
GO:0050145	nucleoside monophosphate kinase activity	MF	6	14	7.502620	0.825549
GO:0050308	sugar-phosphatase activity	MF	7	35	6.586329	0.721978
GO:0050660	flavin adenine dinucleotide binding	MF	5	185	4.921322	0.880919
GO:0050661	NADP binding	MF	7	154	5.104725	0.880919
GO:0050664	oxidoreductase activity, acting on NAD(P)H, oxygen as acceptor	MF	4	20	7.145945	0.825549
GO:0050698	proteoglycan sulfotransferase activity	MF	5	4	8.755383	0.713946
GO:0050839	cell adhesion molecule binding	MF	3	111	5.432147	0.686705
GO:0050840	extracellular matrix binding	MF	2	25	6.922802	0.774604
GO:0050897	cobalt ion binding	MF	7	30	6.740480	1.000000
GO:0050997	quaternary ammonium group binding	MF	3	75	5.824189	0.849736
GO:0051010	microtubule plus-end binding	MF	6	9	7.944453	1.000000
GO:0051015	actin filament binding	MF	5	65	5.967290	0.924868
GO:0051018	protein kinase A binding	MF	3	2	9.448530	0.880919
GO:0051020	GTPase binding	MF	4	28	6.809473	0.924868
GO:0051082	unfolded protein binding	MF	3	15	7.433627	1.000000
GO:0051087	protein-folding chaperone binding	MF	3	44	6.357488	0.924868
GO:0051117	ATPase binding	MF	4	27	6.845840	1.000000
GO:0051119	sugar transmembrane transporter activity	MF	4	64	5.982794	0.567624
GO:0051139	metal cation:proton antiporter activity	MF	7	26	6.883581	0.721978
GO:0051213	dioxygenase activity	MF	3	269	4.546966	0.447212
GO:0051219	phosphoprotein binding	MF	3	20	7.145945	0.805787
GO:0051287	NAD binding	MF	7	264	4.565728	0.880919
GO:0051427	hormone receptor binding	MF	4	31	6.707690	0.761837
GO:0051536	iron-sulfur cluster binding	MF	4	262	4.573333	0.805787
GO:0051537	2 iron, 2 sulfur cluster binding	MF	5	68	5.922170	1.000000
GO:0051539	4 iron, 4 sulfur cluster binding	MF	5	147	5.151245	1.000000
GO:0051540	metal cluster binding	MF	3	262	4.573333	0.774604
GO:0051861	glycolipid binding	MF	3	32	6.675941	0.740086
GO:0051879	Hsp90 protein binding	MF	4	19	7.197238	1.000000
GO:0051920	peroxiredoxin activity	MF	5	13	7.576728	0.849736
GO:0052689	carboxylic ester hydrolase activity	MF	4	400	4.150213	0.483816
GO:0052742	phosphatidylinositol kinase activity	MF	6	8	8.062236	0.750417
GO:0052745	inositol phosphate phosphatase activity	MF	6	14	7.502620	0.624340
GO:0052866	phosphatidylinositol phosphate phosphatase activity	MF	6	24	6.963624	0.669996
GO:0055056	D-glucose transmembrane transporter activity	MF	7	14	7.502620	0.730654
GO:0055106	ubiquitin-protein transferase regulator activity	MF	3	0		0.825549
GO:0060089	molecular transducer activity	MF	1	871	3.372035	0.350841
GO:0060090	molecular adaptor activity	MF	1	442	4.050367	0.438333
GO:0060589	nucleoside-triphosphatase regulator activity	MF	3	94	5.598383	0.761837
GO:0060590	ATPase regulator activity	MF	2	13	7.576728	0.774604
GO:0061134	peptidase regulator activity	MF	3	225	4.725577	0.699472
GO:0061135	endopeptidase regulator activity	MF	4	185	4.921322	0.761837
GO:0061629	RNA polymerase II-specific DNA-binding transcription factor binding	MF	5	70	5.893182	0.692901
GO:0061630	ubiquitin protein ligase activity	MF	7	36	6.558158	0.692901
GO:0061631	ubiquitin conjugating enzyme activity	MF	7	4	8.755383	1.000000
GO:0061650	ubiquitin-like protein conjugating enzyme activity	MF	6	7	8.195767	0.740086
GO:0061659	ubiquitin-like protein ligase activity	MF	6	41	6.428105	0.638814
GO:0061733	protein-lysine-acetyltransferase activity	MF	8	21	7.097155	0.642756
GO:0061783	peptidoglycan muralytic activity	MF	2	61	6.030803	0.750417
GO:0061980	regulatory RNA binding	MF	4	19	7.197238	0.825549
GO:0070001	aspartic-type peptidase activity	MF	4	34	6.615317	0.849736
GO:0070063	RNA polymerase binding	MF	4	24	6.963624	0.706467
GO:0070273	phosphatidylinositol-4-phosphate binding	MF	6	11	7.743782	1.000000
GO:0070279	vitamin B6 binding	MF	4	111	5.432147	0.825549
GO:0070300	phosphatidic acid binding	MF	5	6	8.349918	1.000000
GO:0070402	NADPH binding	MF	8	54	6.152693	1.000000
GO:0070403	NAD+ binding	MF	8	70	5.893182	1.000000
GO:0070492	oligosaccharide binding	MF	3	34	6.615317	0.706467
GO:0070566	adenylyltransferase activity	MF	5	61	6.030803	0.655522
GO:0070567	cytidylyltransferase activity	MF	5	37	6.530759	0.686705
GO:0070569	uridylyltransferase activity	MF	5	14	7.502620	0.730654
GO:0070717	poly-purine tract binding	MF	5	12	7.656771	0.880919
GO:0070851	growth factor receptor binding	MF	4	43	6.380477	0.631335
GO:0070888	E-box binding	MF	9	55	6.134344	1.000000
GO:0071617	lysophospholipid acyltransferase activity	MF	5	8	8.062236	0.825549
GO:0071855	neuropeptide receptor binding	MF	5	20	7.145945	0.550915
GO:0071889	14-3-3 protein binding	MF	3	12	7.656771	1.000000
GO:0071949	FAD binding	MF	6	123	5.329493	1.000000
GO:0072341	modified amino acid binding	MF	2	105	5.487717	0.774604
GO:0072349	modified amino acid transmembrane transporter activity	MF	3	15	7.433627	0.642756
GO:0080025	phosphatidylinositol-3,5-bisphosphate binding	MF	7	9	7.944453	1.000000
GO:0090482	vitamin transmembrane transporter activity	MF	3	28	6.809473	0.686705
GO:0090599	alpha-glucosidase activity	MF	6	20	7.145945	0.730654
GO:0090729	toxin activity	MF	1	203	4.828471	1.000000
GO:0097110	scaffold protein binding	MF	3	6	8.349918	1.000000
GO:0097367	carbohydrate derivative binding	MF	2	841	3.407086	0.509872
GO:0097472	cyclin-dependent protein kinase activity	MF	6	18	7.251306	0.924868
GO:0097718	disordered domain specific binding	MF	4	6	8.349918	1.000000
GO:0097747	RNA polymerase activity	MF	5	60	6.047333	0.825549
GO:0098531	ligand-modulated transcription factor activity	MF	3	120	5.354186	0.761837
GO:0098631	cell adhesion mediator activity	MF	4	11	7.743782	0.706467
GO:0098632	cell-cell adhesion mediator activity	MF	5	3	9.043065	0.774604
GO:0098772	molecular function regulator activity	MF	1	1185	3.064179	0.388075
GO:0098960	postsynaptic neurotransmitter receptor activity	MF	4	19	7.197238	0.730654
GO:0099094	ligand-gated monoatomic cation channel activity	MF	8	54	6.152693	0.600153
GO:0099095	ligand-gated monoatomic anion channel activity	MF	8	40	6.452798	0.761837
GO:0099106	ion channel regulator activity	MF	4	160	5.066504	0.713946
GO:0099529	neurotransmitter receptor activity involved in regulation of postsynaptic membrane potential	MF	5	13	7.576728	0.849736
GO:0099604	ligand-gated calcium channel activity	MF	9	12	7.656771	0.713946
GO:0101005	deubiquitinase activity	MF	5	73	5.851218	0.740086
GO:0106222	lncRNA binding	MF	4	2	9.448530	1.000000
GO:0106389	ecdysteroid 22-kinase activity	MF	5	1	10.141677	1.000000
GO:0106435	carboxylesterase activity	MF	5	18	7.251306	1.000000
GO:0120013	lipid transfer activity	MF	3	19	7.197238	0.664954
GO:0120014	phospholipid transfer activity	MF	4	10	7.839092	0.740086
GO:0120015	sterol transfer activity	MF	4	8	8.062236	0.849736
GO:0120515	fatty acid-CoA ligase activity	MF	6	21	7.097155	0.730654
GO:0120531	prenyl diphosphate synthase activity	MF	5	51	6.209852	0.692901
GO:0120543	macromolecular conformation isomerase activity	MF	3	266	4.558181	0.605713
GO:0120544	polypeptide conformation or assembly isomerase activity	MF	4	85	5.699026	0.750417
GO:0120545	nucleic acid conformation isomerase activity	MF	4	181	4.943180	0.642756
GO:0140006	histone H3 reader activity	MF	5	9	7.944453	0.675285
GO:0140030	modification-dependent protein binding	MF	3	24	6.963624	0.721978
GO:0140096	catalytic activity, acting on a protein	MF	2	1784	2.655064	0.301332
GO:0140097	catalytic activity, acting on DNA	MF	3	349	4.286605	0.457609
GO:0140098	catalytic activity, acting on RNA	MF	3	516	3.895571	0.386932
GO:0140101	catalytic activity, acting on a tRNA	MF	4	245	4.640419	0.459814
GO:0140102	catalytic activity, acting on a rRNA	MF	4	30	6.740480	0.608603
GO:0140103	catalytic activity, acting on a glycoprotein	MF	3	10	7.839092	0.675285
GO:0140104	molecular carrier activity	MF	1	177	4.965528	0.642756
GO:0140110	transcription regulator activity	MF	1	872	3.370888	0.638814
GO:0140142	nucleocytoplasmic carrier activity	MF	2	1	10.141677	0.880919
GO:0140186	protein N-acyltransferase activity	MF	6	25	6.922802	0.614627
GO:0140223	general transcription initiation factor activity	MF	1	10	7.839092	0.825549
GO:0140296	general transcription initiation factor binding	MF	4	5	8.532239	0.713946
GO:0140297	DNA-binding transcription factor binding	MF	4	207	4.808959	0.669996
GO:0140299	molecular sensor activity	MF	2	35	6.586329	0.638814
GO:0140303	intramembrane lipid transporter activity	MF	3	17	7.308464	0.664954
GO:0140311	protein sequestering activity	MF	2	54	6.152693	0.924868
GO:0140312	cargo adaptor activity	MF	3	0		0.924868
GO:0140313	molecular sequestering activity	MF	1	114	5.405479	0.740086
GO:0140318	protein transporter activity	MF	2	28	6.809473	0.740086
GO:0140326	ATPase-coupled intramembrane lipid transporter activity	MF	4	3	9.043065	0.675285
GO:0140358	P-type transmembrane transporter activity	MF	6	47	6.291530	0.675285
GO:0140359	ABC-type transporter activity	MF	6	30	6.740480	0.544242
GO:0140375	immune receptor activity	MF	3	100	5.536507	0.506393
GO:0140416	transcription regulator inhibitor activity	MF	3	8	8.062236	1.000000
GO:0140457	protein demethylase activity	MF	3	24	6.963624	0.675285
GO:0140463	chromatin-protein adaptor activity	MF	3	22	7.050635	0.592314
GO:0140517	protein-RNA adaptor activity	MF	3	11	7.743782	0.805787
GO:0140566	histone reader activity	MF	4	18	7.251306	0.597476
GO:0140597	protein carrier chaperone	MF	2	15	7.433627	0.750417
GO:0140640	catalytic activity, acting on a nucleic acid	MF	2	903	3.335955	0.339502
GO:0140657	ATP-dependent activity	MF	1	365	4.241780	0.419898
GO:0140677	molecular function activator activity	MF	2	502	3.923077	0.496582
GO:0140678	molecular function inhibitor activity	MF	2	454	4.023580	0.515929
GO:0140693	molecular condensate scaffold activity	MF	3	35	6.586329	1.000000
GO:0140713	histone chaperone activity	MF	3	2	9.448530	0.789078
GO:0140767	enzyme-substrate adaptor activity	MF	3	33	6.645170	0.880919
GO:0140828	metal cation:monoatomic cation antiporter activity	MF	6	30	6.740480	0.651098
GO:0140938	histone H3 methyltransferase activity	MF	7	28	6.809473	0.642756
GO:0140993	histone modifying activity	MF	3	107	5.468849	0.438333
GO:0141052	histone H3 demethylase activity	MF	5	23	7.006183	0.713946
GO:0141108	transporter regulator activity	MF	2	160	5.066504	0.669996
GO:0141110	transporter inhibitor activity	MF	3	112	5.423178	0.740086
GO:0160041	neuropeptide activity	MF	5	55	6.134344	0.789078
GO:0160215	deacylase activity	MF	2	64	5.982794	0.537957
GO:0170055	lipid transmembrane transporter activity	MF	3	16	7.369089	0.646846
GO:0180030	inositol phosphate kinase activity	MF	5	8	8.062236	0.627781
GO:0180051	translation factor activity	MF	1	164	5.041811	0.761837
GO:1900750	oligopeptide binding	MF	3	14	7.502620	0.880919
GO:1901265	nucleoside phosphate binding	MF	2	1084	3.153264	0.545872
GO:1901363	heterocyclic compound binding	MF	3	1245	3.014787	0.484746
GO:1901474	azole transmembrane transporter activity	MF	3	9	7.944453	0.675285
GO:1901505	carbohydrate derivative transmembrane transporter activity	MF	3	33	6.645170	0.511056
GO:1901681	sulfur compound binding	MF	2	225	4.725577	0.635010
GO:1901682	sulfur compound transmembrane transporter activity	MF	3	34	6.615317	0.578155
GO:1901981	phosphatidylinositol phosphate binding	MF	5	50	6.229654	0.774604
GO:1902936	phosphatidylinositol bisphosphate binding	MF	6	33	6.645170	0.880919
GO:1904315	transmitter-gated monoatomic ion channel activity involved in regulation of postsynaptic membrane potential	MF	10	13	7.576728	0.924868
GO:1990756	ubiquitin-like ligase-substrate adaptor activity	MF	4	24	6.963624	1.000000
GO:1990782	protein tyrosine kinase binding	MF	6	15	7.433627	0.880919
GO:1990837	sequence-specific double-stranded DNA binding	MF	5	585	3.770065	0.573819
GO:1990841	promoter-specific chromatin binding	MF	3	47	6.291530	1.000000
GO:0000018	regulation of DNA recombination	BP	8	103	5.541492	0.620832
GO:0000027	ribosomal large subunit assembly	BP	7	9	7.978996	0.891807
GO:0000028	ribosomal small subunit assembly	BP	7	23	7.040727	0.891807
GO:0000038	very long-chain fatty acid metabolic process	BP	9	19	7.231782	0.863476
GO:0000041	transition metal ion transport	BP	7	106	5.512782	0.574808
GO:0000045	autophagosome assembly	BP	7	17	7.343008	1.000000
GO:0000054	ribosomal subunit export from nucleus	BP	8	1	10.176221	0.891807
GO:0000070	mitotic sister chromatid segregation	BP	7	10	7.873636	1.000000
GO:0000075	cell cycle checkpoint signaling	BP	8	51	6.244395	0.661816
GO:0000076	DNA replication checkpoint signaling	BP	10	3	9.077609	0.891807
GO:0000077	DNA damage checkpoint signaling	BP	10	36	6.592702	0.841500
GO:0000082	G1/S transition of mitotic cell cycle	BP	5	29	6.808925	1.000000
GO:0000086	G2/M transition of mitotic cell cycle	BP	5	25	6.957345	1.000000
GO:0000096	sulfur amino acid metabolic process	BP	7	105	5.522261	0.618759
GO:0000097	sulfur amino acid biosynthetic process	BP	8	74	5.872156	0.700171
GO:0000103	sulfate assimilation	BP	4	12	7.691314	0.863476
GO:0000122	negative regulation of transcription by RNA polymerase II	BP	11	180	4.983264	0.747400
GO:0000132	establishment of mitotic spindle orientation	BP	9	9	7.978996	0.931738
GO:0000154	rRNA modification	BP	9	19	7.231782	0.755283
GO:0000160	phosphorelay signal transduction system	BP	6	42	6.438551	0.841500
GO:0000165	MAPK cascade	BP	7	66	5.986566	0.783614
GO:0000184	nuclear-transcribed mRNA catabolic process, nonsense-mediated decay	BP	11	29	6.808925	0.891807
GO:0000209	protein polyubiquitination	BP	10	91	5.665361	0.773238
GO:0000212	meiotic spindle organization	BP	8	21	7.131699	0.763852
GO:0000226	microtubule cytoskeleton organization	BP	6	198	4.887954	0.573504
GO:0000270	peptidoglycan metabolic process	BP	6	21	7.131699	0.841500
GO:0000271	polysaccharide biosynthetic process	BP	6	136	5.263566	0.603578
GO:0000272	polysaccharide catabolic process	BP	6	343	4.338491	0.625115
GO:0000278	mitotic cell cycle	BP	3	25	6.957345	0.808364
GO:0000280	nuclear division	BP	6	54	6.187237	0.740102
GO:0000281	mitotic cytokinesis	BP	5	18	7.285849	0.931738
GO:0000282	cellular bud site selection	BP	4	0		0.891807
GO:0000289	nuclear-transcribed mRNA poly(A) tail shortening	BP	11	2	9.483074	1.000000
GO:0000302	response to reactive oxygen species	BP	4	131	5.301024	0.747400
GO:0000338	protein deneddylation	BP	9	21	7.131699	1.000000
GO:0000375	RNA splicing, via transesterification reactions	BP	6	96	5.611873	0.747400
GO:0000377	RNA splicing, via transesterification reactions with bulged adenosine as nucleophile	BP	7	89	5.687585	0.773238
GO:0000380	alternative mRNA splicing, via spliceosome	BP	10	7	8.230311	0.931738
GO:0000381	regulation of alternative mRNA splicing, via spliceosome	BP	11	23	7.040727	1.000000
GO:0000387	spliceosomal snRNP assembly	BP	7	27	6.880384	0.931738
GO:0000398	mRNA splicing, via spliceosome	BP	9	82	5.769502	0.808364
GO:0000422	autophagy of mitochondrion	BP	5	14	7.537164	0.823545
GO:0000423	mitophagy	BP	6	8	8.096779	0.891807
GO:0000447	endonucleolytic cleavage in ITS1 to separate SSU-rRNA from 5.8S rRNA and LSU-rRNA from tricistronic rRNA transcript (SSU-rRNA, 5.8S rRNA, LSU-rRNA)	BP	10	0		1.000000
GO:0000462	maturation of SSU-rRNA from tricistronic rRNA transcript (SSU-rRNA, 5.8S rRNA, LSU-rRNA)	BP	10	0		1.000000
GO:0000470	maturation of LSU-rRNA	BP	9	30	6.775024	0.841500
GO:0000479	endonucleolytic cleavage of tricistronic rRNA transcript (SSU-rRNA, 5.8S rRNA, LSU-rRNA)	BP	9	1	10.176221	0.795214
GO:0000578	embryonic axis specification	BP	4	0		0.783614
GO:0000722	telomere maintenance via recombination	BP	9	2	9.483074	0.931738
GO:0000723	telomere maintenance	BP	7	44	6.392031	0.726952
GO:0000724	double-strand break repair via homologous recombination	BP	9	32	6.710485	0.841500
GO:0000725	recombinational repair	BP	8	33	6.679713	0.783614
GO:0000729	DNA double-strand break processing	BP	7	4	8.789927	0.823545
GO:0000731	DNA synthesis involved in DNA repair	BP	8	19	7.231782	0.773238
GO:0000741	karyogamy	BP	6	0		0.841500
GO:0000768	syncytium formation by plasma membrane fusion	BP	4	16	7.403632	0.841500
GO:0000819	sister chromatid segregation	BP	6	12	7.691314	0.891807
GO:0000902	cell morphogenesis	BP	3	258	4.623261	0.627328
GO:0000910	cytokinesis	BP	3	20	7.180489	0.740102
GO:0000912	assembly of actomyosin apparatus involved in cytokinesis	BP	5	3	9.077609	0.841500
GO:0000915	actomyosin contractile ring assembly	BP	9	3	9.077609	0.931738
GO:0000956	nuclear-transcribed mRNA catabolic process	BP	10	44	6.392031	0.715352
GO:0000959	mitochondrial RNA metabolic process	BP	7	20	7.180489	0.622950
GO:0000963	mitochondrial RNA processing	BP	7	12	7.691314	0.715352
GO:0000966	RNA 5'-end processing	BP	5	36	6.592702	0.726952
GO:0001101	response to acid chemical	BP	3	162	5.088625	0.603578
GO:0001501	skeletal system development	BP	4	19	7.231782	0.891807
GO:0001503	ossification	BP	2	16	7.403632	0.763852
GO:0001504	neurotransmitter uptake	BP	5	2	9.483074	0.783614
GO:0001508	action potential	BP	4	8	8.096779	0.733308
GO:0001510	RNA methylation	BP	8	49	6.284401	0.671840
GO:0001522	pseudouridine synthesis	BP	8	6	8.384461	0.795214
GO:0001523	retinoid metabolic process	BP	8	41	6.462649	0.763852
GO:0001525	angiogenesis	BP	3	75	5.858733	0.783614
GO:0001539	cilium or flagellum-dependent cell motility	BP	3	110	5.475741	0.795214
GO:0001541	ovarian follicle development	BP	3	27	6.880384	1.000000
GO:0001556	oocyte maturation	BP	5	4	8.789927	1.000000
GO:0001558	regulation of cell growth	BP	5	276	4.555820	0.583019
GO:0001562	response to protozoan	BP	5	18	7.285849	0.863476
GO:0001568	blood vessel development	BP	3	6	8.384461	0.755283
GO:0001569	branching involved in blood vessel morphogenesis	BP	7	1	10.176221	1.000000
GO:0001570	vasculogenesis	BP	4	17	7.343008	0.891807
GO:0001578	microtubule bundle formation	BP	7	41	6.462649	0.841500
GO:0001649	osteoblast differentiation	BP	4	37	6.565303	1.000000
GO:0001654	eye development	BP	5	79	5.806773	0.823545
GO:0001658	branching involved in ureteric bud morphogenesis	BP	7	17	7.343008	1.000000
GO:0001659	temperature homeostasis	BP	3	17	7.343008	0.808364
GO:0001662	behavioral fear response	BP	5	7	8.230311	1.000000
GO:0001666	response to hypoxia	BP	5	192	4.918726	0.808364
GO:0001667	ameboidal-type cell migration	BP	4	12	7.691314	0.625115
GO:0001676	long-chain fatty acid metabolic process	BP	9	100	5.571051	0.658690
GO:0001678	intracellular glucose homeostasis	BP	5	26	6.918124	0.931738
GO:0001700	embryonic development via the syncytial blastoderm	BP	6	1	10.176221	1.000000
GO:0001701	in utero embryonic development	BP	7	21	7.131699	1.000000
GO:0001702	gastrulation with mouth forming second	BP	5	6	8.384461	1.000000
GO:0001704	formation of primary germ layer	BP	3	13	7.611272	0.795214
GO:0001707	mesoderm formation	BP	4	8	8.096779	0.841500
GO:0001708	cell fate specification	BP	3	30	6.775024	0.605352
GO:0001709	cell fate determination	BP	3	6	8.384461	0.636714
GO:0001736	establishment of planar polarity	BP	4	4	8.789927	0.740102
GO:0001745	compound eye morphogenesis	BP	6	0		1.000000
GO:0001751	compound eye photoreceptor cell differentiation	BP	7	0		0.823545
GO:0001752	compound eye photoreceptor fate commitment	BP	7	1	10.176221	0.823545
GO:0001754	eye photoreceptor cell differentiation	BP	6	4	8.789927	0.773238
GO:0001755	neural crest cell migration	BP	6	5	8.566783	0.795214
GO:0001756	somitogenesis	BP	5	9	7.978996	1.000000
GO:0001763	morphogenesis of a branching structure	BP	3	45	6.369558	0.675422
GO:0001764	neuron migration	BP	4	31	6.742234	0.733308
GO:0001775	cell activation	BP	2	349	4.321149	0.502683
GO:0001776	leukocyte homeostasis	BP	4	31	6.742234	0.740102
GO:0001817	regulation of cytokine production	BP	8	558	3.851862	0.452377
GO:0001818	negative regulation of cytokine production	BP	9	258	4.623261	0.563647
GO:0001819	positive regulation of cytokine production	BP	9	353	4.309753	0.560191
GO:0001822	kidney development	BP	4	72	5.899555	0.795214
GO:0001837	epithelial to mesenchymal transition	BP	5	180	4.983264	0.747400
GO:0001838	embryonic epithelial tube formation	BP	5	11	7.778326	0.747400
GO:0001843	neural tube closure	BP	5	3	9.077609	1.000000
GO:0001878	response to yeast	BP	6	2	9.483074	0.931738
GO:0001885	endothelial cell development	BP	5	11	7.778326	0.823545
GO:0001889	liver development	BP	5	34	6.649860	0.931738
GO:0001890	placenta development	BP	4	1	10.176221	1.000000
GO:0001894	tissue homeostasis	BP	4	62	6.049087	0.720981
GO:0001906	cell killing	BP	2	293	4.496048	0.658690
GO:0001907	symbiont-mediated killing of host cell	BP	5	87	5.710313	0.763852
GO:0001909	leukocyte mediated cytotoxicity	BP	4	24	6.998167	0.747400
GO:0001910	regulation of leukocyte mediated cytotoxicity	BP	6	63	6.033086	0.618759
GO:0001912	positive regulation of leukocyte mediated cytotoxicity	BP	7	23	7.040727	0.720981
GO:0001932	regulation of protein phosphorylation	BP	8	282	4.534314	0.573504
GO:0001933	negative regulation of protein phosphorylation	BP	9	56	6.150869	0.687021
GO:0001934	positive regulation of protein phosphorylation	BP	9	237	4.708161	0.675422
GO:0001936	regulation of endothelial cell proliferation	BP	6	200	4.877904	0.783614
GO:0001937	negative regulation of endothelial cell proliferation	BP	7	67	5.971528	0.891807
GO:0001938	positive regulation of endothelial cell proliferation	BP	7	97	5.601510	0.891807
GO:0001942	hair follicle development	BP	4	46	6.347580	1.000000
GO:0001944	vasculature development	BP	4	16	7.403632	0.783614
GO:0001946	lymphangiogenesis	BP	3	0		1.000000
GO:0001947	heart looping	BP	7	12	7.691314	1.000000
GO:0001952	regulation of cell-matrix adhesion	BP	6	78	5.819512	0.755283
GO:0001954	positive regulation of cell-matrix adhesion	BP	7	50	6.264198	0.863476
GO:0001956	positive regulation of neurotransmitter secretion	BP	8	21	7.131699	0.773238
GO:0001958	endochondral ossification	BP	4	6	8.384461	1.000000
GO:0001959	regulation of cytokine-mediated signaling pathway	BP	6	39	6.512659	0.607159
GO:0001960	negative regulation of cytokine-mediated signaling pathway	BP	7	38	6.538635	0.715352
GO:0001961	positive regulation of cytokine-mediated signaling pathway	BP	7	9	7.978996	0.715352
GO:0001964	startle response	BP	5	0		1.000000
GO:0001974	blood vessel remodeling	BP	3	1	10.176221	0.931738
GO:0001975	response to amphetamine	BP	5	0		0.931738
GO:0002009	morphogenesis of an epithelium	BP	4	92	5.654432	0.514046
GO:0002011	morphogenesis of an epithelial sheet	BP	5	1	10.176221	0.795214
GO:0002027	regulation of heart rate	BP	7	4	8.789927	0.715352
GO:0002028	regulation of sodium ion transport	BP	7	54	6.187237	0.695590
GO:0002040	sprouting angiogenesis	BP	4	11	7.778326	1.000000
GO:0002052	positive regulation of neuroblast proliferation	BP	8	0		1.000000
GO:0002062	chondrocyte differentiation	BP	4	70	5.927726	0.891807
GO:0002064	epithelial cell development	BP	4	35	6.620873	0.629592
GO:0002065	columnar/cuboidal epithelial cell differentiation	BP	5	15	7.468171	0.691212
GO:0002088	lens development in camera-type eye	BP	3	8	8.096779	1.000000
GO:0002090	regulation of receptor internalization	BP	8	42	6.438551	0.808364
GO:0002097	tRNA wobble base modification	BP	10	100	5.571051	0.763852
GO:0002098	tRNA wobble uridine modification	BP	11	99	5.581101	0.841500
GO:0002118	aggressive behavior	BP	3	3	9.077609	0.808364
GO:0002119	nematode larval development	BP	5	9	7.978996	0.931738
GO:0002164	larval development	BP	4	13	7.611272	0.841500
GO:0002165	instar larval or pupal development	BP	4	5	8.566783	0.863476
GO:0002168	instar larval development	BP	5	4	8.789927	1.000000
GO:0002181	cytoplasmic translation	BP	6	58	6.115778	1.000000
GO:0002200	somatic diversification of immune receptors	BP	2	11	7.778326	0.647090
GO:0002209	behavioral defense response	BP	4	7	8.230311	0.863476
GO:0002213	defense response to insect	BP	5	16	7.403632	0.931738
GO:0002218	activation of innate immune response	BP	8	105	5.522261	0.614739
GO:0002220	innate immune response activating cell surface receptor signaling pathway	BP	10	18	7.285849	0.720981
GO:0002221	pattern recognition receptor signaling pathway	BP	10	47	6.326073	0.629592
GO:0002224	toll-like receptor signaling pathway	BP	11	9	7.978996	0.740102
GO:0002225	positive regulation of antimicrobial peptide production	BP	10	3	9.077609	0.763852
GO:0002229	defense response to oomycetes	BP	6	4	8.789927	1.000000
GO:0002230	positive regulation of defense response to virus by host	BP	8	11	7.778326	1.000000
GO:0002237	response to molecule of bacterial origin	BP	4	168	5.052257	0.683001
GO:0002238	response to molecule of fungal origin	BP	4	27	6.880384	0.891807
GO:0002239	response to oomycetes	BP	5	4	8.789927	0.891807
GO:0002244	hematopoietic progenitor cell differentiation	BP	4	58	6.115778	0.808364
GO:0002250	adaptive immune response	BP	3	37	6.565303	0.609000
GO:0002251	organ or tissue specific immune response	BP	3	4	8.789927	0.747400
GO:0002252	immune effector process	BP	2	136	5.263566	0.514757
GO:0002253	activation of immune response	BP	6	164	5.076355	0.584457
GO:0002260	lymphocyte homeostasis	BP	5	30	6.775024	0.823545
GO:0002262	myeloid cell homeostasis	BP	4	11	7.778326	0.795214
GO:0002263	cell activation involved in immune response	BP	3	38	6.538635	0.601835
GO:0002274	myeloid leukocyte activation	BP	4	82	5.769502	0.695590
GO:0002285	lymphocyte activation involved in immune response	BP	5	29	6.808925	0.639208
GO:0002286	T cell activation involved in immune response	BP	6	23	7.040727	0.700171
GO:0002312	B cell activation involved in immune response	BP	6	7	8.230311	0.740102
GO:0002366	leukocyte activation involved in immune response	BP	4	38	6.538635	0.610876
GO:0002376	immune system process	BP	1	864	3.414648	0.375073
GO:0002429	immune response-activating cell surface receptor signaling pathway	BP	8	47	6.326073	0.675422
GO:0002437	inflammatory response to antigenic stimulus	BP	5	52	6.224977	0.733308
GO:0002443	leukocyte mediated immunity	BP	3	35	6.620873	0.612789
GO:0002449	lymphocyte mediated immunity	BP	4	27	6.880384	0.652719
GO:0002460	adaptive immune response based on somatic recombination of immune receptors built from immunoglobulin superfamily domains	BP	4	35	6.620873	0.618759
GO:0002478	antigen processing and presentation of exogenous peptide antigen	BP	4	7	8.230311	0.795214
GO:0002521	leukocyte differentiation	BP	4	135	5.270946	0.576130
GO:0002526	acute inflammatory response	BP	5	14	7.537164	0.710028
GO:0002573	myeloid leukocyte differentiation	BP	5	39	6.512659	0.733308
GO:0002637	regulation of immunoglobulin production	BP	9	90	5.676411	0.695590
GO:0002639	positive regulation of immunoglobulin production	BP	10	55	6.168888	0.795214
GO:0002673	regulation of acute inflammatory response	BP	7	11	7.778326	0.600122
GO:0002682	regulation of immune system process	BP	3	928	3.343189	0.318833
GO:0002683	negative regulation of immune system process	BP	4	380	4.236050	0.439606
GO:0002684	positive regulation of immune system process	BP	4	530	3.903344	0.414487
GO:0002685	regulation of leukocyte migration	BP	6	165	5.070275	0.551528
GO:0002686	negative regulation of leukocyte migration	BP	7	28	6.844016	0.661816
GO:0002687	positive regulation of leukocyte migration	BP	7	106	5.512782	0.661816
GO:0002688	regulation of leukocyte chemotaxis	BP	7	78	5.819512	0.641766
GO:0002690	positive regulation of leukocyte chemotaxis	BP	8	74	5.872156	0.747400
GO:0002691	regulation of cellular extravasation	BP	7	47	6.326073	0.675422
GO:0002694	regulation of leukocyte activation	BP	5	277	4.552203	0.467054
GO:0002695	negative regulation of leukocyte activation	BP	6	59	6.098684	0.581602
GO:0002696	positive regulation of leukocyte activation	BP	6	210	4.829113	0.570945
GO:0002697	regulation of immune effector process	BP	4	372	4.257327	0.437304
GO:0002698	negative regulation of immune effector process	BP	5	198	4.887954	0.549476
GO:0002699	positive regulation of immune effector process	BP	5	149	5.172275	0.539814
GO:0002700	regulation of production of molecular mediator of immune response	BP	8	238	4.703950	0.548466
GO:0002701	negative regulation of production of molecular mediator of immune response	BP	9	150	5.165586	0.661816
GO:0002702	positive regulation of production of molecular mediator of immune response	BP	9	91	5.665361	0.652719
GO:0002703	regulation of leukocyte mediated immunity	BP	5	181	4.977724	0.491365
GO:0002704	negative regulation of leukocyte mediated immunity	BP	6	29	6.808925	0.603578
GO:0002705	positive regulation of leukocyte mediated immunity	BP	6	108	5.494090	0.598439
GO:0002706	regulation of lymphocyte mediated immunity	BP	6	157	5.119975	0.526090
GO:0002707	negative regulation of lymphocyte mediated immunity	BP	7	27	6.880384	0.639208
GO:0002708	positive regulation of lymphocyte mediated immunity	BP	7	104	5.531830	0.629592
GO:0002709	regulation of T cell mediated immunity	BP	7	87	5.710313	0.641766
GO:0002711	positive regulation of T cell mediated immunity	BP	8	50	6.264198	0.740102
GO:0002712	regulation of B cell mediated immunity	BP	7	51	6.244395	0.593554
GO:0002714	positive regulation of B cell mediated immunity	BP	8	48	6.305020	0.700171
GO:0002715	regulation of natural killer cell mediated immunity	BP	7	28	6.844016	0.704976
GO:0002717	positive regulation of natural killer cell mediated immunity	BP	8	6	8.384461	0.808364
GO:0002718	regulation of cytokine production involved in immune response	BP	9	185	4.955865	0.652719
GO:0002720	positive regulation of cytokine production involved in immune response	BP	10	33	6.679713	0.755283
GO:0002752	cell surface pattern recognition receptor signaling pathway	BP	11	11	7.778326	0.740102
GO:0002753	cytoplasmic pattern recognition receptor signaling pathway	BP	11	25	6.957345	0.720981
GO:0002757	immune response-activating signaling pathway	BP	7	87	5.710313	0.600122
GO:0002758	innate immune response-activating signaling pathway	BP	9	59	6.098684	0.620832
GO:0002759	regulation of antimicrobial humoral response	BP	6	3	9.077609	0.647090
GO:0002760	positive regulation of antimicrobial humoral response	BP	7	3	9.077609	0.755283
GO:0002761	regulation of myeloid leukocyte differentiation	BP	8	60	6.081876	0.658690
GO:0002762	negative regulation of myeloid leukocyte differentiation	BP	9	53	6.205929	0.763852
GO:0002763	positive regulation of myeloid leukocyte differentiation	BP	9	7	8.230311	0.763852
GO:0002764	immune response-regulating signaling pathway	BP	5	106	5.512782	0.577470
GO:0002768	immune response-regulating cell surface receptor signaling pathway	BP	6	58	6.115778	0.639208
GO:0002784	regulation of antimicrobial peptide production	BP	9	3	9.077609	0.655659
GO:0002786	regulation of antibacterial peptide production	BP	10	3	9.077609	0.733308
GO:0002790	peptide secretion	BP	7	170	5.040423	0.665046
GO:0002791	regulation of peptide secretion	BP	6	144	5.206408	0.614739
GO:0002792	negative regulation of peptide secretion	BP	7	30	6.775024	0.720981
GO:0002793	positive regulation of peptide secretion	BP	7	63	6.033086	0.720981
GO:0002805	regulation of antimicrobial peptide biosynthetic process	BP	10	3	9.077609	0.733308
GO:0002807	positive regulation of antimicrobial peptide biosynthetic process	BP	11	3	9.077609	0.841500
GO:0002819	regulation of adaptive immune response	BP	5	150	5.165586	0.511252
GO:0002820	negative regulation of adaptive immune response	BP	6	29	6.808925	0.625115
GO:0002821	positive regulation of adaptive immune response	BP	6	101	5.561100	0.616728
GO:0002822	regulation of adaptive immune response based on somatic recombination of immune receptors built from immunoglobulin superfamily domains	BP	6	148	5.179009	0.517654
GO:0002823	negative regulation of adaptive immune response based on somatic recombination of immune receptors built from immunoglobulin superfamily domains	BP	7	27	6.880384	0.631909
GO:0002824	positive regulation of adaptive immune response based on somatic recombination of immune receptors built from immunoglobulin superfamily domains	BP	7	101	5.561100	0.622950
GO:0002831	regulation of response to biotic stimulus	BP	4	281	4.537866	0.437629
GO:0002832	negative regulation of response to biotic stimulus	BP	5	81	5.781772	0.605352
GO:0002833	positive regulation of response to biotic stimulus	BP	5	150	5.165586	0.518392
GO:0002861	regulation of inflammatory response to antigenic stimulus	BP	7	10	7.873636	0.655659
GO:0002886	regulation of myeloid leukocyte mediated immunity	BP	6	20	7.180489	0.605352
GO:0002889	regulation of immunoglobulin mediated immune response	BP	8	51	6.244395	0.622950
GO:0002891	positive regulation of immunoglobulin mediated immune response	BP	9	48	6.305020	0.726952
GO:0002920	regulation of humoral immune response	BP	5	39	6.512659	0.601835
GO:0002921	negative regulation of humoral immune response	BP	6	21	7.131699	0.710028
GO:0002922	positive regulation of humoral immune response	BP	6	9	7.978996	0.710028
GO:0002931	response to ischemia	BP	3	1	10.176221	1.000000
GO:0003002	regionalization	BP	3	146	5.192614	0.519135
GO:0003006	developmental process involved in reproduction	BP	2	922	3.349676	0.424806
GO:0003007	heart morphogenesis	BP	4	55	6.168888	1.000000
GO:0003008	system process	BP	2	410	4.160064	0.426248
GO:0003012	muscle system process	BP	3	54	6.187237	0.580206
GO:0003013	circulatory system process	BP	3	97	5.601510	0.568452
GO:0003014	renal system process	BP	3	110	5.475741	0.631909
GO:0003015	heart process	BP	4	12	7.691314	0.891807
GO:0003018	vascular process in circulatory system	BP	4	73	5.885762	0.580206
GO:0003073	regulation of systemic arterial blood pressure	BP	4	37	6.565303	0.652719
GO:0003094	glomerular filtration	BP	5	10	7.873636	1.000000
GO:0003143	embryonic heart tube morphogenesis	BP	6	24	6.998167	0.891807
GO:0003151	outflow tract morphogenesis	BP	3	4	8.789927	1.000000
GO:0003179	heart valve morphogenesis	BP	3	8	8.096779	0.783614
GO:0003206	cardiac chamber morphogenesis	BP	3	1	10.176221	0.773238
GO:0003254	regulation of membrane depolarization	BP	4	26	6.918124	0.720981
GO:0003279	cardiac septum development	BP	3	1	10.176221	0.808364
GO:0003333	amino acid transmembrane transport	BP	5	35	6.620873	0.559066
GO:0003341	cilium movement	BP	4	102	5.551248	0.795214
GO:0003351	epithelial cilium movement involved in extracellular fluid movement	BP	5	5	8.566783	0.841500
GO:0003352	regulation of cilium movement	BP	6	38	6.538635	0.755283
GO:0003382	epithelial cell morphogenesis	BP	4	2	9.483074	0.863476
GO:0003383	apical constriction	BP	5	0		0.891807
GO:0003401	axis elongation	BP	4	7	8.230311	0.755283
GO:0003407	neural retina development	BP	3	1	10.176221	1.000000
GO:0005975	carbohydrate metabolic process	BP	4	1438	2.905212	0.412446
GO:0005976	polysaccharide metabolic process	BP	5	533	3.897700	0.502683
GO:0005977	glycogen metabolic process	BP	7	26	6.918124	0.795214
GO:0005978	glycogen biosynthetic process	BP	8	19	7.231782	0.891807
GO:0005979	regulation of glycogen biosynthetic process	BP	10	19	7.231782	0.891807
GO:0005980	glycogen catabolic process	BP	8	5	8.566783	0.863476
GO:0005982	starch metabolic process	BP	7	36	6.592702	0.863476
GO:0005984	disaccharide metabolic process	BP	6	89	5.687585	0.675422
GO:0005991	trehalose metabolic process	BP	7	62	6.049087	0.891807
GO:0005996	monosaccharide metabolic process	BP	5	173	5.022929	0.541672
GO:0006006	glucose metabolic process	BP	7	80	5.794194	0.704976
GO:0006007	glucose catabolic process	BP	8	13	7.611272	0.755283
GO:0006012	galactose metabolic process	BP	7	15	7.468171	0.783614
GO:0006022	aminoglycan metabolic process	BP	4	150	5.165586	0.700171
GO:0006023	aminoglycan biosynthetic process	BP	5	44	6.392031	0.808364
GO:0006024	glycosaminoglycan biosynthetic process	BP	6	25	6.957345	0.863476
GO:0006026	aminoglycan catabolic process	BP	5	99	5.581101	0.808364
GO:0006027	glycosaminoglycan catabolic process	BP	6	72	5.899555	0.891807
GO:0006029	proteoglycan metabolic process	BP	6	158	5.113626	0.695590
GO:0006030	chitin metabolic process	BP	6	45	6.369558	0.863476
GO:0006040	amino sugar metabolic process	BP	4	79	5.806773	0.636714
GO:0006066	alcohol metabolic process	BP	4	835	3.448789	0.446495
GO:0006071	glycerol metabolic process	BP	6	430	4.112436	0.783614
GO:0006081	aldehyde metabolic process	BP	3	102	5.551248	0.596783
GO:0006082	organic acid metabolic process	BP	4	1805	2.677905	0.330091
GO:0006083	acetate metabolic process	BP	8	43	6.415021	0.747400
GO:0006084	acetyl-CoA metabolic process	BP	8	24	6.998167	0.710028
GO:0006085	acetyl-CoA biosynthetic process	BP	9	11	7.778326	0.823545
GO:0006089	lactate metabolic process	BP	8	5	8.566783	0.710028
GO:0006090	pyruvate metabolic process	BP	8	69	5.942114	0.644392
GO:0006091	generation of precursor metabolites and energy	BP	3	651	3.697711	0.526894
GO:0006094	gluconeogenesis	BP	8	25	6.957345	1.000000
GO:0006096	glycolytic process	BP	12	51	6.244395	0.733308
GO:0006099	tricarboxylic acid cycle	BP	4	46	6.347580	1.000000
GO:0006109	regulation of carbohydrate metabolic process	BP	6	130	5.308686	0.490804
GO:0006110	regulation of glycolytic process	BP	10	14	7.537164	0.823545
GO:0006111	regulation of gluconeogenesis	BP	8	27	6.880384	0.891807
GO:0006112	energy reserve metabolic process	BP	5	33	6.679713	0.783614
GO:0006120	mitochondrial electron transport, NADH to ubiquinone	BP	8	316	4.420479	1.000000
GO:0006139	nucleobase-containing compound metabolic process	BP	4	2087	2.532738	0.296331
GO:0006140	regulation of nucleotide metabolic process	BP	7	18	7.285849	0.612789
GO:0006144	purine nucleobase metabolic process	BP	7	26	6.918124	0.700171
GO:0006163	purine nucleotide metabolic process	BP	8	382	4.230800	0.518392
GO:0006164	purine nucleotide biosynthetic process	BP	9	217	4.796324	0.614739
GO:0006195	purine nucleotide catabolic process	BP	9	88	5.698884	0.634282
GO:0006206	pyrimidine nucleobase metabolic process	BP	7	16	7.403632	0.733308
GO:0006220	pyrimidine nucleotide metabolic process	BP	8	24	6.998167	0.572216
GO:0006221	pyrimidine nucleotide biosynthetic process	BP	9	14	7.537164	0.661816
GO:0006259	DNA metabolic process	BP	6	536	3.892087	0.459850
GO:0006260	DNA replication	BP	7	47	6.326073	0.733308
GO:0006261	DNA-templated DNA replication	BP	8	25	6.957345	0.740102
GO:0006265	DNA topological change	BP	7	52	6.224977	1.000000
GO:0006270	DNA replication initiation	BP	7	15	7.468171	0.823545
GO:0006271	DNA strand elongation involved in DNA replication	BP	8	4	8.789927	0.783614
GO:0006275	regulation of DNA replication	BP	8	25	6.957345	0.634282
GO:0006278	RNA-templated DNA biosynthetic process	BP	8	15	7.468171	0.891807
GO:0006281	DNA repair	BP	7	199	4.882916	0.616728
GO:0006282	regulation of DNA repair	BP	8	72	5.899555	0.652719
GO:0006284	base-excision repair	BP	8	10	7.873636	0.931738
GO:0006289	nucleotide-excision repair	BP	8	32	6.710485	0.841500
GO:0006298	mismatch repair	BP	8	3	9.077609	0.823545
GO:0006301	postreplication repair	BP	8	8	8.096779	0.823545
GO:0006302	double-strand break repair	BP	8	100	5.571051	0.747400
GO:0006303	double-strand break repair via nonhomologous end joining	BP	9	31	6.742234	0.891807
GO:0006308	DNA catabolic process	BP	7	24	6.998167	0.891807
GO:0006310	DNA recombination	BP	7	71	5.913541	0.607159
GO:0006312	mitotic recombination	BP	8	9	7.978996	0.863476
GO:0006325	chromatin organization	BP	4	246	4.670889	0.590428
GO:0006334	nucleosome assembly	BP	7	52	6.224977	1.000000
GO:0006338	chromatin remodeling	BP	5	212	4.819635	0.607159
GO:0006346	DNA methylation-dependent constitutive heterochromatin formation	BP	12	11	7.778326	0.841500
GO:0006351	DNA-templated transcription	BP	8	147	5.185788	0.675422
GO:0006352	DNA-templated transcription initiation	BP	8	12	7.691314	0.841500
GO:0006353	DNA-templated transcription termination	BP	8	15	7.468171	0.808364
GO:0006354	DNA-templated transcription elongation	BP	8	6	8.384461	0.841500
GO:0006355	regulation of DNA-templated transcription	BP	9	2012	2.569336	0.528521
GO:0006356	regulation of transcription by RNA polymerase I	BP	10	2	9.483074	0.755283
GO:0006357	regulation of transcription by RNA polymerase II	BP	10	640	3.714753	0.631909
GO:0006359	regulation of transcription by RNA polymerase III	BP	10	1	10.176221	0.891807
GO:0006360	transcription by RNA polymerase I	BP	9	1	10.176221	0.931738
GO:0006364	rRNA processing	BP	8	98	5.591253	0.598439
GO:0006366	transcription by RNA polymerase II	BP	9	60	6.081876	0.863476
GO:0006367	transcription initiation at RNA polymerase II promoter	BP	9	6	8.384461	1.000000
GO:0006368	transcription elongation by RNA polymerase II	BP	9	4	8.789927	1.000000
GO:0006376	mRNA splice site recognition	BP	7	7	8.230311	0.863476
GO:0006383	transcription by RNA polymerase III	BP	9	10	7.873636	0.841500
GO:0006396	RNA processing	BP	4	509	3.943773	0.474827
GO:0006397	mRNA processing	BP	8	119	5.397097	0.710028
GO:0006399	tRNA metabolic process	BP	7	247	4.666833	0.530177
GO:0006400	tRNA modification	BP	9	159	5.107317	0.612789
GO:0006401	RNA catabolic process	BP	7	84	5.745404	0.591979
GO:0006402	mRNA catabolic process	BP	9	57	6.133170	0.683001
GO:0006403	RNA localization	BP	3	1	10.176221	0.687021
GO:0006405	RNA export from nucleus	BP	8	28	6.844016	0.783614
GO:0006406	mRNA export from nucleus	BP	9	24	6.998167	0.891807
GO:0006412	translation	BP	5	109	5.484873	0.795214
GO:0006413	translational initiation	BP	3	70	5.927726	0.773238
GO:0006414	translational elongation	BP	5	61	6.065347	0.740102
GO:0006415	translational termination	BP	6	4	8.789927	0.891807
GO:0006417	regulation of translation	BP	9	200	4.877904	0.531015
GO:0006418	tRNA aminoacylation for protein translation	BP	9	36	6.592702	0.627328
GO:0006446	regulation of translational initiation	BP	10	74	5.872156	0.622950
GO:0006457	protein folding	BP	2	106	5.512782	0.795214
GO:0006468	protein phosphorylation	BP	6	119	5.397097	0.691212
GO:0006469	negative regulation of protein kinase activity	BP	10	50	6.264198	0.747400
GO:0006470	protein dephosphorylation	BP	6	42	6.438551	0.783614
GO:0006473	protein acetylation	BP	7	36	6.592702	0.715352
GO:0006479	protein methylation	BP	7	46	6.347580	0.687021
GO:0006487	protein N-linked glycosylation	BP	7	78	5.819512	0.795214
GO:0006488	dolichol-linked oligosaccharide biosynthetic process	BP	5	22	7.085178	1.000000
GO:0006491	N-glycan processing	BP	8	10	7.873636	0.863476
GO:0006493	protein O-linked glycosylation	BP	7	49	6.284401	0.747400
GO:0006497	protein lipidation	BP	6	17	7.343008	0.726952
GO:0006505	GPI anchor metabolic process	BP	8	22	7.085178	0.891807
GO:0006506	GPI anchor biosynthetic process	BP	9	21	7.131699	1.000000
GO:0006508	proteolysis	BP	5	526	3.910920	0.570945
GO:0006511	ubiquitin-dependent protein catabolic process	BP	8	130	5.308686	0.740102
GO:0006513	protein monoubiquitination	BP	10	7	8.230311	1.000000
GO:0006515	protein quality control for misfolded or incompletely synthesized proteins	BP	7	8	8.096779	0.823545
GO:0006516	glycoprotein catabolic process	BP	6	14	7.537164	0.773238
GO:0006518	peptide metabolic process	BP	3	187	4.945112	0.655659
GO:0006520	amino acid metabolic process	BP	4	704	3.619443	0.412952
GO:0006521	regulation of amino acid metabolic process	BP	6	8	8.096779	0.568452
GO:0006525	arginine metabolic process	BP	8	18	7.285849	0.726952
GO:0006534	cysteine metabolic process	BP	8	21	7.131699	0.710028
GO:0006536	glutamate metabolic process	BP	10	47	6.326073	0.700171
GO:0006541	glutamine metabolic process	BP	10	16	7.403632	0.823545
GO:0006544	glycine metabolic process	BP	9	21	7.131699	0.755283
GO:0006547	L-histidine metabolic process	BP	9	8	8.096779	0.795214
GO:0006551	L-leucine metabolic process	BP	9	11	7.778326	0.891807
GO:0006553	lysine metabolic process	BP	8	29	6.808925	0.704976
GO:0006555	methionine metabolic process	BP	10	58	6.115778	0.720981
GO:0006558	L-phenylalanine metabolic process	BP	9	28	6.844016	0.823545
GO:0006560	proline metabolic process	BP	10	13	7.611272	0.783614
GO:0006563	L-serine metabolic process	BP	9	27	6.880384	0.841500
GO:0006568	L-tryptophan metabolic process	BP	9	161	5.094817	0.773238
GO:0006570	tyrosine metabolic process	BP	9	23	7.040727	0.783614
GO:0006575	modified amino acid metabolic process	BP	3	147	5.185788	0.538897
GO:0006576	biogenic amine metabolic process	BP	4	91	5.665361	0.585916
GO:0006577	amino-acid betaine metabolic process	BP	4	27	6.880384	0.691212
GO:0006582	melanin metabolic process	BP	4	63	6.033086	0.808364
GO:0006584	catecholamine metabolic process	BP	5	16	7.403632	0.740102
GO:0006595	polyamine metabolic process	BP	5	48	6.305020	0.647090
GO:0006596	polyamine biosynthetic process	BP	6	28	6.844016	0.763852
GO:0006605	protein targeting	BP	4	67	5.971528	0.720981
GO:0006606	protein import into nucleus	BP	8	13	7.611272	0.891807
GO:0006611	protein export from nucleus	BP	8	11	7.778326	1.000000
GO:0006612	protein targeting to membrane	BP	5	8	8.096779	0.841500
GO:0006623	protein targeting to vacuole	BP	7	16	7.403632	0.808364
GO:0006626	protein targeting to mitochondrion	BP	6	9	7.978996	1.000000
GO:0006629	lipid metabolic process	BP	4	1777	2.693539	0.356401
GO:0006631	fatty acid metabolic process	BP	8	547	3.871772	0.535316
GO:0006633	fatty acid biosynthetic process	BP	9	244	4.679053	0.639208
GO:0006635	fatty acid beta-oxidation	BP	10	36	6.592702	0.795214
GO:0006636	unsaturated fatty acid biosynthetic process	BP	10	81	5.781772	0.795214
GO:0006637	acyl-CoA metabolic process	BP	7	62	6.049087	0.583019
GO:0006638	neutral lipid metabolic process	BP	5	43	6.415021	0.710028
GO:0006639	acylglycerol metabolic process	BP	6	43	6.415021	0.726952
GO:0006641	triglyceride metabolic process	BP	7	30	6.775024	0.841500
GO:0006643	membrane lipid metabolic process	BP	5	188	4.939779	0.568452
GO:0006644	phospholipid metabolic process	BP	5	286	4.520229	0.535316
GO:0006650	glycerophospholipid metabolic process	BP	6	143	5.213376	0.593554
GO:0006654	phosphatidic acid biosynthetic process	BP	8	3	9.077609	1.000000
GO:0006656	phosphatidylcholine biosynthetic process	BP	8	2	9.483074	0.795214
GO:0006661	phosphatidylinositol biosynthetic process	BP	8	43	6.415021	0.808364
GO:0006664	glycolipid metabolic process	BP	6	125	5.347907	0.618759
GO:0006665	sphingolipid metabolic process	BP	6	74	5.872156	0.605352
GO:0006672	ceramide metabolic process	BP	7	33	6.679713	0.704976
GO:0006687	glycosphingolipid metabolic process	BP	7	30	6.775024	0.683001
GO:0006688	glycosphingolipid biosynthetic process	BP	8	13	7.611272	0.763852
GO:0006690	icosanoid metabolic process	BP	7	180	4.983264	0.679138
GO:0006691	leukotriene metabolic process	BP	8	14	7.537164	0.755283
GO:0006692	prostanoid metabolic process	BP	10	61	6.065347	0.823545
GO:0006693	prostaglandin metabolic process	BP	11	61	6.065347	0.863476
GO:0006694	steroid biosynthetic process	BP	6	95	5.622344	0.661816
GO:0006695	cholesterol biosynthetic process	BP	8	6	8.384461	0.863476
GO:0006696	ergosterol biosynthetic process	BP	8	9	7.978996	1.000000
GO:0006706	steroid catabolic process	BP	6	21	7.131699	0.704976
GO:0006714	sesquiterpenoid metabolic process	BP	7	57	6.133170	0.683001
GO:0006720	isoprenoid metabolic process	BP	5	592	3.792714	0.463598
GO:0006721	terpenoid metabolic process	BP	6	467	4.029892	0.498967
GO:0006730	one-carbon metabolic process	BP	4	15	7.468171	0.891807
GO:0006739	NADP+ metabolic process	BP	9	50	6.264198	0.808364
GO:0006740	NADPH regeneration	BP	10	33	6.679713	0.863476
GO:0006743	ubiquinone metabolic process	BP	5	6	8.384461	0.891807
GO:0006744	ubiquinone biosynthetic process	BP	7	4	8.789927	1.000000
GO:0006749	glutathione metabolic process	BP	4	33	6.679713	0.863476
GO:0006753	nucleoside phosphate metabolic process	BP	6	563	3.842941	0.391384
GO:0006754	ATP biosynthetic process	BP	11	122	5.372200	0.841500
GO:0006760	folic acid-containing compound metabolic process	BP	4	27	6.880384	0.726952
GO:0006766	vitamin metabolic process	BP	4	91	5.665361	0.612789
GO:0006772	thiamine metabolic process	BP	6	30	6.775024	0.863476
GO:0006778	porphyrin-containing compound metabolic process	BP	4	68	5.956713	0.627328
GO:0006779	porphyrin-containing compound biosynthetic process	BP	5	51	6.244395	0.700171
GO:0006783	heme biosynthetic process	BP	6	18	7.285849	0.823545
GO:0006790	sulfur compound metabolic process	BP	3	414	4.150355	0.452756
GO:0006793	phosphorus metabolic process	BP	3	1261	3.036561	0.344184
GO:0006796	phosphate-containing compound metabolic process	BP	4	1251	3.044522	0.347001
GO:0006801	superoxide metabolic process	BP	4	166	5.064233	0.891807
GO:0006805	xenobiotic metabolic process	BP	3	92	5.654432	0.549476
GO:0006810	transport	BP	3	2193	2.483195	0.283668
GO:0006811	monoatomic ion transport	BP	4	524	3.914729	0.507868
GO:0006812	monoatomic cation transport	BP	5	455	4.055924	0.516195
GO:0006813	potassium ion transport	BP	7	87	5.710313	0.841500
GO:0006814	sodium ion transport	BP	7	74	5.872156	0.808364
GO:0006816	calcium ion transport	BP	7	106	5.512782	0.668384
GO:0006817	phosphate ion transport	BP	5	24	6.998167	0.823545
GO:0006820	monoatomic anion transport	BP	5	61	6.065347	0.783614
GO:0006821	chloride transport	BP	6	50	6.264198	0.891807
GO:0006825	copper ion transport	BP	8	12	7.691314	0.763852
GO:0006826	iron ion transport	BP	8	48	6.305020	0.652719
GO:0006828	manganese ion transport	BP	8	10	7.873636	0.841500
GO:0006829	zinc ion transport	BP	8	27	6.880384	0.747400
GO:0006833	water transport	BP	5	100	5.571051	0.823545
GO:0006835	dicarboxylic acid transport	BP	6	44	6.392031	0.600122
GO:0006836	neurotransmitter transport	BP	4	6	8.384461	0.647090
GO:0006839	mitochondrial transport	BP	5	12	7.691314	0.733308
GO:0006857	oligopeptide transport	BP	7	24	6.998167	0.695590
GO:0006858	extracellular transport	BP	4	6	8.384461	0.808364
GO:0006862	nucleotide transport	BP	6	16	7.403632	0.652719
GO:0006863	purine nucleobase transport	BP	6	6	8.384461	0.773238
GO:0006865	amino acid transport	BP	4	73	5.885762	0.515474
GO:0006869	lipid transport	BP	4	149	5.172275	0.538897
GO:0006873	intracellular monoatomic ion homeostasis	BP	4	222	4.773544	0.593554
GO:0006874	intracellular calcium ion homeostasis	BP	6	51	6.244395	0.726952
GO:0006878	intracellular copper ion homeostasis	BP	6	8	8.096779	1.000000
GO:0006879	intracellular iron ion homeostasis	BP	6	65	6.001834	0.733308
GO:0006882	intracellular zinc ion homeostasis	BP	6	20	7.180489	1.000000
GO:0006884	cell volume homeostasis	BP	6	10	7.873636	0.863476
GO:0006885	regulation of pH	BP	5	72	5.899555	0.695590
GO:0006886	intracellular protein transport	BP	6	149	5.172275	0.595156
GO:0006887	exocytosis	BP	6	63	6.033086	0.665046
GO:0006888	endoplasmic reticulum to Golgi vesicle-mediated transport	BP	6	24	6.998167	1.000000
GO:0006890	retrograde vesicle-mediated transport, Golgi to endoplasmic reticulum	BP	6	9	7.978996	0.931738
GO:0006891	intra-Golgi vesicle-mediated transport	BP	6	10	7.873636	0.863476
GO:0006892	post-Golgi vesicle-mediated transport	BP	6	16	7.403632	0.823545
GO:0006893	Golgi to plasma membrane transport	BP	7	11	7.778326	0.931738
GO:0006896	Golgi to vacuole transport	BP	7	2	9.483074	0.931738
GO:0006897	endocytosis	BP	5	267	4.588972	0.631909
GO:0006898	receptor-mediated endocytosis	BP	6	149	5.172275	0.675422
GO:0006900	vesicle budding from membrane	BP	6	3	9.077609	0.795214
GO:0006906	vesicle fusion	BP	7	42	6.438551	0.661816
GO:0006907	pinocytosis	BP	6	2	9.483074	0.863476
GO:0006909	phagocytosis	BP	6	48	6.305020	0.891807
GO:0006911	phagocytosis, engulfment	BP	7	40	6.487341	0.931738
GO:0006913	nucleocytoplasmic transport	BP	6	60	6.081876	0.687021
GO:0006914	autophagy	BP	4	64	6.017338	0.679138
GO:0006915	apoptotic process	BP	4	161	5.094817	0.568452
GO:0006935	chemotaxis	BP	3	171	5.034557	0.576130
GO:0006936	muscle contraction	BP	4	29	6.808925	0.631909
GO:0006937	regulation of muscle contraction	BP	6	107	5.503392	0.559066
GO:0006939	smooth muscle contraction	BP	5	23	7.040727	0.668384
GO:0006940	regulation of smooth muscle contraction	BP	7	62	6.049087	0.641766
GO:0006941	striated muscle contraction	BP	5	0		0.755283
GO:0006942	regulation of striated muscle contraction	BP	7	14	7.537164	0.639208
GO:0006949	syncytium formation	BP	3	22	7.085178	0.808364
GO:0006950	response to stress	BP	2	3418	2.039410	0.411191
GO:0006952	defense response	BP	3	1266	3.032603	0.541672
GO:0006954	inflammatory response	BP	4	157	5.119975	0.658690
GO:0006955	immune response	BP	2	352	4.312590	0.542614
GO:0006956	complement activation	BP	7	30	6.775024	0.823545
GO:0006959	humoral immune response	BP	3	97	5.601510	0.733308
GO:0006968	cellular defense response	BP	4	2	9.483074	1.000000
GO:0006970	response to osmotic stress	BP	3	247	4.666833	0.691212
GO:0006971	hypotonic response	BP	4	9	7.978996	0.863476
GO:0006972	hyperosmotic response	BP	4	115	5.431289	0.863476
GO:0006974	DNA damage response	BP	4	476	4.010803	0.591979
GO:0006979	response to oxidative stress	BP	3	338	4.353175	0.671840
GO:0006984	ER-nucleus signaling pathway	BP	6	10	7.873636	0.808364
GO:0006986	response to unfolded protein	BP	4	25	6.957345	0.863476
GO:0006995	cellular response to nitrogen starvation	BP	5	12	7.691314	0.931738
GO:0006996	organelle organization	BP	4	1352	2.966881	0.385449
GO:0006997	nucleus organization	BP	5	14	7.537164	0.668384
GO:0006998	nuclear envelope organization	BP	5	8	8.096779	0.891807
GO:0007004	telomere maintenance via telomerase	BP	9	13	7.611272	1.000000
GO:0007005	mitochondrion organization	BP	5	105	5.522261	0.652719
GO:0007006	mitochondrial membrane organization	BP	6	28	6.844016	0.687021
GO:0007007	inner mitochondrial membrane organization	BP	7	6	8.384461	0.841500
GO:0007009	plasma membrane organization	BP	5	42	6.438551	0.679138
GO:0007010	cytoskeleton organization	BP	5	426	4.121782	0.514757
GO:0007015	actin filament organization	BP	5	115	5.431289	0.658690
GO:0007017	microtubule-based process	BP	2	405	4.172334	0.485892
GO:0007018	microtubule-based movement	BP	3	206	4.848345	0.567229
GO:0007019	microtubule depolymerization	BP	8	6	8.384461	0.808364
GO:0007020	microtubule nucleation	BP	7	10	7.873636	0.795214
GO:0007026	negative regulation of microtubule depolymerization	BP	10	16	7.403632	0.891807
GO:0007029	endoplasmic reticulum organization	BP	5	48	6.305020	0.740102
GO:0007030	Golgi organization	BP	5	35	6.620873	0.733308
GO:0007031	peroxisome organization	BP	5	30	6.775024	0.783614
GO:0007032	endosome organization	BP	6	9	7.978996	0.808364
GO:0007033	vacuole organization	BP	5	47	6.326073	0.715352
GO:0007034	vacuolar transport	BP	5	48	6.305020	0.655659
GO:0007035	vacuolar acidification	BP	9	13	7.611272	0.931738
GO:0007040	lysosome organization	BP	7	14	7.537164	0.891807
GO:0007041	lysosomal transport	BP	6	27	6.880384	0.704976
GO:0007043	cell-cell junction assembly	BP	6	68	5.956713	0.733308
GO:0007044	cell-substrate junction assembly	BP	6	6	8.384461	0.891807
GO:0007049	cell cycle	BP	2	37	6.565303	0.755283
GO:0007051	spindle organization	BP	7	53	6.205929	0.683001
GO:0007052	mitotic spindle organization	BP	8	27	6.880384	0.808364
GO:0007059	chromosome segregation	BP	3	50	6.264198	0.755283
GO:0007062	sister chromatid cohesion	BP	6	5	8.566783	0.755283
GO:0007064	mitotic sister chromatid cohesion	BP	7	1	10.176221	0.863476
GO:0007076	mitotic chromosome condensation	BP	7	8	8.096779	0.891807
GO:0007080	mitotic metaphase chromosome alignment	BP	5	28	6.844016	1.000000
GO:0007088	regulation of mitotic nuclear division	BP	7	47	6.326073	0.763852
GO:0007093	mitotic cell cycle checkpoint signaling	BP	9	41	6.462649	0.715352
GO:0007094	mitotic spindle assembly checkpoint signaling	BP	12	8	8.096779	1.000000
GO:0007095	mitotic G2 DNA damage checkpoint signaling	BP	12	16	7.403632	1.000000
GO:0007096	regulation of exit from mitosis	BP	8	3	9.077609	0.863476
GO:0007097	nuclear migration	BP	5	22	7.085178	0.710028
GO:0007098	centrosome cycle	BP	5	6	8.384461	1.000000
GO:0007099	centriole replication	BP	8	7	8.230311	1.000000
GO:0007124	pseudohyphal growth	BP	5	0		1.000000
GO:0007127	meiosis I	BP	8	11	7.778326	0.863476
GO:0007129	homologous chromosome pairing at meiosis	BP	7	9	7.978996	1.000000
GO:0007130	synaptonemal complex assembly	BP	7	4	8.789927	1.000000
GO:0007131	reciprocal meiotic recombination	BP	10	14	7.537164	1.000000
GO:0007140	male meiotic nuclear division	BP	8	46	6.347580	0.891807
GO:0007141	male meiosis I	BP	9	10	7.873636	1.000000
GO:0007143	female meiotic nuclear division	BP	8	6	8.384461	0.891807
GO:0007154	cell communication	BP	2	109	5.484873	0.514757
GO:0007155	cell adhesion	BP	2	238	4.703950	0.550497
GO:0007156	homophilic cell adhesion via plasma membrane adhesion molecules	BP	5	30	6.775024	1.000000
GO:0007157	heterophilic cell-cell adhesion via plasma membrane cell adhesion molecules	BP	5	18	7.285849	1.000000
GO:0007159	leukocyte cell-cell adhesion	BP	4	6	8.384461	0.747400
GO:0007160	cell-matrix adhesion	BP	4	16	7.403632	0.773238
GO:0007162	negative regulation of cell adhesion	BP	5	140	5.234579	0.561330
GO:0007163	establishment or maintenance of cell polarity	BP	2	59	6.098684	0.593554
GO:0007164	establishment of tissue polarity	BP	3	4	8.789927	0.733308
GO:0007165	signal transduction	BP	4	2083	2.534657	0.372011
GO:0007166	cell surface receptor signaling pathway	BP	5	760	3.542903	0.451247
GO:0007167	enzyme-linked receptor protein signaling pathway	BP	6	360	4.290117	0.568452
GO:0007169	cell surface receptor protein tyrosine kinase signaling pathway	BP	7	113	5.448833	0.584457
GO:0007173	epidermal growth factor receptor signaling pathway	BP	9	7	8.230311	0.823545
GO:0007178	cell surface receptor protein serine/threonine kinase signaling pathway	BP	7	223	4.769049	0.808364
GO:0007179	transforming growth factor beta receptor signaling pathway	BP	9	178	4.994437	1.000000
GO:0007186	G protein-coupled receptor signaling pathway	BP	5	546	3.873602	0.537990
GO:0007187	G protein-coupled receptor signaling pathway, coupled to cyclic nucleotide second messenger	BP	6	6	8.384461	0.931738
GO:0007188	adenylate cyclase-modulating G protein-coupled receptor signaling pathway	BP	6	148	5.179009	0.715352
GO:0007189	adenylate cyclase-activating G protein-coupled receptor signaling pathway	BP	7	76	5.845488	0.773238
GO:0007193	adenylate cyclase-inhibiting G protein-coupled receptor signaling pathway	BP	7	54	6.187237	0.808364
GO:0007200	phospholipase C-activating G protein-coupled receptor signaling pathway	BP	6	46	6.347580	0.763852
GO:0007204	positive regulation of cytosolic calcium ion concentration	BP	3	48	6.305020	0.773238
GO:0007212	G protein-coupled dopamine receptor signaling pathway	BP	6	8	8.096779	0.863476
GO:0007215	glutamate receptor signaling pathway	BP	6	24	6.998167	0.795214
GO:0007218	neuropeptide signaling pathway	BP	6	40	6.487341	0.931738
GO:0007219	Notch signaling pathway	BP	6	8	8.096779	0.795214
GO:0007224	smoothened signaling pathway	BP	6	16	7.403632	0.783614
GO:0007229	integrin-mediated signaling pathway	BP	6	3	9.077609	1.000000
GO:0007249	canonical NF-kappaB signal transduction	BP	7	4	8.789927	1.000000
GO:0007254	JNK cascade	BP	8	4	8.789927	1.000000
GO:0007259	cell surface receptor signaling pathway via JAK-STAT	BP	7	54	6.187237	1.000000
GO:0007264	small GTPase-mediated signal transduction	BP	7	55	6.168888	0.763852
GO:0007265	Ras protein signal transduction	BP	8	10	7.873636	1.000000
GO:0007266	Rho protein signal transduction	BP	8	9	7.978996	0.931738
GO:0007267	cell-cell signaling	BP	4	99	5.581101	0.537990
GO:0007268	chemical synaptic transmission	BP	8	42	6.438551	0.733308
GO:0007269	neurotransmitter secretion	BP	8	4	8.789927	0.687021
GO:0007271	synaptic transmission, cholinergic	BP	9	4	8.789927	1.000000
GO:0007272	ensheathment of neurons	BP	2	19	7.231782	0.733308
GO:0007274	neuromuscular synaptic transmission	BP	9	17	7.343008	0.931738
GO:0007275	multicellular organism development	BP	3	102	5.551248	0.695590
GO:0007276	gamete generation	BP	3	174	5.017166	0.841500
GO:0007281	germ cell development	BP	4	51	6.244395	0.863476
GO:0007283	spermatogenesis	BP	5	158	5.113626	1.000000
GO:0007286	spermatid development	BP	5	20	7.180489	1.000000
GO:0007288	sperm axoneme assembly	BP	9	8	8.096779	1.000000
GO:0007291	sperm individualization	BP	4	13	7.611272	1.000000
GO:0007292	female gamete generation	BP	4	18	7.285849	0.931738
GO:0007294	germarium-derived oocyte fate determination	BP	5	0		1.000000
GO:0007297	follicle cell of egg chamber migration	BP	6	0		0.863476
GO:0007298	border follicle cell migration	BP	7	0		1.000000
GO:0007309	oocyte axis specification	BP	4	0		0.823545
GO:0007310	oocyte dorsal/ventral axis specification	BP	5	0		0.891807
GO:0007316	pole plasm RNA localization	BP	4	0		0.823545
GO:0007320	insemination	BP	3	0		1.000000
GO:0007338	single fertilization	BP	3	20	7.180489	1.000000
GO:0007339	binding of sperm to zona pellucida	BP	5	12	7.691314	1.000000
GO:0007346	regulation of mitotic cell cycle	BP	5	164	5.076355	0.570945
GO:0007349	cellularization	BP	3	16	7.403632	0.823545
GO:0007365	periodic partitioning	BP	4	31	6.742234	0.891807
GO:0007368	determination of left/right symmetry	BP	5	18	7.285849	0.747400
GO:0007369	gastrulation	BP	4	11	7.778326	0.863476
GO:0007379	segment specification	BP	3	9	7.978996	0.661816
GO:0007389	pattern specification process	BP	2	196	4.898106	0.459036
GO:0007391	dorsal closure	BP	6	0		1.000000
GO:0007399	nervous system development	BP	4	16	7.403632	1.000000
GO:0007405	neuroblast proliferation	BP	4	0		1.000000
GO:0007409	axonogenesis	BP	8	18	7.285849	0.683001
GO:0007411	axon guidance	BP	8	53	6.205929	0.658690
GO:0007413	axonal fasciculation	BP	8	12	7.691314	0.891807
GO:0007416	synapse assembly	BP	6	14	7.537164	0.841500
GO:0007417	central nervous system development	BP	4	22	7.085178	1.000000
GO:0007419	ventral cord development	BP	4	0		1.000000
GO:0007420	brain development	BP	4	50	6.264198	1.000000
GO:0007422	peripheral nervous system development	BP	4	3	9.077609	1.000000
GO:0007423	sensory organ development	BP	4	110	5.475741	0.704976
GO:0007424	open tracheal system development	BP	5	0		1.000000
GO:0007427	epithelial cell migration, open tracheal system	BP	6	0		1.000000
GO:0007435	salivary gland morphogenesis	BP	5	123	5.364037	0.863476
GO:0007443	Malpighian tubule morphogenesis	BP	7	4	8.789927	1.000000
GO:0007444	imaginal disc development	BP	4	5	8.566783	0.773238
GO:0007447	imaginal disc pattern formation	BP	4	0		0.747400
GO:0007450	dorsal/ventral pattern formation, imaginal disc	BP	5	0		0.931738
GO:0007474	imaginal disc-derived wing vein specification	BP	4	0		1.000000
GO:0007476	imaginal disc-derived wing morphogenesis	BP	5	1	10.176221	1.000000
GO:0007480	imaginal disc-derived leg morphogenesis	BP	5	0		1.000000
GO:0007492	endoderm development	BP	4	2	9.483074	1.000000
GO:0007494	midgut development	BP	5	0		1.000000
GO:0007498	mesoderm development	BP	4	6	8.384461	0.823545
GO:0007507	heart development	BP	4	144	5.206408	0.891807
GO:0007517	muscle organ development	BP	4	34	6.649860	0.763852
GO:0007519	skeletal muscle tissue development	BP	6	10	7.873636	0.891807
GO:0007520	myoblast fusion	BP	5	9	7.978996	0.931738
GO:0007525	somatic muscle development	BP	4	1	10.176221	0.863476
GO:0007526	larval somatic muscle development	BP	5	0		1.000000
GO:0007528	neuromuscular junction development	BP	6	4	8.789927	0.891807
GO:0007530	sex determination	BP	3	31	6.742234	0.679138
GO:0007548	sex differentiation	BP	3	26	6.918124	0.891807
GO:0007549	sex-chromosome dosage compensation	BP	9	1	10.176221	0.823545
GO:0007552	metamorphosis	BP	4	4	8.789927	1.000000
GO:0007560	imaginal disc morphogenesis	BP	4	0		0.773238
GO:0007565	female pregnancy	BP	3	12	7.691314	1.000000
GO:0007566	embryo implantation	BP	2	12	7.691314	1.000000
GO:0007584	response to nutrient	BP	3	55	6.168888	0.587397
GO:0007588	excretion	BP	3	11	7.778326	0.773238
GO:0007589	body fluid secretion	BP	5	8	8.096779	0.783614
GO:0007595	lactation	BP	6	3	9.077609	1.000000
GO:0007596	blood coagulation	BP	5	8	8.096779	1.000000
GO:0007599	hemostasis	BP	4	15	7.468171	0.891807
GO:0007600	sensory perception	BP	4	68	5.956713	0.639208
GO:0007601	visual perception	BP	6	4	8.789927	0.931738
GO:0007602	phototransduction	BP	6	158	5.113626	0.795214
GO:0007605	sensory perception of sound	BP	6	26	6.918124	1.000000
GO:0007606	sensory perception of chemical stimulus	BP	5	8	8.096779	0.783614
GO:0007608	sensory perception of smell	BP	6	6	8.384461	1.000000
GO:0007610	behavior	BP	2	211	4.824363	0.512639
GO:0007611	learning or memory	BP	5	66	5.986566	0.691212
GO:0007612	learning	BP	6	30	6.775024	0.733308
GO:0007613	memory	BP	6	29	6.808925	0.841500
GO:0007614	short-term memory	BP	7	6	8.384461	1.000000
GO:0007616	long-term memory	BP	7	13	7.611272	1.000000
GO:0007617	mating behavior	BP	4	39	6.512659	0.683001
GO:0007618	mating	BP	3	3	9.077609	1.000000
GO:0007619	courtship behavior	BP	5	27	6.880384	0.783614
GO:0007622	rhythmic behavior	BP	3	20	7.180489	0.763852
GO:0007623	circadian rhythm	BP	2	140	5.234579	0.710028
GO:0007626	locomotory behavior	BP	3	27	6.880384	0.733308
GO:0007628	adult walking behavior	BP	5	0		1.000000
GO:0007631	feeding behavior	BP	3	19	7.231782	0.755283
GO:0007632	visual behavior	BP	5	13	7.611272	0.841500
GO:0007635	chemosensory behavior	BP	3	18	7.285849	0.795214
GO:0007638	mechanosensory behavior	BP	3	3	9.077609	0.891807
GO:0008015	blood circulation	BP	4	12	7.691314	0.891807
GO:0008016	regulation of heart contraction	BP	6	76	5.845488	0.598439
GO:0008033	tRNA processing	BP	8	209	4.833887	0.596783
GO:0008037	cell recognition	BP	2	44	6.392031	0.679138
GO:0008038	neuron recognition	BP	3	17	7.343008	0.763852
GO:0008039	synaptic target recognition	BP	4	0		1.000000
GO:0008045	motor neuron axon guidance	BP	9	5	8.566783	0.795214
GO:0008049	male courtship behavior	BP	6	1	10.176221	0.808364
GO:0008064	regulation of actin polymerization or depolymerization	BP	9	36	6.592702	0.726952
GO:0008078	mesodermal cell migration	BP	5	0		0.931738
GO:0008088	axo-dendritic transport	BP	7	14	7.537164	0.671840
GO:0008089	anterograde axonal transport	BP	9	7	8.230311	0.808364
GO:0008104	intracellular protein localization	BP	3	654	3.693114	0.435692
GO:0008150	biological_process	BP	0	26271	0.000000	0.000000
GO:0008152	metabolic process	BP	2	11099	0.861611	0.157751
GO:0008154	actin polymerization or depolymerization	BP	6	49	6.284401	0.863476
GO:0008156	negative regulation of DNA replication	BP	9	6	8.384461	0.720981
GO:0008202	steroid metabolic process	BP	5	214	4.810245	0.569691
GO:0008203	cholesterol metabolic process	BP	7	59	6.098684	0.808364
GO:0008204	ergosterol metabolic process	BP	7	9	7.978996	0.931738
GO:0008206	bile acid metabolic process	BP	8	27	6.880384	0.863476
GO:0008207	C21-steroid hormone metabolic process	BP	6	32	6.710485	0.783614
GO:0008209	androgen metabolic process	BP	6	15	7.468171	0.891807
GO:0008210	estrogen metabolic process	BP	6	31	6.742234	0.891807
GO:0008213	protein alkylation	BP	6	46	6.347580	0.683001
GO:0008216	spermidine metabolic process	BP	6	21	7.131699	0.841500
GO:0008217	regulation of blood pressure	BP	3	90	5.676411	0.607159
GO:0008218	bioluminescence	BP	3	19	7.231782	1.000000
GO:0008219	cell death	BP	2	215	4.805583	0.541672
GO:0008277	regulation of G protein-coupled receptor signaling pathway	BP	6	86	5.721874	0.583019
GO:0008283	cell population proliferation	BP	2	317	4.417319	0.498967
GO:0008284	positive regulation of cell population proliferation	BP	5	613	3.757856	0.553624
GO:0008285	negative regulation of cell population proliferation	BP	5	655	3.691586	0.559066
GO:0008286	insulin receptor signaling pathway	BP	8	18	7.285849	1.000000
GO:0008298	intracellular mRNA localization	BP	4	0		0.773238
GO:0008299	isoprenoid biosynthetic process	BP	6	481	4.000354	0.551528
GO:0008300	isoprenoid catabolic process	BP	6	37	6.565303	0.588901
GO:0008306	associative learning	BP	7	23	7.040727	0.841500
GO:0008333	endosome to lysosome transport	BP	7	10	7.873636	0.841500
GO:0008340	determination of adult lifespan	BP	2	22	7.085178	1.000000
GO:0008343	adult feeding behavior	BP	4	6	8.384461	1.000000
GO:0008344	adult locomotory behavior	BP	4	8	8.096779	0.841500
GO:0008345	larval locomotory behavior	BP	4	0		0.863476
GO:0008347	glial cell migration	BP	4	61	6.065347	0.726952
GO:0008354	germ cell migration	BP	4	6	8.384461	1.000000
GO:0008355	olfactory learning	BP	8	12	7.691314	1.000000
GO:0008356	asymmetric cell division	BP	3	6	8.384461	0.740102
GO:0008360	regulation of cell shape	BP	6	68	5.956713	0.675422
GO:0008361	regulation of cell size	BP	5	18	7.285849	0.783614
GO:0008366	axon ensheathment	BP	3	19	7.231782	0.747400
GO:0008380	RNA splicing	BP	5	129	5.316409	0.715352
GO:0008406	gonad development	BP	4	43	6.415021	0.891807
GO:0008407	chaeta morphogenesis	BP	4	2	9.483074	0.931738
GO:0008535	respiratory chain complex IV assembly	BP	7	68	5.956713	0.891807
GO:0008542	visual learning	BP	8	11	7.778326	1.000000
GO:0008543	fibroblast growth factor receptor signaling pathway	BP	8	9	7.978996	0.720981
GO:0008544	epidermis development	BP	4	10	7.873636	0.841500
GO:0008582	regulation of synaptic assembly at neuromuscular junction	BP	7	28	6.844016	0.891807
GO:0008584	male gonad development	BP	5	22	7.085178	1.000000
GO:0008585	female gonad development	BP	5	16	7.403632	1.000000
GO:0008586	imaginal disc-derived wing vein morphogenesis	BP	4	0		1.000000
GO:0008587	imaginal disc-derived wing margin morphogenesis	BP	4	12	7.691314	1.000000
GO:0008589	regulation of smoothened signaling pathway	BP	6	12	7.691314	0.795214
GO:0008593	regulation of Notch signaling pathway	BP	6	12	7.691314	0.841500
GO:0008595	anterior/posterior axis specification, embryo	BP	5	0		0.891807
GO:0008608	attachment of spindle microtubules to kinetochore	BP	3	68	5.956713	0.795214
GO:0008610	lipid biosynthetic process	BP	5	1157	3.122635	0.450501
GO:0008625	extrinsic apoptotic signaling pathway via death domain receptors	BP	7	2	9.483074	0.931738
GO:0008630	intrinsic apoptotic signaling pathway in response to DNA damage	BP	7	46	6.347580	0.931738
GO:0008637	apoptotic mitochondrial changes	BP	6	19	7.231782	0.795214
GO:0008643	carbohydrate transport	BP	4	89	5.687585	0.562482
GO:0008645	hexose transmembrane transport	BP	7	18	7.285849	0.726952
GO:0008652	amino acid biosynthetic process	BP	5	204	4.858101	0.545497
GO:0008653	lipopolysaccharide metabolic process	BP	6	43	6.415021	0.891807
GO:0008654	phospholipid biosynthetic process	BP	6	155	5.132796	0.610876
GO:0009056	catabolic process	BP	3	2038	2.556497	0.296955
GO:0009057	macromolecule catabolic process	BP	4	789	3.505455	0.486963
GO:0009058	biosynthetic process	BP	3	4495	1.765500	0.268565
GO:0009059	macromolecule biosynthetic process	BP	4	1278	3.023169	0.414230
GO:0009060	aerobic respiration	BP	6	376	4.246632	0.733308
GO:0009061	anaerobic respiration	BP	6	23	7.040727	0.726952
GO:0009062	fatty acid catabolic process	BP	9	72	5.899555	0.671840
GO:0009063	amino acid catabolic process	BP	5	253	4.642831	0.516195
GO:0009064	glutamine family amino acid metabolic process	BP	9	82	5.769502	0.620832
GO:0009065	glutamine family amino acid catabolic process	BP	10	18	7.285849	0.700171
GO:0009066	aspartate family amino acid metabolic process	BP	9	134	5.278381	0.590428
GO:0009067	aspartate family amino acid biosynthetic process	BP	10	72	5.899555	0.668384
GO:0009068	aspartate family amino acid catabolic process	BP	10	14	7.537164	0.683001
GO:0009069	serine family amino acid metabolic process	BP	8	50	6.264198	0.627328
GO:0009070	serine family amino acid biosynthetic process	BP	9	24	6.998167	0.755283
GO:0009072	aromatic amino acid metabolic process	BP	7	235	4.716635	0.616728
GO:0009073	aromatic amino acid family biosynthetic process	BP	8	41	6.462649	0.747400
GO:0009074	aromatic amino acid family catabolic process	BP	8	153	5.145783	0.704976
GO:0009081	branched-chain amino acid metabolic process	BP	7	38	6.538635	0.704976
GO:0009082	branched-chain amino acid biosynthetic process	BP	8	21	7.131699	0.823545
GO:0009083	branched-chain amino acid catabolic process	BP	8	11	7.778326	0.783614
GO:0009084	glutamine family amino acid biosynthetic process	BP	10	29	6.808925	0.773238
GO:0009086	methionine biosynthetic process	BP	11	52	6.224977	0.763852
GO:0009100	glycoprotein metabolic process	BP	5	282	4.534314	0.600122
GO:0009101	glycoprotein biosynthetic process	BP	6	243	4.683160	0.668384
GO:0009110	vitamin biosynthetic process	BP	5	87	5.710313	0.661816
GO:0009112	nucleobase metabolic process	BP	6	42	6.438551	0.639208
GO:0009116	nucleoside metabolic process	BP	6	46	6.347580	0.546477
GO:0009117	nucleotide metabolic process	BP	7	429	4.114764	0.450130
GO:0009119	ribonucleoside metabolic process	BP	7	35	6.620873	0.629592
GO:0009123	nucleoside monophosphate metabolic process	BP	7	48	6.305020	0.560191
GO:0009124	nucleoside monophosphate biosynthetic process	BP	8	26	6.918124	0.639208
GO:0009126	purine nucleoside monophosphate metabolic process	BP	8	27	6.880384	0.636714
GO:0009127	purine nucleoside monophosphate biosynthetic process	BP	9	18	7.285849	0.704976
GO:0009129	pyrimidine nucleoside monophosphate metabolic process	BP	8	9	7.978996	0.658690
GO:0009132	nucleoside diphosphate metabolic process	BP	7	62	6.049087	0.573504
GO:0009134	nucleoside diphosphate catabolic process	BP	8	54	6.187237	0.649865
GO:0009135	purine nucleoside diphosphate metabolic process	BP	8	54	6.187237	0.634282
GO:0009137	purine nucleoside diphosphate catabolic process	BP	9	51	6.244395	0.691212
GO:0009141	nucleoside triphosphate metabolic process	BP	7	221	4.778058	0.563647
GO:0009142	nucleoside triphosphate biosynthetic process	BP	8	146	5.192614	0.671840
GO:0009144	purine nucleoside triphosphate metabolic process	BP	8	199	4.882916	0.620832
GO:0009145	purine nucleoside triphosphate biosynthetic process	BP	9	129	5.316409	0.740102
GO:0009150	purine ribonucleotide metabolic process	BP	9	287	4.516739	0.566020
GO:0009152	purine ribonucleotide biosynthetic process	BP	10	184	4.961285	0.665046
GO:0009154	purine ribonucleotide catabolic process	BP	10	71	5.913541	0.665046
GO:0009156	ribonucleoside monophosphate biosynthetic process	BP	9	22	7.085178	0.691212
GO:0009163	nucleoside biosynthetic process	BP	7	12	7.691314	0.641766
GO:0009164	nucleoside catabolic process	BP	7	6	8.384461	0.675422
GO:0009165	nucleotide biosynthetic process	BP	8	248	4.662792	0.539814
GO:0009166	nucleotide catabolic process	BP	8	101	5.561100	0.573504
GO:0009167	purine ribonucleoside monophosphate metabolic process	BP	9	27	6.880384	0.683001
GO:0009168	purine ribonucleoside monophosphate biosynthetic process	BP	10	18	7.285849	0.747400
GO:0009179	purine ribonucleoside diphosphate metabolic process	BP	9	54	6.187237	0.671840
GO:0009181	purine ribonucleoside diphosphate catabolic process	BP	10	51	6.244395	0.710028
GO:0009185	ribonucleoside diphosphate metabolic process	BP	8	59	6.098684	0.629592
GO:0009187	cyclic nucleotide metabolic process	BP	8	64	6.017338	0.773238
GO:0009190	cyclic nucleotide biosynthetic process	BP	9	37	6.565303	0.891807
GO:0009191	ribonucleoside diphosphate catabolic process	BP	9	54	6.187237	0.687021
GO:0009201	ribonucleoside triphosphate biosynthetic process	BP	9	131	5.301024	0.733308
GO:0009205	purine ribonucleoside triphosphate metabolic process	BP	9	195	4.903221	0.661816
GO:0009206	purine ribonucleoside triphosphate biosynthetic process	BP	10	129	5.316409	0.795214
GO:0009218	pyrimidine ribonucleotide metabolic process	BP	9	14	7.537164	0.644392
GO:0009219	pyrimidine deoxyribonucleotide metabolic process	BP	10	9	7.978996	0.649865
GO:0009225	nucleotide-sugar metabolic process	BP	7	35	6.620873	0.610876
GO:0009226	nucleotide-sugar biosynthetic process	BP	8	24	6.998167	0.683001
GO:0009237	siderophore metabolic process	BP	4	67	5.971528	0.704976
GO:0009247	glycolipid biosynthetic process	BP	7	97	5.601510	0.691212
GO:0009250	glucan biosynthetic process	BP	7	43	6.415021	0.675422
GO:0009251	glucan catabolic process	BP	7	83	5.757380	0.710028
GO:0009259	ribonucleotide metabolic process	BP	8	299	4.475777	0.523716
GO:0009260	ribonucleotide biosynthetic process	BP	9	190	4.929197	0.616728
GO:0009261	ribonucleotide catabolic process	BP	9	76	5.845488	0.631909
GO:0009262	deoxyribonucleotide metabolic process	BP	8	22	7.085178	0.581602
GO:0009263	deoxyribonucleotide biosynthetic process	BP	9	16	7.403632	0.671840
GO:0009265	2'-deoxyribonucleotide biosynthetic process	BP	10	5	8.566783	0.675422
GO:0009266	response to temperature stimulus	BP	3	581	3.811470	0.679138
GO:0009267	cellular response to starvation	BP	4	160	5.101047	0.687021
GO:0009268	response to pH	BP	3	68	5.956713	0.763852
GO:0009272	fungal-type cell wall biogenesis	BP	5	5	8.566783	0.931738
GO:0009299	mRNA transcription	BP	9	38	6.538635	0.931738
GO:0009303	rRNA transcription	BP	9	18	7.285849	0.863476
GO:0009306	protein secretion	BP	6	233	4.725182	0.691212
GO:0009308	amine metabolic process	BP	3	109	5.484873	0.549476
GO:0009309	amine biosynthetic process	BP	4	61	6.065347	0.668384
GO:0009310	amine catabolic process	BP	4	28	6.844016	0.679138
GO:0009311	oligosaccharide metabolic process	BP	5	113	5.448833	0.600122
GO:0009312	oligosaccharide biosynthetic process	BP	6	57	6.133170	0.726952
GO:0009313	oligosaccharide catabolic process	BP	6	36	6.592702	0.687021
GO:0009314	response to radiation	BP	3	554	3.859056	0.548466
GO:0009372	quorum sensing	BP	5	9	7.978996	0.931738
GO:0009394	2'-deoxyribonucleotide metabolic process	BP	9	11	7.778326	0.585916
GO:0009395	phospholipid catabolic process	BP	6	34	6.649860	0.715352
GO:0009403	toxin biosynthetic process	BP	5	225	4.760121	0.668384
GO:0009404	toxin metabolic process	BP	4	260	4.615539	0.603578
GO:0009407	toxin catabolic process	BP	5	8	8.096779	0.755283
GO:0009408	response to heat	BP	4	387	4.217796	0.795214
GO:0009409	response to cold	BP	4	326	4.389324	0.823545
GO:0009410	response to xenobiotic stimulus	BP	3	148	5.179009	0.931738
GO:0009411	response to UV	BP	5	152	5.152340	0.733308
GO:0009414	response to water deprivation	BP	5	98	5.591253	0.841500
GO:0009415	response to water	BP	4	105	5.522261	0.740102
GO:0009416	response to light stimulus	BP	4	506	3.949684	0.556853
GO:0009432	SOS response	BP	5	124	5.355939	1.000000
GO:0009435	NAD+ biosynthetic process	BP	11	10	7.873636	0.863476
GO:0009451	RNA modification	BP	7	213	4.814929	0.549476
GO:0009453	energy taxis	BP	3	3	9.077609	0.755283
GO:0009553	embryo sac development	BP	5	1	10.176221	1.000000
GO:0009555	pollen development	BP	5	29	6.808925	1.000000
GO:0009566	fertilization	BP	2	33	6.679713	0.863476
GO:0009581	detection of external stimulus	BP	3	177	5.000071	0.625115
GO:0009582	detection of abiotic stimulus	BP	3	177	5.000071	0.614739
GO:0009583	detection of light stimulus	BP	5	160	5.101047	0.740102
GO:0009593	detection of chemical stimulus	BP	3	74	5.872156	0.585916
GO:0009595	detection of biotic stimulus	BP	3	39	6.512659	0.661816
GO:0009605	response to external stimulus	BP	2	1768	2.698617	0.452377
GO:0009606	tropism	BP	3	9	7.978996	0.783614
GO:0009607	response to biotic stimulus	BP	2	1533	2.841239	0.468828
GO:0009608	response to symbiont	BP	5	65	6.001834	0.773238
GO:0009610	response to symbiotic fungus	BP	6	54	6.187237	0.931738
GO:0009611	response to wounding	BP	3	223	4.769049	0.733308
GO:0009612	response to mechanical stimulus	BP	3	63	6.033086	0.700171
GO:0009615	response to virus	BP	5	253	4.642831	0.773238
GO:0009617	response to bacterium	BP	5	657	3.688537	0.733308
GO:0009620	response to fungus	BP	5	322	4.401669	0.783614
GO:0009624	response to nematode	BP	5	2	9.483074	1.000000
GO:0009625	response to insect	BP	5	12	7.691314	1.000000
GO:0009626	plant-type hypersensitive response	BP	8	4	8.789927	1.000000
GO:0009628	response to abiotic stimulus	BP	2	1671	2.755043	0.457030
GO:0009629	response to gravity	BP	3	19	7.231782	0.773238
GO:0009630	gravitropism	BP	4	9	7.978996	0.891807
GO:0009631	cold acclimation	BP	5	10	7.873636	1.000000
GO:0009636	response to toxic substance	BP	3	62	6.049087	0.747400
GO:0009637	response to blue light	BP	5	9	7.978996	0.808364
GO:0009639	response to red or far red light	BP	5	6	8.384461	0.733308
GO:0009640	photomorphogenesis	BP	6	0		1.000000
GO:0009642	response to light intensity	BP	5	22	7.085178	0.695590
GO:0009644	response to high light intensity	BP	6	6	8.384461	0.863476
GO:0009646	response to absence of light	BP	6	16	7.403632	0.863476
GO:0009648	photoperiodism	BP	5	51	6.244395	0.783614
GO:0009649	entrainment of circadian clock	BP	4	83	5.757380	0.931738
GO:0009651	response to salt stress	BP	4	195	4.903221	0.783614
GO:0009653	anatomical structure morphogenesis	BP	2	775	3.523358	0.355405
GO:0009657	plastid organization	BP	5	15	7.468171	0.726952
GO:0009658	chloroplast organization	BP	6	11	7.778326	0.808364
GO:0009664	plant-type cell wall organization	BP	6	78	5.819512	0.773238
GO:0009668	plastid membrane organization	BP	5	2	9.483074	0.841500
GO:0009685	gibberellin metabolic process	BP	8	21	7.131699	0.841500
GO:0009698	phenylpropanoid metabolic process	BP	4	129	5.316409	0.573504
GO:0009699	phenylpropanoid biosynthetic process	BP	5	103	5.541492	0.661816
GO:0009712	catechol-containing compound metabolic process	BP	4	63	6.033086	0.609000
GO:0009713	catechol-containing compound biosynthetic process	BP	5	42	6.438551	0.710028
GO:0009719	response to endogenous stimulus	BP	2	1065	3.205491	0.498361
GO:0009723	response to ethylene	BP	4	49	6.284401	0.891807
GO:0009725	response to hormone	BP	3	969	3.299956	0.537990
GO:0009733	response to auxin	BP	4	66	5.986566	0.841500
GO:0009735	response to cytokinin	BP	4	42	6.438551	0.891807
GO:0009736	cytokinin-activated signaling pathway	BP	6	6	8.384461	1.000000
GO:0009737	response to abscisic acid	BP	5	81	5.781772	0.891807
GO:0009738	abscisic acid-activated signaling pathway	BP	6	16	7.403632	0.931738
GO:0009739	response to gibberellin	BP	4	36	6.592702	0.891807
GO:0009741	response to brassinosteroid	BP	4	20	7.180489	0.891807
GO:0009742	brassinosteroid mediated signaling pathway	BP	7	6	8.384461	1.000000
GO:0009743	response to carbohydrate	BP	4	123	5.364037	0.625115
GO:0009744	response to sucrose	BP	6	9	7.978996	0.891807
GO:0009746	response to hexose	BP	6	89	5.687585	0.740102
GO:0009749	response to glucose	BP	7	84	5.745404	0.891807
GO:0009751	response to salicylic acid	BP	4	37	6.565303	0.891807
GO:0009753	response to jasmonic acid	BP	5	90	5.676411	0.863476
GO:0009755	hormone-mediated signaling pathway	BP	5	122	5.372200	0.649865
GO:0009756	carbohydrate mediated signaling	BP	5	2	9.483074	0.808364
GO:0009787	regulation of abscisic acid-activated signaling pathway	BP	6	6	8.384461	0.891807
GO:0009788	negative regulation of abscisic acid-activated signaling pathway	BP	7	4	8.789927	1.000000
GO:0009789	positive regulation of abscisic acid-activated signaling pathway	BP	7	2	9.483074	1.000000
GO:0009790	embryo development	BP	4	60	6.081876	0.783614
GO:0009791	post-embryonic development	BP	2	95	5.622344	0.675422
GO:0009792	embryo development ending in birth or egg hatching	BP	5	46	6.347580	0.863476
GO:0009793	embryo development ending in seed dormancy	BP	5	14	7.537164	0.891807
GO:0009798	axis specification	BP	3	12	7.691314	0.652719
GO:0009799	specification of symmetry	BP	3	22	7.085178	0.715352
GO:0009804	coumarin metabolic process	BP	5	34	6.649860	0.763852
GO:0009808	lignin metabolic process	BP	5	27	6.880384	0.747400
GO:0009812	flavonoid metabolic process	BP	3	53	6.205929	0.665046
GO:0009813	flavonoid biosynthetic process	BP	4	43	6.415021	0.733308
GO:0009820	alkaloid metabolic process	BP	3	220	4.782593	0.587397
GO:0009821	alkaloid biosynthetic process	BP	5	168	5.052257	0.647090
GO:0009826	unidimensional cell growth	BP	4	175	5.011435	0.773238
GO:0009832	plant-type cell wall biogenesis	BP	5	41	6.462649	0.863476
GO:0009834	plant-type secondary cell wall biogenesis	BP	6	40	6.487341	0.931738
GO:0009845	seed germination	BP	2	11	7.778326	0.931738
GO:0009846	pollen germination	BP	2	9	7.978996	1.000000
GO:0009855	determination of bilateral symmetry	BP	4	22	7.085178	0.733308
GO:0009860	pollen tube growth	BP	6	4	8.789927	1.000000
GO:0009867	jasmonic acid mediated signaling pathway	BP	6	4	8.789927	0.891807
GO:0009873	ethylene-activated signaling pathway	BP	7	1	10.176221	0.891807
GO:0009880	embryonic pattern specification	BP	3	14	7.537164	0.747400
GO:0009886	post-embryonic animal morphogenesis	BP	3	17	7.343008	0.605352
GO:0009887	animal organ morphogenesis	BP	3	307	4.449373	0.544526
GO:0009888	tissue development	BP	3	144	5.206408	0.475783
GO:0009889	regulation of biosynthetic process	BP	5	3967	1.890456	0.280509
GO:0009890	negative regulation of biosynthetic process	BP	6	1455	2.893460	0.389166
GO:0009891	positive regulation of biosynthetic process	BP	6	2259	2.453543	0.399453
GO:0009892	negative regulation of metabolic process	BP	5	1846	2.655445	0.336301
GO:0009893	positive regulation of metabolic process	BP	5	2709	2.271886	0.340832
GO:0009894	regulation of catabolic process	BP	5	426	4.121782	0.418701
GO:0009895	negative regulation of catabolic process	BP	6	215	4.805583	0.541672
GO:0009896	positive regulation of catabolic process	BP	6	164	5.076355	0.523716
GO:0009908	flower development	BP	6	14	7.537164	1.000000
GO:0009909	regulation of flower development	BP	6	19	7.231782	0.891807
GO:0009910	negative regulation of flower development	BP	7	1	10.176221	1.000000
GO:0009913	epidermal cell differentiation	BP	5	22	7.085178	0.740102
GO:0009914	hormone transport	BP	4	224	4.764575	0.590428
GO:0009926	auxin polar transport	BP	6	4	8.789927	0.891807
GO:0009932	cell tip growth	BP	5	8	8.096779	0.891807
GO:0009948	anterior/posterior axis specification	BP	4	10	7.873636	0.823545
GO:0009950	dorsal/ventral axis specification	BP	4	0		0.795214
GO:0009952	anterior/posterior pattern specification	BP	4	37	6.565303	0.679138
GO:0009953	dorsal/ventral pattern formation	BP	4	57	6.133170	0.783614
GO:0009954	proximal/distal pattern formation	BP	4	0		0.755283
GO:0009965	leaf morphogenesis	BP	4	1	10.176221	0.863476
GO:0009966	regulation of signal transduction	BP	5	1444	2.901049	0.349902
GO:0009967	positive regulation of signal transduction	BP	6	850	3.430985	0.468382
GO:0009968	negative regulation of signal transduction	BP	6	479	4.004520	0.456239
GO:0009987	cellular process	BP	1	18608	0.344874	0.083076
GO:0009988	cell-cell recognition	BP	3	24	6.998167	0.823545
GO:0009996	negative regulation of cell fate specification	BP	7	0		0.715352
GO:0010001	glial cell differentiation	BP	4	17	7.343008	0.715352
GO:0010027	thylakoid membrane organization	BP	6	2	9.483074	0.931738
GO:0010029	regulation of seed germination	BP	7	1	10.176221	0.891807
GO:0010037	response to carbon dioxide	BP	4	12	7.691314	0.931738
GO:0010038	response to metal ion	BP	3	302	4.465794	0.612789
GO:0010039	response to iron ion	BP	4	94	5.632926	0.823545
GO:0010042	response to manganese ion	BP	4	2	9.483074	0.891807
GO:0010043	response to zinc ion	BP	4	66	5.986566	0.891807
GO:0010051	xylem and phloem pattern formation	BP	4	2	9.483074	0.823545
GO:0010074	maintenance of meristem identity	BP	4	7	8.230311	0.823545
GO:0010075	regulation of meristem growth	BP	5	2	9.483074	0.823545
GO:0010087	phloem or xylem histogenesis	BP	4	1	10.176221	0.841500
GO:0010106	cellular response to iron ion starvation	BP	5	41	6.462649	1.000000
GO:0010109	regulation of photosynthesis	BP	5	15	7.468171	0.747400
GO:0010114	response to red light	BP	6	5	8.566783	0.823545
GO:0010118	stomatal movement	BP	2	1	10.176221	0.891807
GO:0010119	regulation of stomatal movement	BP	4	0		0.841500
GO:0010150	leaf senescence	BP	3	5	8.566783	1.000000
GO:0010165	response to X-ray	BP	5	1	10.176221	0.931738
GO:0010171	body morphogenesis	BP	3	1	10.176221	0.891807
GO:0010172	embryonic body morphogenesis	BP	4	0		1.000000
GO:0010182	sugar mediated signaling pathway	BP	6	1	10.176221	0.823545
GO:0010183	pollen tube guidance	BP	5	1	10.176221	1.000000
GO:0010208	pollen wall assembly	BP	6	8	8.096779	0.891807
GO:0010212	response to ionizing radiation	BP	4	41	6.462649	0.823545
GO:0010218	response to far red light	BP	6	1	10.176221	0.863476
GO:0010224	response to UV-B	BP	6	73	5.885762	0.931738
GO:0010225	response to UV-C	BP	6	7	8.230311	0.931738
GO:0010226	response to lithium ion	BP	4	3	9.077609	0.931738
GO:0010228	vegetative to reproductive phase transition of meristem	BP	3	2	9.483074	1.000000
GO:0010232	vascular transport	BP	5	1	10.176221	0.733308
GO:0010257	NADH dehydrogenase complex assembly	BP	6	256	4.631044	0.891807
GO:0010286	heat acclimation	BP	5	8	8.096779	0.931738
GO:0010288	response to lead ion	BP	4	1	10.176221	0.931738
GO:0010311	lateral root formation	BP	4	9	7.978996	1.000000
GO:0010324	membrane invagination	BP	5	45	6.369558	0.783614
GO:0010332	response to gamma radiation	BP	5	8	8.096779	0.931738
GO:0010383	cell wall polysaccharide metabolic process	BP	6	31	6.742234	0.631909
GO:0010389	regulation of G2/M transition of mitotic cell cycle	BP	8	24	6.998167	0.783614
GO:0010393	galacturonan metabolic process	BP	6	161	5.094817	0.715352
GO:0010446	response to alkaline pH	BP	4	9	7.978996	0.931738
GO:0010447	response to acidic pH	BP	4	28	6.844016	0.891807
GO:0010453	regulation of cell fate commitment	BP	4	5	8.566783	0.583019
GO:0010454	negative regulation of cell fate commitment	BP	6	0		0.655659
GO:0010467	gene expression	BP	5	106	5.512782	0.509885
GO:0010468	regulation of gene expression	BP	7	3686	1.963924	0.338899
GO:0010469	regulation of signaling receptor activity	BP	6	74	5.872156	0.675422
GO:0010476	gibberellin mediated signaling pathway	BP	6	10	7.873636	0.863476
GO:0010498	proteasomal protein catabolic process	BP	7	118	5.405536	0.720981
GO:0010506	regulation of autophagy	BP	6	128	5.324191	0.647090
GO:0010507	negative regulation of autophagy	BP	7	29	6.808925	0.763852
GO:0010508	positive regulation of autophagy	BP	7	86	5.721874	0.747400
GO:0010526	transposable element silencing	BP	9	55	6.168888	0.783614
GO:0010543	regulation of platelet activation	BP	5	10	7.873636	0.823545
GO:0010556	regulation of macromolecule biosynthetic process	BP	6	3737	1.950183	0.325495
GO:0010557	positive regulation of macromolecule biosynthetic process	BP	7	2135	2.509999	0.450873
GO:0010558	negative regulation of macromolecule biosynthetic process	BP	7	1396	2.934855	0.433167
GO:0010562	positive regulation of phosphorus metabolic process	BP	6	261	4.611701	0.566020
GO:0010563	negative regulation of phosphorus metabolic process	BP	6	106	5.512782	0.566020
GO:0010564	regulation of cell cycle process	BP	5	267	4.588972	0.425380
GO:0010565	regulation of ketone metabolic process	BP	5	108	5.494090	0.489139
GO:0010566	regulation of ketone biosynthetic process	BP	6	37	6.565303	0.577470
GO:0010569	regulation of double-strand break repair via homologous recombination	BP	10	40	6.487341	0.841500
GO:0010570	regulation of filamentous growth	BP	4	4	8.789927	0.649865
GO:0010586	miRNA metabolic process	BP	7	5	8.566783	0.863476
GO:0010591	regulation of lamellipodium assembly	BP	8	28	6.844016	0.891807
GO:0010592	positive regulation of lamellipodium assembly	BP	9	25	6.957345	1.000000
GO:0010594	regulation of endothelial cell migration	BP	6	143	5.213376	0.726952
GO:0010595	positive regulation of endothelial cell migration	BP	7	124	5.355939	0.823545
GO:0010596	negative regulation of endothelial cell migration	BP	7	55	6.168888	0.841500
GO:0010597	green leaf volatile biosynthetic process	BP	10	89	5.687585	1.000000
GO:0010604	positive regulation of macromolecule metabolic process	BP	6	2403	2.391748	0.396403
GO:0010605	negative regulation of macromolecule metabolic process	BP	6	1708	2.733143	0.386802
GO:0010608	post-transcriptional regulation of gene expression	BP	8	378	4.241327	0.494220
GO:0010611	regulation of cardiac muscle hypertrophy	BP	7	4	8.789927	0.795214
GO:0010613	positive regulation of cardiac muscle hypertrophy	BP	8	4	8.789927	0.891807
GO:0010623	programmed cell death involved in cell development	BP	4	2	9.483074	0.783614
GO:0010628	positive regulation of gene expression	BP	8	1261	3.036561	0.480708
GO:0010629	negative regulation of gene expression	BP	8	741	3.568220	0.456239
GO:0010631	epithelial cell migration	BP	5	6	8.384461	0.687021
GO:0010632	regulation of epithelial cell migration	BP	6	86	5.721874	0.773238
GO:0010634	positive regulation of epithelial cell migration	BP	7	80	5.794194	0.891807
GO:0010638	positive regulation of organelle organization	BP	6	157	5.119975	0.523716
GO:0010639	negative regulation of organelle organization	BP	6	117	5.414047	0.537090
GO:0010646	regulation of cell communication	BP	4	1667	2.757440	0.319322
GO:0010647	positive regulation of cell communication	BP	5	991	3.277506	0.441283
GO:0010648	negative regulation of cell communication	BP	5	534	3.895825	0.434737
GO:0010656	negative regulation of muscle cell apoptotic process	BP	7	15	7.468171	0.841500
GO:0010660	regulation of muscle cell apoptotic process	BP	6	16	7.403632	0.733308
GO:0010662	regulation of striated muscle cell apoptotic process	BP	7	0		0.823545
GO:0010665	regulation of cardiac muscle cell apoptotic process	BP	8	0		0.891807
GO:0010669	epithelial structure maintenance	BP	5	10	7.873636	0.863476
GO:0010712	regulation of collagen metabolic process	BP	5	91	5.665361	0.783614
GO:0010717	regulation of epithelial to mesenchymal transition	BP	5	211	4.824363	0.695590
GO:0010718	positive regulation of epithelial to mesenchymal transition	BP	6	153	5.145783	0.795214
GO:0010720	positive regulation of cell development	BP	6	117	5.414047	0.540738
GO:0010721	negative regulation of cell development	BP	6	115	5.431289	0.539814
GO:0010765	positive regulation of sodium ion transport	BP	8	45	6.369558	0.795214
GO:0010770	positive regulation of cell morphogenesis	BP	7	10	7.873636	0.773238
GO:0010803	regulation of tumor necrosis factor-mediated signaling pathway	BP	7	19	7.231782	0.891807
GO:0010810	regulation of cell-substrate adhesion	BP	5	98	5.591253	0.687021
GO:0010811	positive regulation of cell-substrate adhesion	BP	6	56	6.150869	0.795214
GO:0010812	negative regulation of cell-substrate adhesion	BP	6	41	6.462649	0.795214
GO:0010817	regulation of hormone levels	BP	3	616	3.752974	0.425958
GO:0010821	regulation of mitochondrion organization	BP	6	63	6.033086	0.700171
GO:0010824	regulation of centrosome duplication	BP	7	12	7.691314	0.808364
GO:0010827	regulation of D-glucose transmembrane transport	BP	6	48	6.305020	0.823545
GO:0010828	positive regulation of D-glucose transmembrane transport	BP	7	30	6.775024	0.931738
GO:0010830	regulation of myotube differentiation	BP	7	9	7.978996	0.755283
GO:0010833	telomere maintenance via telomere lengthening	BP	8	22	7.085178	0.931738
GO:0010842	retina layer formation	BP	3	27	6.880384	1.000000
GO:0010880	regulation of release of sequestered calcium ion into cytosol by sarcoplasmic reticulum	BP	10	11	7.778326	0.841500
GO:0010882	regulation of cardiac muscle contraction by calcium ion signaling	BP	9	4	8.789927	0.931738
GO:0010883	regulation of lipid storage	BP	4	9	7.978996	0.783614
GO:0010893	positive regulation of steroid biosynthetic process	BP	9	53	6.205929	0.726952
GO:0010906	regulation of glucose metabolic process	BP	7	47	6.326073	0.726952
GO:0010907	positive regulation of glucose metabolic process	BP	8	23	7.040727	0.808364
GO:0010927	cellular component assembly involved in morphogenesis	BP	5	48	6.305020	0.655659
GO:0010928	regulation of auxin mediated signaling pathway	BP	6	25	6.957345	0.863476
GO:0010948	negative regulation of cell cycle process	BP	6	90	5.676411	0.528521
GO:0010959	regulation of metal ion transport	BP	6	171	5.034557	0.527704
GO:0010960	magnesium ion homeostasis	BP	5	59	6.098684	0.931738
GO:0010962	regulation of glucan biosynthetic process	BP	9	27	6.880384	0.683001
GO:0010965	regulation of mitotic sister chromatid separation	BP	8	17	7.343008	0.740102
GO:0010970	transport along microtubule	BP	6	96	5.611873	0.605352
GO:0010971	positive regulation of G2/M transition of mitotic cell cycle	BP	9	3	9.077609	0.931738
GO:0010972	negative regulation of G2/M transition of mitotic cell cycle	BP	9	19	7.231782	0.823545
GO:0010975	regulation of neuron projection development	BP	7	83	5.757380	0.587397
GO:0010976	positive regulation of neuron projection development	BP	8	25	6.957345	0.720981
GO:0010977	negative regulation of neuron projection development	BP	8	34	6.649860	0.695590
GO:0010996	response to auditory stimulus	BP	4	9	7.978996	1.000000
GO:0012501	programmed cell death	BP	3	215	4.805583	0.542614
GO:0014003	oligodendrocyte development	BP	5	8	8.096779	1.000000
GO:0014013	regulation of gliogenesis	BP	7	15	7.468171	0.691212
GO:0014014	negative regulation of gliogenesis	BP	8	5	8.566783	0.763852
GO:0014015	positive regulation of gliogenesis	BP	8	10	7.873636	0.763852
GO:0014032	neural crest cell development	BP	5	4	8.789927	0.891807
GO:0014059	regulation of dopamine secretion	BP	8	2	9.483074	0.891807
GO:0014074	response to purine-containing compound	BP	4	107	5.503392	0.704976
GO:0014075	response to amine	BP	4	1	10.176221	0.763852
GO:0014706	striated muscle tissue development	BP	5	10	7.873636	0.740102
GO:0014742	positive regulation of muscle hypertrophy	BP	7	4	8.789927	0.823545
GO:0014743	regulation of muscle hypertrophy	BP	6	4	8.789927	0.715352
GO:0014812	muscle cell migration	BP	4	32	6.710485	0.783614
GO:0014823	response to activity	BP	2	73	5.885762	0.823545
GO:0014850	response to muscle activity	BP	3	42	6.438551	0.863476
GO:0014855	striated muscle cell proliferation	BP	4	45	6.369558	0.863476
GO:0014888	striated muscle adaptation	BP	5	4	8.789927	0.795214
GO:0014904	myotube cell development	BP	6	106	5.512782	0.891807
GO:0014910	regulation of smooth muscle cell migration	BP	6	24	6.998167	0.783614
GO:0014911	positive regulation of smooth muscle cell migration	BP	7	14	7.537164	0.891807
GO:0015012	heparan sulfate proteoglycan biosynthetic process	BP	9	9	7.978996	1.000000
GO:0015031	protein transport	BP	5	428	4.117098	0.531015
GO:0015695	organic cation transport	BP	4	64	6.017338	0.526894
GO:0015697	quaternary ammonium group transport	BP	5	20	7.180489	0.747400
GO:0015698	inorganic anion transport	BP	4	104	5.531830	0.634282
GO:0015711	organic anion transport	BP	4	250	4.654760	0.431621
GO:0015718	monocarboxylic acid transport	BP	6	59	6.098684	0.574808
GO:0015721	bile acid and bile salt transport	BP	7	5	8.566783	0.931738
GO:0015740	C4-dicarboxylate transport	BP	7	22	7.085178	0.700171
GO:0015748	organophosphate ester transport	BP	4	53	6.205929	0.553624
GO:0015749	monosaccharide transmembrane transport	BP	6	24	6.998167	0.687021
GO:0015766	disaccharide transport	BP	6	29	6.808925	0.726952
GO:0015772	oligosaccharide transport	BP	5	30	6.775024	0.644392
GO:0015780	nucleotide-sugar transmembrane transport	BP	6	11	7.778326	0.720981
GO:0015791	polyol transmembrane transport	BP	5	22	7.085178	0.763852
GO:0015800	acidic amino acid transport	BP	5	14	7.537164	0.733308
GO:0015802	basic amino acid transport	BP	5	4	8.789927	0.747400
GO:0015803	branched-chain amino acid transport	BP	6	21	7.131699	0.773238
GO:0015804	neutral amino acid transport	BP	5	43	6.415021	0.618759
GO:0015807	L-amino acid transport	BP	6	32	6.710485	0.584457
GO:0015813	L-glutamate transmembrane transport	BP	8	8	8.096779	0.823545
GO:0015833	peptide transport	BP	6	200	4.877904	0.603578
GO:0015838	amino-acid betaine transport	BP	6	14	7.537164	0.808364
GO:0015844	monoamine transport	BP	5	5	8.566783	0.665046
GO:0015846	polyamine transport	BP	5	11	7.778326	0.795214
GO:0015849	organic acid transport	BP	4	173	5.022929	0.452756
GO:0015850	organic hydroxy compound transport	BP	4	113	5.448833	0.541672
GO:0015851	nucleobase transport	BP	5	7	8.230311	0.715352
GO:0015865	purine nucleotide transport	BP	7	13	7.611272	0.691212
GO:0015867	ATP transport	BP	9	9	7.978996	0.891807
GO:0015868	purine ribonucleotide transport	BP	8	13	7.611272	0.726952
GO:0015908	fatty acid transport	BP	7	34	6.649860	0.700171
GO:0015909	long-chain fatty acid transport	BP	8	7	8.230311	0.808364
GO:0015914	phospholipid transport	BP	5	18	7.285849	0.710028
GO:0015918	sterol transport	BP	5	48	6.305020	0.740102
GO:0015919	peroxisomal membrane transport	BP	6	19	7.231782	0.863476
GO:0015931	nucleobase-containing compound transport	BP	5	77	5.832416	0.545497
GO:0015936	coenzyme A metabolic process	BP	7	17	7.343008	0.891807
GO:0015979	photosynthesis	BP	3	12	7.691314	1.000000
GO:0015980	energy derivation by oxidation of organic compounds	BP	4	454	4.058124	0.576130
GO:0015986	proton motive force-driven ATP synthesis	BP	12	74	5.872156	0.891807
GO:0015994	chlorophyll metabolic process	BP	5	17	7.343008	0.740102
GO:0016032	viral process	BP	1	723	3.592812	0.520639
GO:0016036	cellular response to phosphate starvation	BP	5	23	7.040727	1.000000
GO:0016042	lipid catabolic process	BP	5	216	4.800943	0.494801
GO:0016043	cellular component organization	BP	3	3404	2.043514	0.282649
GO:0016048	detection of temperature stimulus	BP	4	2	9.483074	0.823545
GO:0016049	cell growth	BP	2	214	4.810245	0.631909
GO:0016050	vesicle organization	BP	5	146	5.192614	0.569691
GO:0016051	carbohydrate biosynthetic process	BP	5	246	4.670889	0.527704
GO:0016052	carbohydrate catabolic process	BP	5	540	3.884652	0.507205
GO:0016053	organic acid biosynthetic process	BP	5	756	3.548180	0.442647
GO:0016054	organic acid catabolic process	BP	5	429	4.114764	0.441622
GO:0016055	Wnt signaling pathway	BP	6	18	7.285849	0.720981
GO:0016070	RNA metabolic process	BP	6	956	3.313463	0.411191
GO:0016071	mRNA metabolic process	BP	7	230	4.738142	0.603578
GO:0016072	rRNA metabolic process	BP	7	136	5.263566	0.585916
GO:0016073	snRNA metabolic process	BP	7	6	8.384461	0.704976
GO:0016074	sno(s)RNA metabolic process	BP	7	4	8.789927	0.695590
GO:0016079	synaptic vesicle exocytosis	BP	8	3	9.077609	0.808364
GO:0016098	monoterpenoid metabolic process	BP	7	55	6.168888	0.763852
GO:0016101	diterpenoid metabolic process	BP	7	113	5.448833	0.647090
GO:0016102	diterpenoid biosynthetic process	BP	8	60	6.081876	0.726952
GO:0016106	sesquiterpenoid biosynthetic process	BP	8	51	6.244395	0.755283
GO:0016109	tetraterpenoid biosynthetic process	BP	8	51	6.244395	0.733308
GO:0016114	terpenoid biosynthetic process	BP	7	366	4.273588	0.581602
GO:0016115	terpenoid catabolic process	BP	7	25	6.957345	0.629592
GO:0016116	carotenoid metabolic process	BP	7	55	6.168888	0.627328
GO:0016117	carotenoid biosynthetic process	BP	9	51	6.244395	0.740102
GO:0016125	sterol metabolic process	BP	6	76	5.845488	0.720981
GO:0016126	sterol biosynthetic process	BP	7	21	7.131699	0.795214
GO:0016129	phytosteroid biosynthetic process	BP	7	14	7.537164	0.891807
GO:0016137	glycoside metabolic process	BP	5	131	5.301024	0.591979
GO:0016138	glycoside biosynthetic process	BP	6	103	5.541492	0.665046
GO:0016180	snRNA processing	BP	8	5	8.566783	0.740102
GO:0016192	vesicle-mediated transport	BP	4	467	4.029892	0.514757
GO:0016197	endosomal transport	BP	5	80	5.794194	0.695590
GO:0016198	axon choice point recognition	BP	4	5	8.566783	0.891807
GO:0016199	axon midline choice point recognition	BP	5	5	8.566783	0.931738
GO:0016202	regulation of striated muscle tissue development	BP	5	44	6.392031	0.720981
GO:0016226	iron-sulfur cluster assembly	BP	6	77	5.832416	0.795214
GO:0016236	macroautophagy	BP	5	40	6.487341	0.733308
GO:0016237	microautophagy	BP	5	3	9.077609	0.823545
GO:0016239	positive regulation of macroautophagy	BP	8	53	6.205929	0.783614
GO:0016241	regulation of macroautophagy	BP	7	67	5.971528	0.683001
GO:0016242	negative regulation of macroautophagy	BP	8	11	7.778326	0.795214
GO:0016266	protein O-linked glycosylation via N-acetyl-galactosamine	BP	8	2	9.483074	1.000000
GO:0016310	phosphorylation	BP	5	168	5.052257	0.658690
GO:0016311	dephosphorylation	BP	5	66	5.986566	0.733308
GO:0016319	mushroom body development	BP	3	0		1.000000
GO:0016322	neuron remodeling	BP	6	4	8.789927	1.000000
GO:0016331	morphogenesis of embryonic epithelium	BP	5	2	9.483074	0.733308
GO:0016358	dendrite development	BP	7	10	7.873636	0.823545
GO:0016441	post-transcriptional gene silencing	BP	9	32	6.710485	0.700171
GO:0016444	somatic cell DNA recombination	BP	8	10	7.873636	0.695590
GO:0016476	regulation of embryonic cell shape	BP	7	2	9.483074	0.931738
GO:0016477	cell migration	BP	3	507	3.947710	0.459442
GO:0016482	cytosolic transport	BP	5	34	6.649860	0.740102
GO:0016485	protein processing	BP	6	122	5.372200	0.652719
GO:0016486	peptide hormone processing	BP	8	9	7.978996	0.773238
GO:0016525	negative regulation of angiogenesis	BP	8	52	6.224977	0.841500
GO:0016540	protein autoprocessing	BP	7	18	7.285849	1.000000
GO:0016553	base conversion or substitution editing	BP	8	2	9.483074	0.841500
GO:0016556	mRNA modification	BP	8	17	7.343008	0.863476
GO:0016558	protein import into peroxisome matrix	BP	9	14	7.537164	1.000000
GO:0016567	protein ubiquitination	BP	9	180	4.983264	0.740102
GO:0016579	protein deubiquitination	BP	9	47	6.326073	0.763852
GO:0016925	protein sumoylation	BP	9	75	5.858733	0.931738
GO:0016973	poly(A)+ mRNA export from nucleus	BP	10	2	9.483074	1.000000
GO:0016999	antibiotic metabolic process	BP	3	268	4.585234	0.605352
GO:0017000	antibiotic biosynthetic process	BP	4	223	4.769049	0.668384
GO:0017004	cytochrome complex assembly	BP	6	70	5.927726	0.773238
GO:0017015	regulation of transforming growth factor beta receptor signaling pathway	BP	7	38	6.538635	0.863476
GO:0017145	stem cell division	BP	3	4	8.789927	0.733308
GO:0017148	negative regulation of translation	BP	10	78	5.819512	0.652719
GO:0017156	calcium-ion regulated exocytosis	BP	8	4	8.789927	0.747400
GO:0017157	regulation of exocytosis	BP	7	48	6.305020	0.603578
GO:0017158	regulation of calcium ion-dependent exocytosis	BP	9	16	7.403632	0.740102
GO:0018105	peptidyl-serine phosphorylation	BP	8	9	7.978996	0.863476
GO:0018108	peptidyl-tyrosine phosphorylation	BP	8	10	7.873636	0.863476
GO:0018193	peptidyl-amino acid modification	BP	6	343	4.338491	0.522938
GO:0018205	peptidyl-lysine modification	BP	7	127	5.332034	0.679138
GO:0018209	peptidyl-serine modification	BP	7	12	7.691314	0.740102
GO:0018212	peptidyl-tyrosine modification	BP	7	11	7.778326	0.808364
GO:0018279	protein N-linked glycosylation via asparagine	BP	8	24	6.998167	0.891807
GO:0018958	phenol-containing compound metabolic process	BP	3	302	4.465794	0.474827
GO:0018991	egg-laying behavior	BP	4	6	8.384461	1.000000
GO:0018992	germ-line sex determination	BP	4	6	8.384461	0.823545
GO:0018996	molting cycle, collagen and cuticulin-based cuticle	BP	3	0		1.000000
GO:0019094	pole plasm mRNA localization	BP	7	0		0.931738
GO:0019098	reproductive behavior	BP	3	45	6.369558	0.661816
GO:0019184	nonribosomal peptide biosynthetic process	BP	5	91	5.665361	0.740102
GO:0019216	regulation of lipid metabolic process	BP	6	225	4.760121	0.453520
GO:0019217	regulation of fatty acid metabolic process	BP	7	47	6.326073	0.618759
GO:0019218	regulation of steroid metabolic process	BP	7	98	5.591253	0.577470
GO:0019219	regulation of nucleobase-containing compound metabolic process	BP	6	2354	2.412350	0.381130
GO:0019220	regulation of phosphate metabolic process	BP	6	366	4.273588	0.459442
GO:0019221	cytokine-mediated signaling pathway	BP	6	176	5.005737	0.595156
GO:0019222	regulation of metabolic process	BP	4	4662	1.729021	0.227566
GO:0019228	neuronal action potential	BP	5	3	9.077609	1.000000
GO:0019229	regulation of vasoconstriction	BP	7	20	7.180489	0.715352
GO:0019233	sensory perception of pain	BP	5	28	6.844016	0.891807
GO:0019236	response to pheromone	BP	3	4	8.789927	0.808364
GO:0019290	siderophore biosynthetic process	BP	6	63	6.033086	0.763852
GO:0019318	hexose metabolic process	BP	6	117	5.414047	0.601835
GO:0019319	hexose biosynthetic process	BP	7	34	6.649860	0.763852
GO:0019320	hexose catabolic process	BP	7	24	6.998167	0.661816
GO:0019321	pentose metabolic process	BP	6	47	6.326073	0.687021
GO:0019336	phenol-containing compound catabolic process	BP	4	54	6.187237	0.580206
GO:0019359	nicotinamide nucleotide biosynthetic process	BP	10	16	7.403632	0.808364
GO:0019363	pyridine nucleotide biosynthetic process	BP	9	16	7.403632	0.755283
GO:0019364	pyridine nucleotide catabolic process	BP	9	65	6.001834	0.715352
GO:0019369	arachidonate metabolic process	BP	10	33	6.679713	0.863476
GO:0019372	lipoxygenase pathway	BP	9	104	5.531830	0.931738
GO:0019395	fatty acid oxidation	BP	9	51	6.244395	0.763852
GO:0019430	removal of superoxide radicals	BP	5	151	5.158941	1.000000
GO:0019432	triglyceride biosynthetic process	BP	8	17	7.343008	1.000000
GO:0019538	protein metabolic process	BP	4	1978	2.586379	0.387584
GO:0019637	organophosphate metabolic process	BP	4	1024	3.244749	0.352478
GO:0019646	aerobic electron transport chain	BP	7	363	4.281818	0.841500
GO:0019674	NAD+ metabolic process	BP	9	31	6.742234	0.783614
GO:0019682	glyceraldehyde-3-phosphate metabolic process	BP	5	28	6.844016	0.783614
GO:0019693	ribose phosphate metabolic process	BP	5	301	4.469111	0.518392
GO:0019722	calcium-mediated signaling	BP	7	107	5.503392	0.763852
GO:0019724	B cell mediated immunity	BP	5	14	7.537164	0.726952
GO:0019725	cellular homeostasis	BP	2	391	4.207513	0.543566
GO:0019730	antimicrobial humoral response	BP	7	41	6.462649	0.823545
GO:0019731	antibacterial humoral response	BP	8	23	7.040727	0.891807
GO:0019747	regulation of isoprenoid metabolic process	BP	7	13	7.611272	0.636714
GO:0019748	secondary metabolic process	BP	3	1050	3.219676	0.423385
GO:0019751	polyol metabolic process	BP	5	532	3.899577	0.522938
GO:0019752	carboxylic acid metabolic process	BP	6	1774	2.695229	0.336534
GO:0019755	one-carbon compound transport	BP	4	17	7.343008	0.783614
GO:0019760	glucosinolate metabolic process	BP	6	2	9.483074	0.783614
GO:0019827	stem cell population maintenance	BP	3	52	6.224977	0.726952
GO:0019835	cytolysis	BP	2	144	5.206408	0.773238
GO:0019856	pyrimidine nucleobase biosynthetic process	BP	8	9	7.978996	0.823545
GO:0019882	antigen processing and presentation	BP	2	17	7.343008	0.618759
GO:0019884	antigen processing and presentation of exogenous antigen	BP	3	7	8.230311	0.773238
GO:0019915	lipid storage	BP	3	7	8.230311	0.891807
GO:0019941	modification-dependent protein catabolic process	BP	7	139	5.241747	0.720981
GO:0019953	sexual reproduction	BP	2	22	7.085178	0.891807
GO:0019954	asexual reproduction	BP	2	117	5.414047	0.687021
GO:0019985	translesion synthesis	BP	9	8	8.096779	0.891807
GO:0019991	septate junction assembly	BP	8	0		0.931738
GO:0020013	symbiont-mediated perturbation of host erythrocyte aggregation	BP	6	0		1.000000
GO:0020033	antigenic variation	BP	9	3	9.077609	1.000000
GO:0021510	spinal cord development	BP	3	1	10.176221	1.000000
GO:0021515	cell differentiation in spinal cord	BP	4	6	8.384461	0.763852
GO:0021522	spinal cord motor neuron differentiation	BP	6	0		0.863476
GO:0021537	telencephalon development	BP	3	12	7.691314	1.000000
GO:0021545	cranial nerve development	BP	4	3	9.077609	0.726952
GO:0021549	cerebellum development	BP	3	7	8.230311	1.000000
GO:0021675	nerve development	BP	3	3	9.077609	0.720981
GO:0021700	developmental maturation	BP	2	114	5.440022	0.570945
GO:0021762	substantia nigra development	BP	4	1	10.176221	1.000000
GO:0021766	hippocampus development	BP	3	5	8.566783	1.000000
GO:0021782	glial cell development	BP	4	13	7.611272	0.755283
GO:0021879	forebrain neuron differentiation	BP	6	0		0.763852
GO:0021885	forebrain cell migration	BP	4	18	7.285849	0.679138
GO:0021915	neural tube development	BP	5	0		1.000000
GO:0021952	central nervous system projection neuron axonogenesis	BP	10	1	10.176221	0.726952
GO:0021953	central nervous system neuron differentiation	BP	5	13	7.611272	0.655659
GO:0021954	central nervous system neuron development	BP	5	1	10.176221	0.783614
GO:0021955	central nervous system neuron axonogenesis	BP	9	1	10.176221	0.700171
GO:0021987	cerebral cortex development	BP	3	3	9.077609	1.000000
GO:0022008	neurogenesis	BP	4	24	6.998167	0.863476
GO:0022029	telencephalon cell migration	BP	5	9	7.978996	0.687021
GO:0022402	cell cycle process	BP	2	494	3.973685	0.410199
GO:0022404	molting cycle process	BP	2	59	6.098684	0.747400
GO:0022405	hair cycle process	BP	3	47	6.326073	0.863476
GO:0022406	membrane docking	BP	2	39	6.512659	0.695590
GO:0022407	regulation of cell-cell adhesion	BP	5	250	4.654760	0.494801
GO:0022408	negative regulation of cell-cell adhesion	BP	6	91	5.665361	0.577470
GO:0022409	positive regulation of cell-cell adhesion	BP	6	166	5.064233	0.585916
GO:0022411	cellular component disassembly	BP	4	86	5.721874	0.535316
GO:0022412	cellular process involved in reproduction in multicellular organism	BP	3	310	4.439649	0.655659
GO:0022413	reproductive process in single-celled organism	BP	2	14	7.537164	0.763852
GO:0022414	reproductive process	BP	1	1217	3.072077	0.364749
GO:0022416	chaeta development	BP	5	3	9.077609	0.931738
GO:0022600	digestive system process	BP	3	26	6.918124	0.679138
GO:0022602	ovulation cycle process	BP	2	22	7.085178	0.695590
GO:0022603	regulation of anatomical structure morphogenesis	BP	4	451	4.064754	0.426248
GO:0022604	regulation of cell morphogenesis	BP	5	114	5.440022	0.587397
GO:0022607	cellular component assembly	BP	4	1644	2.771333	0.394071
GO:0022611	dormancy process	BP	2	14	7.537164	0.675422
GO:0022612	gland morphogenesis	BP	4	124	5.355939	0.763852
GO:0022613	ribonucleoprotein complex biogenesis	BP	4	92	5.654432	0.863476
GO:0022616	DNA strand elongation	BP	7	7	8.230311	0.763852
GO:0022617	extracellular matrix disassembly	BP	6	10	7.873636	0.863476
GO:0022618	protein-RNA complex assembly	BP	6	79	5.806773	0.644392
GO:0022898	regulation of transmembrane transporter activity	BP	6	97	5.601510	0.584457
GO:0022900	electron transport chain	BP	4	437	4.096288	0.720981
GO:0022904	respiratory electron transport chain	BP	5	414	4.150355	0.755283
GO:0023051	regulation of signaling	BP	3	1668	2.756840	0.321404
GO:0023052	signaling	BP	3	160	5.101047	0.531015
GO:0023056	positive regulation of signaling	BP	4	992	3.276498	0.442647
GO:0023057	negative regulation of signaling	BP	4	532	3.899577	0.436012
GO:0023061	signal release	BP	6	222	4.773544	0.544526
GO:0030001	metal ion transport	BP	6	374	4.251965	0.522938
GO:0030003	intracellular monoatomic cation homeostasis	BP	5	210	4.829113	0.598439
GO:0030010	establishment of cell polarity	BP	3	26	6.918124	0.675422
GO:0030011	maintenance of cell polarity	BP	3	4	8.789927	0.863476
GO:0030029	actin filament-based process	BP	2	202	4.867953	0.596783
GO:0030030	cell projection organization	BP	4	339	4.350221	0.498967
GO:0030031	cell projection assembly	BP	5	158	5.113626	0.658690
GO:0030032	lamellipodium assembly	BP	7	15	7.468171	0.891807
GO:0030036	actin cytoskeleton organization	BP	6	165	5.070275	0.644392
GO:0030041	actin filament polymerization	BP	7	40	6.487341	1.000000
GO:0030042	actin filament depolymerization	BP	7	6	8.384461	0.931738
GO:0030048	actin filament-based movement	BP	3	26	6.918124	0.710028
GO:0030071	regulation of mitotic metaphase/anaphase transition	BP	9	16	7.403632	0.783614
GO:0030072	peptide hormone secretion	BP	8	166	5.064233	0.695590
GO:0030073	insulin secretion	BP	9	38	6.538635	0.931738
GO:0030097	hemopoiesis	BP	4	49	6.284401	0.740102
GO:0030098	lymphocyte differentiation	BP	6	100	5.571051	0.607159
GO:0030099	myeloid cell differentiation	BP	4	65	6.001834	0.687021
GO:0030100	regulation of endocytosis	BP	6	207	4.843502	0.612789
GO:0030101	natural killer cell activation	BP	5	11	7.778326	0.823545
GO:0030111	regulation of Wnt signaling pathway	BP	6	103	5.541492	0.704976
GO:0030148	sphingolipid biosynthetic process	BP	7	38	6.538635	0.695590
GO:0030149	sphingolipid catabolic process	BP	7	21	7.131699	0.755283
GO:0030150	protein import into mitochondrial matrix	BP	7	4	8.789927	1.000000
GO:0030154	cell differentiation	BP	3	685	3.646802	0.387388
GO:0030155	regulation of cell adhesion	BP	4	457	4.051538	0.474827
GO:0030162	regulation of proteolysis	BP	7	197	4.893017	0.590428
GO:0030163	protein catabolic process	BP	5	175	5.011435	0.622950
GO:0030166	proteoglycan biosynthetic process	BP	7	139	5.241747	0.841500
GO:0030168	platelet activation	BP	3	38	6.538635	1.000000
GO:0030174	regulation of DNA-templated DNA replication initiation	BP	10	5	8.566783	0.740102
GO:0030177	positive regulation of Wnt signaling pathway	BP	7	55	6.168888	0.823545
GO:0030178	negative regulation of Wnt signaling pathway	BP	7	40	6.487341	0.808364
GO:0030182	neuron differentiation	BP	4	45	6.369558	0.567229
GO:0030183	B cell differentiation	BP	7	32	6.710485	0.726952
GO:0030193	regulation of blood coagulation	BP	7	35	6.620873	0.704976
GO:0030195	negative regulation of blood coagulation	BP	8	21	7.131699	0.795214
GO:0030198	extracellular matrix organization	BP	5	158	5.113626	0.700171
GO:0030199	collagen fibril organization	BP	6	48	6.305020	1.000000
GO:0030201	heparan sulfate proteoglycan metabolic process	BP	7	22	7.085178	0.891807
GO:0030203	glycosaminoglycan metabolic process	BP	5	104	5.531830	0.763852
GO:0030216	keratinocyte differentiation	BP	6	19	7.231782	0.891807
GO:0030217	T cell differentiation	BP	7	76	5.845488	0.649865
GO:0030218	erythrocyte differentiation	BP	5	25	6.957345	0.841500
GO:0030225	macrophage differentiation	BP	6	16	7.403632	0.931738
GO:0030238	male sex determination	BP	4	15	7.468171	0.891807
GO:0030239	myofibril assembly	BP	8	6	8.384461	0.841500
GO:0030243	cellulose metabolic process	BP	8	34	6.649860	0.783614
GO:0030258	lipid modification	BP	5	67	5.971528	0.695590
GO:0030261	chromosome condensation	BP	6	9	7.978996	0.808364
GO:0030278	regulation of ossification	BP	4	38	6.538635	0.783614
GO:0030279	negative regulation of ossification	BP	5	11	7.778326	0.891807
GO:0030282	bone mineralization	BP	5	19	7.231782	0.931738
GO:0030301	cholesterol transport	BP	6	47	6.326073	0.783614
GO:0030307	positive regulation of cell growth	BP	6	56	6.150869	0.695590
GO:0030308	negative regulation of cell growth	BP	6	198	4.887954	0.695590
GO:0030316	osteoclast differentiation	BP	6	7	8.230311	0.931738
GO:0030317	flagellated sperm motility	BP	6	60	6.081876	1.000000
GO:0030318	melanocyte differentiation	BP	5	5	8.566783	0.891807
GO:0030324	lung development	BP	4	31	6.742234	0.891807
GO:0030325	adrenal gland development	BP	5	9	7.978996	1.000000
GO:0030326	embryonic limb morphogenesis	BP	5	19	7.231782	0.891807
GO:0030330	DNA damage response, signal transduction by p53 class mediator	BP	7	5	8.566783	1.000000
GO:0030334	regulation of cell migration	BP	5	566	3.837627	0.471551
GO:0030335	positive regulation of cell migration	BP	6	377	4.243976	0.583019
GO:0030336	negative regulation of cell migration	BP	6	172	5.028726	0.580206
GO:0030422	siRNA processing	BP	6	2	9.483074	0.891807
GO:0030431	sleep	BP	2	1	10.176221	0.931738
GO:0030435	sporulation resulting in formation of a cellular spore	BP	3	91	5.665361	0.715352
GO:0030436	asexual sporulation	BP	3	117	5.414047	0.710028
GO:0030437	ascospore formation	BP	5	13	7.611272	1.000000
GO:0030447	filamentous growth	BP	2	48	6.305020	0.710028
GO:0030448	hyphal growth	BP	3	47	6.326073	1.000000
GO:0030466	silent mating-type cassette heterochromatin formation	BP	12	0		0.931738
GO:0030473	nuclear migration along microtubule	BP	8	7	8.230311	0.841500
GO:0030476	ascospore wall assembly	BP	8	0		1.000000
GO:0030488	tRNA methylation	BP	10	27	6.880384	0.726952
GO:0030490	maturation of SSU-rRNA	BP	9	4	8.789927	0.841500
GO:0030497	fatty acid elongation	BP	10	81	5.781772	0.841500
GO:0030500	regulation of bone mineralization	BP	6	34	6.649860	0.823545
GO:0030501	positive regulation of bone mineralization	BP	7	27	6.880384	0.931738
GO:0030509	BMP signaling pathway	BP	9	32	6.710485	1.000000
GO:0030510	regulation of BMP signaling pathway	BP	7	39	6.512659	0.841500
GO:0030511	positive regulation of transforming growth factor beta receptor signaling pathway	BP	8	30	6.775024	1.000000
GO:0030512	negative regulation of transforming growth factor beta receptor signaling pathway	BP	8	7	8.230311	0.931738
GO:0030513	positive regulation of BMP signaling pathway	BP	8	22	7.085178	1.000000
GO:0030514	negative regulation of BMP signaling pathway	BP	8	10	7.873636	0.891807
GO:0030516	regulation of axon extension	BP	7	25	6.957345	0.783614
GO:0030517	negative regulation of axon extension	BP	10	6	8.384461	0.891807
GO:0030518	nuclear receptor-mediated steroid hormone signaling pathway	BP	8	33	6.679713	0.783614
GO:0030522	intracellular receptor signaling pathway	BP	6	69	5.942114	0.649865
GO:0030534	adult behavior	BP	3	23	7.040727	0.763852
GO:0030537	larval behavior	BP	3	2	9.483074	0.808364
GO:0030582	reproductive fruiting body development	BP	5	52	6.224977	0.783614
GO:0030587	sorocarp development	BP	4	0		0.891807
GO:0030593	neutrophil chemotaxis	BP	8	48	6.305020	1.000000
GO:0030595	leukocyte chemotaxis	BP	5	89	5.687585	0.683001
GO:0030638	polyketide metabolic process	BP	4	177	5.000071	0.591979
GO:0030639	polyketide biosynthetic process	BP	5	171	5.034557	0.665046
GO:0030641	regulation of cellular pH	BP	6	64	6.017338	0.710028
GO:0030703	eggshell formation	BP	3	1	10.176221	0.931738
GO:0030705	cytoskeleton-dependent intracellular transport	BP	5	110	5.475741	0.588901
GO:0030707	follicle cell of egg chamber development	BP	5	0		1.000000
GO:0030716	oocyte fate determination	BP	4	0		0.931738
GO:0030718	germ-line stem cell population maintenance	BP	4	24	6.998167	0.891807
GO:0030811	regulation of nucleotide catabolic process	BP	8	14	7.537164	0.747400
GO:0030832	regulation of actin filament length	BP	8	36	6.592702	0.720981
GO:0030833	regulation of actin filament polymerization	BP	10	32	6.710485	0.783614
GO:0030834	regulation of actin filament depolymerization	BP	10	20	7.180489	0.755283
GO:0030835	negative regulation of actin filament depolymerization	BP	11	16	7.403632	0.863476
GO:0030837	negative regulation of actin filament polymerization	BP	11	17	7.343008	0.863476
GO:0030838	positive regulation of actin filament polymerization	BP	11	7	8.230311	0.931738
GO:0030851	granulocyte differentiation	BP	6	2	9.483074	0.863476
GO:0030855	epithelial cell differentiation	BP	4	138	5.248967	0.540738
GO:0030856	regulation of epithelial cell differentiation	BP	5	85	5.733570	0.570945
GO:0030857	negative regulation of epithelial cell differentiation	BP	6	31	6.742234	0.671840
GO:0030858	positive regulation of epithelial cell differentiation	BP	6	44	6.392031	0.700171
GO:0030865	cortical cytoskeleton organization	BP	6	13	7.611272	0.755283
GO:0030866	cortical actin cytoskeleton organization	BP	7	8	8.096779	0.783614
GO:0030878	thyroid gland development	BP	5	7	8.230311	1.000000
GO:0030888	regulation of B cell proliferation	BP	8	33	6.679713	0.891807
GO:0030890	positive regulation of B cell proliferation	BP	9	13	7.611272	1.000000
GO:0030900	forebrain development	BP	3	1	10.176221	1.000000
GO:0030901	midbrain development	BP	3	4	8.789927	1.000000
GO:0030902	hindbrain development	BP	3	11	7.778326	1.000000
GO:0030903	notochord development	BP	5	0		1.000000
GO:0030917	midbrain-hindbrain boundary development	BP	3	0		1.000000
GO:0030947	regulation of vascular endothelial growth factor receptor signaling pathway	BP	6	7	8.230311	0.891807
GO:0030951	establishment or maintenance of microtubule cytoskeleton polarity	BP	7	0		0.931738
GO:0030952	establishment or maintenance of cytoskeleton polarity	BP	6	4	8.789927	0.783614
GO:0030968	endoplasmic reticulum unfolded protein response	BP	6	12	7.691314	0.863476
GO:0031016	pancreas development	BP	4	1	10.176221	1.000000
GO:0031017	exocrine pancreas development	BP	5	1	10.176221	1.000000
GO:0031018	endocrine pancreas development	BP	3	4	8.789927	1.000000
GO:0031023	microtubule organizing center organization	BP	4	16	7.403632	0.720981
GO:0031032	actomyosin structure organization	BP	7	102	5.551248	0.726952
GO:0031033	myosin filament organization	BP	7	2	9.483074	0.783614
GO:0031047	regulatory ncRNA-mediated gene silencing	BP	9	55	6.168888	0.658690
GO:0031048	regulatory ncRNA-mediated heterochromatin formation	BP	11	9	7.978996	0.755283
GO:0031098	stress-activated protein kinase signaling cascade	BP	6	4	8.789927	0.863476
GO:0031099	regeneration	BP	3	44	6.392031	0.679138
GO:0031100	animal organ regeneration	BP	4	25	6.957345	0.891807
GO:0031101	fin regeneration	BP	5	0		1.000000
GO:0031102	neuron projection regeneration	BP	7	13	7.611272	0.808364
GO:0031103	axon regeneration	BP	8	13	7.611272	0.841500
GO:0031106	septin ring organization	BP	7	5	8.566783	0.841500
GO:0031109	microtubule polymerization or depolymerization	BP	7	12	7.691314	0.783614
GO:0031110	regulation of microtubule polymerization or depolymerization	BP	8	45	6.369558	0.726952
GO:0031111	negative regulation of microtubule polymerization or depolymerization	BP	9	22	7.085178	0.823545
GO:0031112	positive regulation of microtubule polymerization or depolymerization	BP	9	19	7.231782	0.841500
GO:0031113	regulation of microtubule polymerization	BP	9	24	6.998167	0.808364
GO:0031114	regulation of microtubule depolymerization	BP	9	17	7.343008	0.823545
GO:0031116	positive regulation of microtubule polymerization	BP	10	19	7.231782	0.891807
GO:0031122	cytoplasmic microtubule organization	BP	7	27	6.880384	0.808364
GO:0031123	RNA 3'-end processing	BP	5	29	6.808925	0.658690
GO:0031124	mRNA 3'-end processing	BP	9	11	7.778326	0.841500
GO:0031134	sister chromatid biorientation	BP	4	52	6.224977	0.931738
GO:0031137	regulation of conjugation with cellular fusion	BP	4	7	8.230311	0.704976
GO:0031139	positive regulation of conjugation with cellular fusion	BP	5	7	8.230311	0.763852
GO:0031145	anaphase-promoting complex-dependent catabolic process	BP	10	22	7.085178	1.000000
GO:0031146	SCF-dependent proteasomal ubiquitin-dependent protein catabolic process	BP	10	13	7.611272	1.000000
GO:0031152	aggregation involved in sorocarp development	BP	5	0		1.000000
GO:0031154	culmination involved in sorocarp development	BP	4	0		1.000000
GO:0031156	regulation of sorocarp development	BP	4	0		0.841500
GO:0031163	metallo-sulfur cluster assembly	BP	5	77	5.832416	0.783614
GO:0031167	rRNA methylation	BP	10	12	7.691314	0.841500
GO:0031175	neuron projection development	BP	6	148	5.179009	0.593554
GO:0031214	biomineral tissue development	BP	4	32	6.710485	0.755283
GO:0031288	sorocarp morphogenesis	BP	3	0		1.000000
GO:0031290	retinal ganglion cell axon guidance	BP	9	20	7.180489	1.000000
GO:0031294	lymphocyte costimulation	BP	8	37	6.565303	0.863476
GO:0031297	replication fork processing	BP	8	12	7.691314	0.891807
GO:0031333	negative regulation of protein-containing complex assembly	BP	6	59	6.098684	0.627328
GO:0031334	positive regulation of protein-containing complex assembly	BP	6	116	5.422631	0.627328
GO:0031338	regulation of vesicle fusion	BP	6	3	9.077609	0.704976
GO:0031341	regulation of cell killing	BP	4	132	5.293419	0.596783
GO:0031342	negative regulation of cell killing	BP	5	27	6.880384	0.710028
GO:0031343	positive regulation of cell killing	BP	5	23	7.040727	0.704976
GO:0031344	regulation of cell projection organization	BP	5	155	5.132796	0.518392
GO:0031345	negative regulation of cell projection organization	BP	6	45	6.369558	0.629592
GO:0031346	positive regulation of cell projection organization	BP	6	96	5.611873	0.629592
GO:0031347	regulation of defense response	BP	5	433	4.105483	0.418970
GO:0031348	negative regulation of defense response	BP	6	131	5.301024	0.573504
GO:0031349	positive regulation of defense response	BP	6	213	4.814929	0.505241
GO:0031396	regulation of protein ubiquitination	BP	10	58	6.115778	0.683001
GO:0031397	negative regulation of protein ubiquitination	BP	11	34	6.649860	0.783614
GO:0031398	positive regulation of protein ubiquitination	BP	11	12	7.691314	0.783614
GO:0031399	regulation of protein modification process	BP	7	360	4.290117	0.489139
GO:0031400	negative regulation of protein modification process	BP	8	94	5.632926	0.598439
GO:0031401	positive regulation of protein modification process	BP	8	263	4.604067	0.596783
GO:0031445	regulation of heterochromatin formation	BP	8	1	10.176221	0.726952
GO:0031503	protein-containing complex localization	BP	3	7	8.230311	0.649865
GO:0031505	fungal-type cell wall organization	BP	6	38	6.538635	0.841500
GO:0031507	heterochromatin formation	BP	10	42	6.438551	0.679138
GO:0031508	pericentric heterochromatin formation	BP	12	3	9.077609	0.931738
GO:0031509	subtelomeric heterochromatin formation	BP	12	4	8.789927	1.000000
GO:0031554	regulation of termination of DNA-templated transcription	BP	9	8	8.096779	0.733308
GO:0031570	DNA integrity checkpoint signaling	BP	9	38	6.538635	0.763852
GO:0031577	spindle checkpoint signaling	BP	9	8	8.096779	0.795214
GO:0031589	cell-substrate adhesion	BP	3	36	6.592702	0.704976
GO:0031623	receptor internalization	BP	7	59	6.098684	0.740102
GO:0031638	zymogen activation	BP	7	30	6.775024	0.891807
GO:0031640	killing of cells of another organism	BP	4	268	4.585234	0.695590
GO:0031641	regulation of myelination	BP	6	6	8.384461	0.891807
GO:0031644	regulation of nervous system process	BP	5	53	6.205929	0.647090
GO:0031646	positive regulation of nervous system process	BP	6	4	8.789927	0.783614
GO:0031647	regulation of protein stability	BP	3	151	5.158941	0.841500
GO:0031648	protein destabilization	BP	4	15	7.468171	1.000000
GO:0031667	response to nutrient levels	BP	2	399	4.187260	0.527704
GO:0031669	cellular response to nutrient levels	BP	3	207	4.843502	0.573504
GO:0031670	cellular response to nutrient	BP	4	41	6.462649	0.620832
GO:0031929	TOR signaling	BP	6	10	7.873636	0.891807
GO:0031960	response to corticosteroid	BP	5	85	5.733570	0.710028
GO:0032006	regulation of TOR signaling	BP	7	120	5.388729	0.783614
GO:0032007	negative regulation of TOR signaling	BP	8	49	6.284401	0.891807
GO:0032008	positive regulation of TOR signaling	BP	8	86	5.721874	0.891807
GO:0032024	positive regulation of insulin secretion	BP	10	35	6.620873	0.931738
GO:0032026	response to magnesium ion	BP	4	8	8.096779	0.931738
GO:0032042	mitochondrial DNA metabolic process	BP	7	18	7.285849	0.808364
GO:0032088	negative regulation of NF-kappaB transcription factor activity	BP	12	12	7.691314	1.000000
GO:0032094	response to food	BP	3	46	6.347580	0.931738
GO:0032095	regulation of response to food	BP	5	77	5.832416	0.795214
GO:0032098	regulation of appetite	BP	3	72	5.899555	0.863476
GO:0032101	regulation of response to external stimulus	BP	4	682	3.651191	0.380946
GO:0032102	negative regulation of response to external stimulus	BP	5	174	5.017166	0.512639
GO:0032103	positive regulation of response to external stimulus	BP	5	399	4.187260	0.480708
GO:0032107	regulation of response to nutrient levels	BP	4	101	5.561100	0.610876
GO:0032108	negative regulation of response to nutrient levels	BP	5	56	6.150869	0.740102
GO:0032109	positive regulation of response to nutrient levels	BP	5	16	7.403632	0.755283
GO:0032185	septin cytoskeleton organization	BP	6	5	8.566783	0.808364
GO:0032200	telomere organization	BP	6	44	6.392031	0.710028
GO:0032204	regulation of telomere maintenance	BP	8	26	6.918124	0.647090
GO:0032206	positive regulation of telomere maintenance	BP	9	3	9.077609	0.755283
GO:0032210	regulation of telomere maintenance via telomerase	BP	10	0		0.891807
GO:0032228	regulation of synaptic transmission, GABAergic	BP	7	3	9.077609	0.891807
GO:0032231	regulation of actin filament bundle assembly	BP	9	33	6.679713	0.783614
GO:0032233	positive regulation of actin filament bundle assembly	BP	10	24	6.998167	0.891807
GO:0032258	cytoplasm to vacuole targeting by the Cvt pathway	BP	8	0		1.000000
GO:0032259	methylation	BP	3	144	5.206408	0.607159
GO:0032261	purine nucleotide salvage	BP	10	6	8.384461	0.763852
GO:0032271	regulation of protein polymerization	BP	6	60	6.081876	0.683001
GO:0032272	negative regulation of protein polymerization	BP	7	24	6.998167	0.783614
GO:0032273	positive regulation of protein polymerization	BP	7	27	6.880384	0.795214
GO:0032330	regulation of chondrocyte differentiation	BP	6	6	8.384461	0.763852
GO:0032350	regulation of hormone metabolic process	BP	5	23	7.040727	0.583019
GO:0032352	positive regulation of hormone metabolic process	BP	6	11	7.778326	0.695590
GO:0032355	response to estradiol	BP	4	88	5.698884	0.931738
GO:0032365	intracellular lipid transport	BP	5	15	7.468171	0.763852
GO:0032368	regulation of lipid transport	BP	5	116	5.422631	0.523716
GO:0032369	negative regulation of lipid transport	BP	6	9	7.978996	0.634282
GO:0032370	positive regulation of lipid transport	BP	6	96	5.611873	0.629592
GO:0032371	regulation of sterol transport	BP	6	43	6.415021	0.679138
GO:0032373	positive regulation of sterol transport	BP	7	39	6.512659	0.783614
GO:0032374	regulation of cholesterol transport	BP	7	43	6.415021	0.720981
GO:0032386	regulation of intracellular transport	BP	5	147	5.185788	0.514757
GO:0032387	negative regulation of intracellular transport	BP	6	33	6.679713	0.636714
GO:0032388	positive regulation of intracellular transport	BP	6	86	5.721874	0.631909
GO:0032400	melanosome localization	BP	5	4	8.789927	0.931738
GO:0032409	regulation of transporter activity	BP	3	97	5.601510	0.578828
GO:0032411	positive regulation of transporter activity	BP	6	53	6.205929	0.679138
GO:0032412	regulation of monoatomic ion transmembrane transporter activity	BP	7	94	5.632926	0.588901
GO:0032414	positive regulation of ion transmembrane transporter activity	BP	8	51	6.244395	0.691212
GO:0032418	lysosome localization	BP	4	24	6.998167	0.931738
GO:0032434	regulation of proteasomal ubiquitin-dependent protein catabolic process	BP	10	20	7.180489	0.783614
GO:0032435	negative regulation of proteasomal ubiquitin-dependent protein catabolic process	BP	11	9	7.978996	0.891807
GO:0032436	positive regulation of proteasomal ubiquitin-dependent protein catabolic process	BP	11	11	7.778326	0.891807
GO:0032446	protein modification by small protein conjugation	BP	8	284	4.527247	0.687021
GO:0032456	endocytic recycling	BP	6	24	6.998167	0.823545
GO:0032465	regulation of cytokinesis	BP	6	30	6.775024	0.644392
GO:0032467	positive regulation of cytokinesis	BP	7	17	7.343008	0.755283
GO:0032479	regulation of type I interferon production	BP	9	56	6.150869	0.783614
GO:0032480	negative regulation of type I interferon production	BP	10	23	7.040727	0.891807
GO:0032481	positive regulation of type I interferon production	BP	10	35	6.620873	0.891807
GO:0032496	response to lipopolysaccharide	BP	5	121	5.380430	0.891807
GO:0032501	multicellular organismal process	BP	1	1906	2.623459	0.294409
GO:0032502	developmental process	BP	1	2900	2.203755	0.208039
GO:0032506	cytokinetic process	BP	3	28	6.844016	0.665046
GO:0032507	maintenance of protein location in cell	BP	4	17	7.343008	0.679138
GO:0032509	endosome transport via multivesicular body sorting pathway	BP	6	13	7.611272	0.841500
GO:0032511	late endosome to vacuole transport via multivesicular body sorting pathway	BP	7	11	7.778326	0.931738
GO:0032526	response to retinoic acid	BP	4	18	7.285849	0.931738
GO:0032527	protein exit from endoplasmic reticulum	BP	7	5	8.566783	0.931738
GO:0032535	regulation of cellular component size	BP	4	57	6.133170	0.627328
GO:0032543	mitochondrial translation	BP	6	16	7.403632	1.000000
GO:0032570	response to progesterone	BP	5	137	5.256240	0.931738
GO:0032642	regulation of chemokine production	BP	9	33	6.679713	0.631909
GO:0032648	regulation of interferon-beta production	BP	10	27	6.880384	0.891807
GO:0032649	regulation of type II interferon production	BP	9	102	5.551248	0.891807
GO:0032651	regulation of interleukin-1 beta production	BP	10	48	6.305020	0.891807
GO:0032652	regulation of interleukin-1 production	BP	9	65	6.001834	0.783614
GO:0032653	regulation of interleukin-10 production	BP	9	23	7.040727	0.891807
GO:0032655	regulation of interleukin-12 production	BP	9	19	7.231782	0.891807
GO:0032663	regulation of interleukin-2 production	BP	9	30	6.775024	0.891807
GO:0032675	regulation of interleukin-6 production	BP	9	71	5.913541	0.891807
GO:0032677	regulation of interleukin-8 production	BP	9	78	5.819512	0.891807
GO:0032680	regulation of tumor necrosis factor production	BP	10	66	5.986566	0.891807
GO:0032689	negative regulation of type II interferon production	BP	10	23	7.040727	1.000000
GO:0032692	negative regulation of interleukin-1 production	BP	10	12	7.691314	0.891807
GO:0032715	negative regulation of interleukin-6 production	BP	10	33	6.679713	1.000000
GO:0032720	negative regulation of tumor necrosis factor production	BP	11	28	6.844016	1.000000
GO:0032722	positive regulation of chemokine production	BP	10	19	7.231782	0.740102
GO:0032728	positive regulation of interferon-beta production	BP	11	12	7.691314	1.000000
GO:0032729	positive regulation of type II interferon production	BP	10	73	5.885762	1.000000
GO:0032731	positive regulation of interleukin-1 beta production	BP	11	35	6.620873	1.000000
GO:0032732	positive regulation of interleukin-1 production	BP	10	38	6.538635	0.891807
GO:0032755	positive regulation of interleukin-6 production	BP	10	36	6.592702	1.000000
GO:0032757	positive regulation of interleukin-8 production	BP	10	75	5.858733	1.000000
GO:0032760	positive regulation of tumor necrosis factor production	BP	11	31	6.742234	1.000000
GO:0032774	RNA biosynthetic process	BP	7	377	4.243976	0.590428
GO:0032781	positive regulation of ATP-dependent activity	BP	4	61	6.065347	0.823545
GO:0032784	regulation of DNA-templated transcription elongation	BP	10	14	7.537164	0.783614
GO:0032785	negative regulation of DNA-templated transcription, elongation	BP	11	7	8.230311	0.891807
GO:0032786	positive regulation of DNA-templated transcription, elongation	BP	11	7	8.230311	0.891807
GO:0032787	monocarboxylic acid metabolic process	BP	7	1030	3.238907	0.418432
GO:0032790	ribosome disassembly	BP	6	27	6.880384	0.863476
GO:0032814	regulation of natural killer cell activation	BP	7	20	7.180489	0.733308
GO:0032835	glomerulus development	BP	3	16	7.403632	0.863476
GO:0032868	response to insulin	BP	5	165	5.070275	0.931738
GO:0032869	cellular response to insulin stimulus	BP	6	80	5.794194	1.000000
GO:0032870	cellular response to hormone stimulus	BP	4	172	5.028726	0.618759
GO:0032872	regulation of stress-activated MAPK cascade	BP	8	73	5.885762	0.823545
GO:0032875	regulation of DNA endoreduplication	BP	10	1	10.176221	0.891807
GO:0032878	regulation of establishment or maintenance of cell polarity	BP	4	9	7.978996	0.683001
GO:0032879	regulation of localization	BP	3	1210	3.077845	0.298610
GO:0032880	regulation of protein localization	BP	4	478	4.006610	0.462333
GO:0032881	regulation of polysaccharide metabolic process	BP	7	84	5.745404	0.543566
GO:0032885	regulation of polysaccharide biosynthetic process	BP	8	69	5.942114	0.652719
GO:0032886	regulation of microtubule-based process	BP	4	111	5.466691	0.545497
GO:0032890	regulation of organic acid transport	BP	5	16	7.403632	0.553624
GO:0032892	positive regulation of organic acid transport	BP	6	9	7.978996	0.658690
GO:0032922	circadian regulation of gene expression	BP	8	49	6.284401	1.000000
GO:0032925	regulation of activin receptor signaling pathway	BP	7	11	7.778326	0.823545
GO:0032928	regulation of superoxide anion generation	BP	7	118	5.405536	0.891807
GO:0032930	positive regulation of superoxide anion generation	BP	8	116	5.422631	1.000000
GO:0032940	secretion by cell	BP	5	379	4.238685	0.501429
GO:0032943	mononuclear cell proliferation	BP	4	27	6.880384	0.679138
GO:0032944	regulation of mononuclear cell proliferation	BP	6	170	5.040423	0.625115
GO:0032945	negative regulation of mononuclear cell proliferation	BP	7	45	6.369558	0.733308
GO:0032946	positive regulation of mononuclear cell proliferation	BP	7	111	5.466691	0.733308
GO:0032954	regulation of cytokinetic process	BP	6	8	8.096779	0.644392
GO:0032956	regulation of actin cytoskeleton organization	BP	7	94	5.632926	0.596783
GO:0032963	collagen metabolic process	BP	3	9	7.978996	0.891807
GO:0032965	regulation of collagen biosynthetic process	BP	6	87	5.710313	0.891807
GO:0032968	positive regulation of transcription elongation by RNA polymerase II	BP	12	7	8.230311	1.000000
GO:0032970	regulation of actin filament-based process	BP	4	104	5.531830	0.555764
GO:0032981	mitochondrial respiratory chain complex I assembly	BP	7	256	4.631044	1.000000
GO:0032984	protein-containing complex disassembly	BP	5	37	6.565303	0.616728
GO:0033002	muscle cell proliferation	BP	3	89	5.687585	0.808364
GO:0033013	tetrapyrrole metabolic process	BP	3	83	5.757380	0.598439
GO:0033014	tetrapyrrole biosynthetic process	BP	4	62	6.049087	0.665046
GO:0033036	macromolecule localization	BP	2	663	3.679446	0.418432
GO:0033037	polysaccharide localization	BP	3	1	10.176221	0.808364
GO:0033043	regulation of organelle organization	BP	5	398	4.189769	0.409953
GO:0033044	regulation of chromosome organization	BP	6	61	6.065347	0.516922
GO:0033045	regulation of sister chromatid segregation	BP	7	30	6.775024	0.620832
GO:0033046	negative regulation of sister chromatid segregation	BP	8	9	7.978996	0.823545
GO:0033047	regulation of mitotic sister chromatid segregation	BP	8	17	7.343008	0.704976
GO:0033048	negative regulation of mitotic sister chromatid segregation	BP	9	9	7.978996	0.841500
GO:0033077	T cell differentiation in thymus	BP	8	31	6.742234	0.863476
GO:0033108	mitochondrial respiratory chain complex assembly	BP	6	265	4.596491	0.808364
GO:0033119	negative regulation of RNA splicing	BP	9	7	8.230311	0.891807
GO:0033120	positive regulation of RNA splicing	BP	9	21	7.131699	0.891807
GO:0033121	regulation of purine nucleotide catabolic process	BP	9	14	7.537164	0.783614
GO:0033143	regulation of intracellular steroid hormone receptor signaling pathway	BP	7	28	6.844016	0.733308
GO:0033144	negative regulation of intracellular steroid hormone receptor signaling pathway	BP	8	15	7.468171	0.841500
GO:0033157	regulation of intracellular protein transport	BP	7	112	5.457722	0.655659
GO:0033198	response to ATP	BP	5	5	8.566783	0.891807
GO:0033206	meiotic cytokinesis	BP	5	1	10.176221	0.841500
GO:0033209	tumor necrosis factor-mediated signaling pathway	BP	7	13	7.611272	1.000000
GO:0033212	iron import into cell	BP	9	13	7.611272	0.740102
GO:0033273	response to vitamin	BP	4	8	8.096779	0.655659
GO:0033280	response to vitamin D	BP	5	0		0.931738
GO:0033333	fin development	BP	4	0		0.808364
GO:0033334	fin morphogenesis	BP	4	0		0.710028
GO:0033339	pectoral fin development	BP	5	0		1.000000
GO:0033363	secretory granule organization	BP	6	9	7.978996	0.773238
GO:0033365	protein localization to organelle	BP	4	210	4.829113	0.520639
GO:0033500	carbohydrate homeostasis	BP	3	134	5.278381	0.863476
GO:0033554	cellular response to stress	BP	3	1073	3.198007	0.483266
GO:0033555	multicellular organismal response to stress	BP	3	12	7.691314	0.841500
GO:0033559	unsaturated fatty acid metabolic process	BP	9	129	5.316409	0.710028
GO:0033574	response to testosterone	BP	5	19	7.231782	0.931738
GO:0033617	mitochondrial cytochrome c oxidase assembly	BP	8	5	8.566783	1.000000
GO:0033619	membrane protein proteolysis	BP	6	34	6.649860	0.823545
GO:0033627	cell adhesion mediated by integrin	BP	3	6	8.384461	0.931738
GO:0033628	regulation of cell adhesion mediated by integrin	BP	5	49	6.284401	0.823545
GO:0033673	negative regulation of kinase activity	BP	9	51	6.244395	0.726952
GO:0033674	positive regulation of kinase activity	BP	9	143	5.213376	0.700171
GO:0033750	ribosome localization	BP	3	1	10.176221	0.863476
GO:0033993	response to lipid	BP	3	742	3.566872	0.519135
GO:0034050	symbiont-induced defense-related programmed cell death	BP	7	11	7.778326	0.931738
GO:0034063	stress granule assembly	BP	7	26	6.918124	1.000000
GO:0034097	response to cytokine	BP	4	216	4.800943	0.596783
GO:0034103	regulation of tissue remodeling	BP	4	22	7.085178	0.675422
GO:0034109	homotypic cell-cell adhesion	BP	4	42	6.438551	0.763852
GO:0034110	regulation of homotypic cell-cell adhesion	BP	6	11	7.778326	0.783614
GO:0034198	cellular response to amino acid starvation	BP	5	13	7.611272	0.931738
GO:0034204	lipid translocation	BP	6	16	7.403632	0.733308
GO:0034219	carbohydrate transmembrane transport	BP	5	53	6.205929	0.625115
GO:0034220	monoatomic ion transmembrane transport	BP	5	360	4.290117	0.557953
GO:0034243	regulation of transcription elongation by RNA polymerase II	BP	11	10	7.873636	0.891807
GO:0034248	regulation of amide metabolic process	BP	5	41	6.462649	0.561330
GO:0034250	positive regulation of amide metabolic process	BP	6	25	6.957345	0.675422
GO:0034284	response to monosaccharide	BP	5	89	5.687585	0.700171
GO:0034285	response to disaccharide	BP	5	9	7.978996	0.755283
GO:0034293	sexual sporulation	BP	3	44	6.392031	0.773238
GO:0034305	regulation of asexual sporulation	BP	5	57	6.133170	0.671840
GO:0034308	primary alcohol metabolic process	BP	5	118	5.405536	0.585916
GO:0034309	primary alcohol biosynthetic process	BP	6	32	6.710485	0.691212
GO:0034311	diol metabolic process	BP	6	51	6.244395	0.652719
GO:0034312	diol biosynthetic process	BP	7	45	6.369558	0.755283
GO:0034329	cell junction assembly	BP	5	93	5.643621	0.687021
GO:0034330	cell junction organization	BP	4	235	4.716635	0.585916
GO:0034331	cell junction maintenance	BP	5	0		0.763852
GO:0034332	adherens junction organization	BP	6	7	8.230311	0.808364
GO:0034333	adherens junction assembly	BP	7	7	8.230311	0.891807
GO:0034341	response to type II interferon	BP	5	32	6.710485	0.931738
GO:0034367	protein-containing complex remodeling	BP	5	9	7.978996	0.726952
GO:0034389	lipid droplet organization	BP	5	16	7.403632	0.863476
GO:0034404	nucleobase-containing small molecule biosynthetic process	BP	6	12	7.691314	0.639208
GO:0034405	response to fluid shear stress	BP	3	7	8.230311	0.755283
GO:0034440	lipid oxidation	BP	6	53	6.205929	0.733308
GO:0034446	substrate adhesion-dependent cell spreading	BP	4	12	7.691314	1.000000
GO:0034453	microtubule anchoring	BP	7	2	9.483074	0.808364
GO:0034502	protein localization to chromosome	BP	5	12	7.691314	0.700171
GO:0034504	protein localization to nucleus	BP	5	35	6.620873	0.733308
GO:0034587	piRNA processing	BP	6	26	6.918124	0.891807
GO:0034599	cellular response to oxidative stress	BP	5	150	5.165586	0.740102
GO:0034605	cellular response to heat	BP	5	70	5.927726	0.863476
GO:0034612	response to tumor necrosis factor	BP	5	31	6.742234	0.931738
GO:0034614	cellular response to reactive oxygen species	BP	6	37	6.565303	0.823545
GO:0034620	cellular response to unfolded protein	BP	5	6	8.384461	0.931738
GO:0034644	cellular response to UV	BP	7	84	5.745404	0.823545
GO:0034654	nucleobase-containing compound biosynthetic process	BP	5	824	3.462050	0.431928
GO:0034655	nucleobase-containing compound catabolic process	BP	5	242	4.687283	0.465311
GO:0034656	nucleobase-containing small molecule catabolic process	BP	6	7	8.230311	0.655659
GO:0034694	response to prostaglandin	BP	4	7	8.230311	0.773238
GO:0034698	response to gonadotropin	BP	4	25	6.957345	0.795214
GO:0034728	nucleosome organization	BP	6	53	6.205929	0.891807
GO:0034755	iron ion transmembrane transport	BP	9	9	7.978996	0.773238
GO:0034762	regulation of transmembrane transport	BP	5	234	4.720900	0.461914
GO:0034763	negative regulation of transmembrane transport	BP	6	82	5.769502	0.580206
GO:0034764	positive regulation of transmembrane transport	BP	6	104	5.531830	0.574808
GO:0034765	regulation of monoatomic ion transmembrane transport	BP	6	135	5.270946	0.513340
GO:0034766	negative regulation of monoatomic ion transmembrane transport	BP	7	31	6.742234	0.629592
GO:0034767	positive regulation of monoatomic ion transmembrane transport	BP	7	71	5.913541	0.620832
GO:0034976	response to endoplasmic reticulum stress	BP	4	95	5.622344	0.740102
GO:0035006	melanization defense response	BP	8	0		0.931738
GO:0035010	encapsulation of foreign target	BP	3	0		0.931738
GO:0035011	melanotic encapsulation of foreign target	BP	9	0		1.000000
GO:0035017	cuticle pattern formation	BP	4	0		0.891807
GO:0035019	somatic stem cell population maintenance	BP	4	14	7.537164	0.841500
GO:0035020	regulation of Rac protein signal transduction	BP	8	1	10.176221	0.891807
GO:0035023	regulation of Rho protein signal transduction	BP	8	66	5.986566	0.863476
GO:0035025	positive regulation of Rho protein signal transduction	BP	9	26	6.918124	1.000000
GO:0035036	sperm-egg recognition	BP	4	18	7.285849	0.931738
GO:0035050	embryonic heart tube development	BP	5	0		1.000000
GO:0035051	cardiocyte differentiation	BP	4	59	6.098684	0.668384
GO:0035082	axoneme assembly	BP	8	22	7.085178	0.931738
GO:0035088	establishment or maintenance of apical/basal cell polarity	BP	4	11	7.778326	0.795214
GO:0035094	response to nicotine	BP	3	1	10.176221	0.931738
GO:0035107	appendage morphogenesis	BP	3	34	6.649860	0.644392
GO:0035108	limb morphogenesis	BP	4	25	6.957345	0.783614
GO:0035112	genitalia morphogenesis	BP	4	0		0.763852
GO:0035113	embryonic appendage morphogenesis	BP	4	19	7.231782	0.773238
GO:0035114	imaginal disc-derived appendage morphogenesis	BP	4	7	8.230311	0.841500
GO:0035120	post-embryonic appendage morphogenesis	BP	4	1	10.176221	0.747400
GO:0035136	forelimb morphogenesis	BP	5	8	8.096779	0.891807
GO:0035137	hindlimb morphogenesis	BP	5	6	8.384461	0.891807
GO:0035148	tube formation	BP	3	23	7.040727	0.658690
GO:0035150	regulation of tube size	BP	4	55	6.168888	0.618759
GO:0035151	regulation of tube size, open tracheal system	BP	5	0		0.891807
GO:0035152	regulation of tube architecture, open tracheal system	BP	3	0		0.823545
GO:0035159	regulation of tube length, open tracheal system	BP	6	0		1.000000
GO:0035162	embryonic hemopoiesis	BP	5	4	8.789927	0.931738
GO:0035166	post-embryonic hemopoiesis	BP	5	0		0.931738
GO:0035167	larval lymph gland hemopoiesis	BP	6	0		1.000000
GO:0035176	social behavior	BP	3	61	6.065347	1.000000
GO:0035188	hatching	BP	3	0		0.931738
GO:0035194	regulatory ncRNA-mediated post-transcriptional gene silencing	BP	10	28	6.844016	0.715352
GO:0035195	miRNA-mediated post-transcriptional gene silencing	BP	11	8	8.096779	0.891807
GO:0035196	miRNA processing	BP	6	23	7.040727	0.863476
GO:0035220	wing disc development	BP	5	0		0.931738
GO:0035222	wing disc pattern formation	BP	5	0		0.863476
GO:0035239	tube morphogenesis	BP	3	95	5.622344	0.568452
GO:0035249	synaptic transmission, glutamatergic	BP	9	1	10.176221	1.000000
GO:0035262	gonad morphogenesis	BP	4	1	10.176221	0.931738
GO:0035264	multicellular organism growth	BP	3	1	10.176221	1.000000
GO:0035265	organ growth	BP	3	15	7.468171	0.773238
GO:0035282	segmentation	BP	4	9	7.978996	0.783614
GO:0035295	tube development	BP	3	90	5.676411	0.566020
GO:0035296	regulation of tube diameter	BP	5	55	6.168888	0.627328
GO:0035315	hair cell differentiation	BP	6	3	9.077609	0.808364
GO:0035316	non-sensory hair organization	BP	6	2	9.483074	0.931738
GO:0035317	imaginal disc-derived wing hair organization	BP	7	2	9.483074	1.000000
GO:0035330	regulation of hippo signaling	BP	7	16	7.403632	0.891807
GO:0035331	negative regulation of hippo signaling	BP	8	6	8.384461	1.000000
GO:0035332	positive regulation of hippo signaling	BP	8	9	7.978996	1.000000
GO:0035337	fatty-acyl-CoA metabolic process	BP	8	12	7.691314	0.661816
GO:0035383	thioester metabolic process	BP	4	62	6.049087	0.580206
GO:0035384	thioester biosynthetic process	BP	5	14	7.537164	0.691212
GO:0035418	protein localization to synapse	BP	5	3	9.077609	0.755283
GO:0035456	response to interferon-beta	BP	5	5	8.566783	0.931738
GO:0035461	vitamin transmembrane transport	BP	5	13	7.611272	0.715352
GO:0035556	intracellular signal transduction	BP	5	640	3.714753	0.500807
GO:0035567	non-canonical Wnt signaling pathway	BP	7	3	9.077609	0.795214
GO:0035592	establishment of protein localization to extracellular region	BP	4	234	4.720900	0.683001
GO:0035640	exploration behavior	BP	3	5	8.566783	0.931738
GO:0035710	CD4-positive, alpha-beta T cell activation	BP	7	14	7.537164	0.733308
GO:0035725	sodium ion transmembrane transport	BP	8	43	6.415021	0.891807
GO:0035738	venom-mediated perturbation of biological process	BP	3	198	4.887954	0.614739
GO:0035774	positive regulation of insulin secretion involved in cellular response to glucose stimulus	BP	11	14	7.537164	1.000000
GO:0035821	modulation of process of another organism	BP	2	1032	3.236967	0.445431
GO:0035825	homologous recombination	BP	8	14	7.537164	0.773238
GO:0035834	indole alkaloid metabolic process	BP	4	84	5.745404	0.700171
GO:0035835	indole alkaloid biosynthetic process	BP	6	74	5.872156	0.733308
GO:0035864	response to potassium ion	BP	4	3	9.077609	0.931738
GO:0035902	response to immobilization stress	BP	3	1	10.176221	0.863476
GO:0035904	aorta development	BP	5	1	10.176221	0.891807
GO:0035914	skeletal muscle cell differentiation	BP	4	2	9.483074	0.863476
GO:0035966	response to topologically incorrect protein	BP	3	29	6.808925	0.783614
GO:0035967	cellular response to topologically incorrect protein	BP	4	8	8.096779	0.863476
GO:0036075	replacement ossification	BP	3	6	8.384461	0.931738
GO:0036119	response to platelet-derived growth factor	BP	4	10	7.873636	0.931738
GO:0036170	filamentous growth of a population of unicellular organisms in response to starvation	BP	4	0		1.000000
GO:0036176	response to neutral pH	BP	4	0		0.891807
GO:0036177	filamentous growth of a population of unicellular organisms in response to pH	BP	4	0		0.931738
GO:0036178	filamentous growth of a population of unicellular organisms in response to neutral pH	BP	5	0		1.000000
GO:0036180	filamentous growth of a population of unicellular organisms in response to biotic stimulus	BP	4	0		0.931738
GO:0036211	protein modification process	BP	5	952	3.317656	0.439606
GO:0036244	cellular response to neutral pH	BP	6	0		1.000000
GO:0036267	invasive filamentous growth	BP	5	0		0.823545
GO:0036269	swimming behavior	BP	4	0		1.000000
GO:0036293	response to decreased oxygen levels	BP	4	210	4.829113	0.740102
GO:0036294	cellular response to decreased oxygen levels	BP	5	63	6.033086	0.863476
GO:0036296	response to increased oxygen levels	BP	4	4	8.789927	0.863476
GO:0036297	interstrand cross-link repair	BP	8	9	7.978996	0.891807
GO:0036314	response to sterol	BP	4	74	5.872156	0.783614
GO:0036342	post-anal tail morphogenesis	BP	3	0		1.000000
GO:0036498	IRE1-mediated unfolded protein response	BP	7	1	10.176221	1.000000
GO:0036503	ERAD pathway	BP	8	22	7.085178	0.931738
GO:0038066	p38MAPK cascade	BP	8	7	8.230311	1.000000
GO:0038093	Fc receptor signaling pathway	BP	7	7	8.230311	0.841500
GO:0038127	ERBB signaling pathway	BP	8	11	7.778326	0.740102
GO:0038202	TORC1 signaling	BP	7	0		1.000000
GO:0039531	regulation of cytoplasmic pattern recognition receptor signaling pathway	BP	8	22	7.085178	0.627328
GO:0039532	negative regulation of cytoplasmic pattern recognition receptor signaling pathway	BP	9	13	7.611272	0.733308
GO:0040001	establishment of mitotic spindle localization	BP	8	10	7.873636	0.891807
GO:0040002	collagen and cuticulin-based cuticle development	BP	4	0		0.931738
GO:0040003	chitin-based cuticle development	BP	4	3	9.077609	0.823545
GO:0040007	growth	BP	1	310	4.439649	0.509885
GO:0040008	regulation of growth	BP	3	499	3.963615	0.488591
GO:0040009	regulation of growth rate	BP	4	9	7.978996	0.891807
GO:0040011	locomotion	BP	1	186	4.950474	0.550497
GO:0040012	regulation of locomotion	BP	3	645	3.706971	0.440609
GO:0040013	negative regulation of locomotion	BP	4	177	5.000071	0.550497
GO:0040014	regulation of multicellular organism growth	BP	5	34	6.649860	0.891807
GO:0040017	positive regulation of locomotion	BP	4	440	4.089446	0.557953
GO:0040018	positive regulation of multicellular organism growth	BP	6	4	8.789927	1.000000
GO:0040019	positive regulation of embryonic development	BP	6	13	7.611272	0.891807
GO:0040020	regulation of meiotic nuclear division	BP	7	16	7.403632	0.720981
GO:0040024	dauer larval development	BP	6	2	9.483074	1.000000
GO:0040025	vulval development	BP	4	0		1.000000
GO:0040028	regulation of vulval development	BP	4	0		0.891807
GO:0040029	epigenetic regulation of gene expression	BP	8	88	5.698884	0.627328
GO:0040034	regulation of development, heterochronic	BP	4	23	7.040727	0.726952
GO:0040036	regulation of fibroblast growth factor receptor signaling pathway	BP	6	15	7.468171	0.783614
GO:0042026	protein refolding	BP	3	9	7.978996	1.000000
GO:0042044	fluid transport	BP	4	102	5.551248	0.783614
GO:0042045	epithelial fluid transport	BP	5	39	6.512659	0.891807
GO:0042048	olfactory behavior	BP	4	18	7.285849	0.931738
GO:0042051	compound eye photoreceptor development	BP	7	1	10.176221	0.823545
GO:0042052	rhabdomere development	BP	5	0		1.000000
GO:0042058	regulation of epidermal growth factor receptor signaling pathway	BP	7	47	6.326073	0.795214
GO:0042059	negative regulation of epidermal growth factor receptor signaling pathway	BP	8	3	9.077609	0.863476
GO:0042060	wound healing	BP	4	21	7.131699	0.931738
GO:0042073	intraciliary transport	BP	7	30	6.775024	0.863476
GO:0042074	cell migration involved in gastrulation	BP	5	1	10.176221	0.823545
GO:0042078	germ-line stem cell division	BP	4	0		0.808364
GO:0042098	T cell proliferation	BP	6	10	7.873636	0.720981
GO:0042102	positive regulation of T cell proliferation	BP	9	86	5.721874	0.773238
GO:0042110	T cell activation	BP	5	111	5.466691	0.585916
GO:0042113	B cell activation	BP	5	52	6.224977	0.671840
GO:0042116	macrophage activation	BP	5	18	7.285849	0.863476
GO:0042127	regulation of cell population proliferation	BP	4	1170	3.111462	0.445431
GO:0042129	regulation of T cell proliferation	BP	8	122	5.372200	0.665046
GO:0042130	negative regulation of T cell proliferation	BP	9	24	6.998167	0.773238
GO:0042147	retrograde transport, endosome to Golgi	BP	6	27	6.880384	0.863476
GO:0042149	cellular response to glucose starvation	BP	5	11	7.778326	0.931738
GO:0042168	heme metabolic process	BP	5	25	6.957345	0.710028
GO:0042173	regulation of sporulation resulting in formation of a cellular spore	BP	5	53	6.205929	0.636714
GO:0042176	regulation of protein catabolic process	BP	7	102	5.551248	0.634282
GO:0042177	negative regulation of protein catabolic process	BP	8	42	6.438551	0.747400
GO:0042178	xenobiotic catabolic process	BP	4	45	6.369558	0.585916
GO:0042180	ketone metabolic process	BP	3	358	4.295688	0.498967
GO:0042181	ketone biosynthetic process	BP	5	171	5.034557	0.596783
GO:0042182	ketone catabolic process	BP	5	13	7.611272	0.622950
GO:0042214	terpene metabolic process	BP	6	194	4.908363	0.581602
GO:0042219	modified amino acid catabolic process	BP	4	22	7.085178	0.675422
GO:0042220	response to cocaine	BP	5	1	10.176221	0.931738
GO:0042221	response to chemical	BP	2	2750	2.256865	0.321203
GO:0042244	spore wall assembly	BP	7	10	7.873636	0.863476
GO:0042246	tissue regeneration	BP	4	16	7.403632	0.755283
GO:0042254	ribosome biogenesis	BP	5	27	6.880384	1.000000
GO:0042269	regulation of natural killer cell mediated cytotoxicity	BP	8	28	6.844016	0.763852
GO:0042273	ribosomal large subunit biogenesis	BP	5	6	8.384461	1.000000
GO:0042274	ribosomal small subunit biogenesis	BP	5	61	6.065347	1.000000
GO:0042278	purine nucleoside metabolic process	BP	7	34	6.649860	0.612789
GO:0042303	molting cycle	BP	2	4	8.789927	0.808364
GO:0042304	regulation of fatty acid biosynthetic process	BP	8	31	6.742234	0.704976
GO:0042306	regulation of protein import into nucleus	BP	8	66	5.986566	0.891807
GO:0042307	positive regulation of protein import into nucleus	BP	9	47	6.326073	1.000000
GO:0042311	vasodilation	BP	7	17	7.343008	0.795214
GO:0042325	regulation of phosphorylation	BP	7	293	4.496048	0.559066
GO:0042326	negative regulation of phosphorylation	BP	8	58	6.115778	0.671840
GO:0042327	positive regulation of phosphorylation	BP	8	245	4.674963	0.658690
GO:0042330	taxis	BP	2	173	5.022929	0.560191
GO:0042331	phototaxis	BP	5	0		0.891807
GO:0042335	cuticle development	BP	3	12	7.691314	0.783614
GO:0042364	water-soluble vitamin biosynthetic process	BP	6	81	5.781772	0.695590
GO:0042391	regulation of membrane potential	BP	3	143	5.213376	0.522938
GO:0042398	modified amino acid biosynthetic process	BP	4	67	5.971528	0.641766
GO:0042401	biogenic amine biosynthetic process	BP	5	61	6.065347	0.671840
GO:0042402	biogenic amine catabolic process	BP	5	28	6.844016	0.691212
GO:0042417	dopamine metabolic process	BP	6	9	7.978996	0.863476
GO:0042430	indole-containing compound metabolic process	BP	3	198	4.887954	0.629592
GO:0042435	indole-containing compound biosynthetic process	BP	4	51	6.244395	0.710028
GO:0042440	pigment metabolic process	BP	3	204	4.858101	0.552570
GO:0042441	eye pigment metabolic process	BP	6	3	9.077609	0.783614
GO:0042445	hormone metabolic process	BP	4	173	5.022929	0.560191
GO:0042446	hormone biosynthetic process	BP	5	98	5.591253	0.683001
GO:0042461	photoreceptor cell development	BP	5	10	7.873636	0.755283
GO:0042462	eye photoreceptor cell development	BP	6	8	8.096779	0.773238
GO:0042472	inner ear morphogenesis	BP	4	12	7.691314	0.931738
GO:0042475	odontogenesis of dentin-containing tooth	BP	5	4	8.789927	0.891807
GO:0042476	odontogenesis	BP	4	14	7.537164	0.841500
GO:0042490	mechanoreceptor differentiation	BP	5	0		0.773238
GO:0042537	benzene-containing compound metabolic process	BP	3	232	4.729484	0.511252
GO:0042538	hyperosmotic salinity response	BP	5	105	5.522261	0.931738
GO:0042542	response to hydrogen peroxide	BP	5	66	5.986566	0.931738
GO:0042545	cell wall modification	BP	6	78	5.819512	0.740102
GO:0042546	cell wall biogenesis	BP	4	92	5.654432	0.763852
GO:0042551	neuron maturation	BP	5	4	8.789927	0.931738
GO:0042552	myelination	BP	4	18	7.285849	0.823545
GO:0042558	pteridine-containing compound metabolic process	BP	3	31	6.742234	0.634282
GO:0042559	pteridine-containing compound biosynthetic process	BP	4	19	7.231782	0.733308
GO:0042573	retinoic acid metabolic process	BP	9	1	10.176221	0.841500
GO:0042592	homeostatic process	BP	1	805	3.485379	0.481214
GO:0042593	glucose homeostasis	BP	4	134	5.278381	0.891807
GO:0042594	response to starvation	BP	3	231	4.733803	0.641766
GO:0042596	fear response	BP	4	7	8.230311	0.931738
GO:0042631	cellular response to water deprivation	BP	6	11	7.778326	0.931738
GO:0042632	cholesterol homeostasis	BP	5	18	7.285849	1.000000
GO:0042659	regulation of cell fate specification	BP	5	0		0.629592
GO:0042692	muscle cell differentiation	BP	4	16	7.403632	0.683001
GO:0042698	ovulation cycle	BP	3	9	7.978996	0.891807
GO:0042706	eye photoreceptor cell fate commitment	BP	6	1	10.176221	0.773238
GO:0042710	biofilm formation	BP	4	32	6.710485	0.783614
GO:0042723	thiamine-containing compound metabolic process	BP	4	32	6.710485	0.763852
GO:0042726	flavin-containing compound metabolic process	BP	3	10	7.873636	0.726952
GO:0042733	embryonic digit morphogenesis	BP	4	1	10.176221	1.000000
GO:0042742	defense response to bacterium	BP	6	602	3.775964	0.783614
GO:0042743	hydrogen peroxide metabolic process	BP	4	36	6.592702	0.823545
GO:0042744	hydrogen peroxide catabolic process	BP	5	15	7.468171	0.931738
GO:0042749	regulation of circadian sleep/wake cycle	BP	5	23	7.040727	0.747400
GO:0042752	regulation of circadian rhythm	BP	3	151	5.158941	0.695590
GO:0042753	positive regulation of circadian rhythm	BP	4	7	8.230311	0.823545
GO:0042755	eating behavior	BP	4	9	7.978996	0.891807
GO:0042759	long-chain fatty acid biosynthetic process	BP	10	43	6.415021	0.747400
GO:0042762	regulation of sulfur metabolic process	BP	5	29	6.808925	0.573504
GO:0042770	signal transduction in response to DNA damage	BP	6	44	6.392031	0.795214
GO:0042771	intrinsic apoptotic signaling pathway in response to DNA damage by p53 class mediator	BP	8	4	8.789927	1.000000
GO:0042783	symbiont-mediated evasion of host immune response	BP	8	69	5.942114	0.755283
GO:0042789	mRNA transcription by RNA polymerase II	BP	10	15	7.468171	1.000000
GO:0042816	vitamin B6 metabolic process	BP	4	10	7.873636	0.740102
GO:0042832	defense response to protozoan	BP	6	18	7.285849	1.000000
GO:0042886	amide transport	BP	5	234	4.720900	0.540738
GO:0042908	xenobiotic transport	BP	4	16	7.403632	0.808364
GO:0042981	regulation of apoptotic process	BP	5	748	3.558818	0.462753
GO:0043001	Golgi to plasma membrane protein transport	BP	8	4	8.789927	1.000000
GO:0043009	chordate embryonic development	BP	6	21	7.131699	0.931738
GO:0043010	camera-type eye development	BP	6	9	7.978996	0.891807
GO:0043030	regulation of macrophage activation	BP	6	2	9.483074	0.823545
GO:0043038	amino acid activation	BP	5	41	6.462649	0.612789
GO:0043039	tRNA aminoacylation	BP	8	36	6.592702	0.618759
GO:0043043	peptide biosynthetic process	BP	4	96	5.611873	0.691212
GO:0043045	epigenetic programming of gene expression	BP	9	2	9.483074	0.783614
GO:0043051	regulation of nematode pharyngeal pumping	BP	7	0		0.891807
GO:0043052	thermotaxis	BP	4	2	9.483074	1.000000
GO:0043062	extracellular structure organization	BP	4	158	5.113626	0.679138
GO:0043065	positive regulation of apoptotic process	BP	6	318	4.414170	0.574808
GO:0043066	negative regulation of apoptotic process	BP	6	390	4.210074	0.566020
GO:0043067	regulation of programmed cell death	BP	4	803	3.487866	0.447572
GO:0043068	positive regulation of programmed cell death	BP	5	334	4.365080	0.552570
GO:0043069	negative regulation of programmed cell death	BP	5	423	4.128849	0.554688
GO:0043085	positive regulation of catalytic activity	BP	4	230	4.738142	0.569691
GO:0043086	negative regulation of catalytic activity	BP	4	136	5.263566	0.607159
GO:0043087	regulation of GTPase activity	BP	5	61	6.065347	0.823545
GO:0043094	metabolic compound salvage	BP	4	46	6.347580	0.607159
GO:0043101	purine-containing compound salvage	BP	5	16	7.403632	0.691212
GO:0043112	receptor metabolic process	BP	4	72	5.899555	0.763852
GO:0043113	receptor clustering	BP	5	15	7.468171	0.763852
GO:0043114	regulation of vascular permeability	BP	5	17	7.343008	0.795214
GO:0043122	regulation of canonical NF-kappaB signal transduction	BP	7	120	5.388729	0.891807
GO:0043123	positive regulation of canonical NF-kappaB signal transduction	BP	8	79	5.806773	1.000000
GO:0043124	negative regulation of canonical NF-kappaB signal transduction	BP	8	30	6.775024	1.000000
GO:0043144	sno(s)RNA processing	BP	8	2	9.483074	0.740102
GO:0043161	proteasome-mediated ubiquitin-dependent protein catabolic process	BP	9	71	5.913541	0.755283
GO:0043162	ubiquitin-dependent protein catabolic process via the multivesicular body sorting pathway	BP	9	4	8.789927	1.000000
GO:0043170	macromolecule metabolic process	BP	3	4251	1.821311	0.277898
GO:0043171	peptide catabolic process	BP	4	61	6.065347	0.841500
GO:0043173	nucleotide salvage	BP	9	8	8.096779	0.695590
GO:0043200	response to amino acid	BP	4	53	6.205929	0.641766
GO:0043207	response to external biotic stimulus	BP	3	1514	2.853711	0.494220
GO:0043242	negative regulation of protein-containing complex disassembly	BP	6	59	6.098684	0.704976
GO:0043243	positive regulation of protein-containing complex disassembly	BP	6	40	6.487341	0.710028
GO:0043244	regulation of protein-containing complex disassembly	BP	5	83	5.757380	0.598439
GO:0043248	proteasome assembly	BP	6	1	10.176221	0.891807
GO:0043254	regulation of protein-containing complex assembly	BP	5	193	4.913531	0.516195
GO:0043255	regulation of carbohydrate biosynthetic process	BP	7	96	5.611873	0.603578
GO:0043266	regulation of potassium ion transport	BP	7	74	5.872156	0.668384
GO:0043267	negative regulation of potassium ion transport	BP	8	20	7.180489	0.773238
GO:0043268	positive regulation of potassium ion transport	BP	8	42	6.438551	0.795214
GO:0043269	regulation of monoatomic ion transport	BP	5	206	4.848345	0.489691
GO:0043270	positive regulation of monoatomic ion transport	BP	6	94	5.632926	0.600122
GO:0043271	negative regulation of monoatomic ion transport	BP	6	53	6.205929	0.603578
GO:0043277	apoptotic cell clearance	BP	7	22	7.085178	0.931738
GO:0043279	response to alkaloid	BP	4	26	6.918124	0.704976
GO:0043300	regulation of leukocyte degranulation	BP	9	16	7.403632	0.695590
GO:0043324	pigment metabolic process involved in developmental pigmentation	BP	5	12	7.691314	0.763852
GO:0043327	chemotaxis to cAMP	BP	4	0		1.000000
GO:0043330	response to exogenous dsRNA	BP	5	7	8.230311	0.931738
GO:0043331	response to dsRNA	BP	4	7	8.230311	0.863476
GO:0043370	regulation of CD4-positive, alpha-beta T cell differentiation	BP	11	12	7.691314	0.687021
GO:0043385	mycotoxin metabolic process	BP	5	167	5.058227	0.679138
GO:0043386	mycotoxin biosynthetic process	BP	6	154	5.139268	0.704976
GO:0043393	regulation of protein binding	BP	4	31	6.742234	0.726952
GO:0043401	steroid hormone receptor signaling pathway	BP	6	41	6.462649	0.763852
GO:0043405	regulation of MAP kinase activity	BP	11	39	6.512659	0.823545
GO:0043408	regulation of MAPK cascade	BP	7	395	4.197335	0.668384
GO:0043409	negative regulation of MAPK cascade	BP	8	72	5.899555	0.773238
GO:0043410	positive regulation of MAPK cascade	BP	8	325	4.392396	0.763852
GO:0043412	macromolecule modification	BP	4	1163	3.117463	0.407281
GO:0043414	macromolecule methylation	BP	5	95	5.622344	0.609000
GO:0043433	negative regulation of DNA-binding transcription factor activity	BP	11	27	6.880384	0.891807
GO:0043434	response to peptide hormone	BP	4	372	4.257327	0.665046
GO:0043436	oxoacid metabolic process	BP	5	1793	2.684575	0.333656
GO:0043455	regulation of secondary metabolic process	BP	5	92	5.654432	0.497160
GO:0043457	regulation of cellular respiration	BP	6	10	7.873636	0.649865
GO:0043462	regulation of ATP-dependent activity	BP	3	68	5.956713	0.720981
GO:0043467	regulation of generation of precursor metabolites and energy	BP	5	49	6.284401	0.577470
GO:0043470	regulation of carbohydrate catabolic process	BP	7	20	7.180489	0.556853
GO:0043473	pigmentation	BP	1	22	7.085178	0.710028
GO:0043474	pigment metabolic process involved in pigmentation	BP	4	14	7.537164	0.715352
GO:0043484	regulation of RNA splicing	BP	8	65	6.001834	0.773238
GO:0043487	regulation of RNA stability	BP	9	153	5.145783	0.644392
GO:0043488	regulation of mRNA stability	BP	10	145	5.199487	0.671840
GO:0043489	RNA stabilization	BP	10	127	5.332034	0.823545
GO:0043491	phosphatidylinositol 3-kinase/protein kinase B signal transduction	BP	7	6	8.384461	1.000000
GO:0043500	muscle adaptation	BP	4	4	8.789927	0.726952
GO:0043502	regulation of muscle adaptation	BP	6	5	8.566783	0.665046
GO:0043516	regulation of DNA damage response, signal transduction by p53 class mediator	BP	8	13	7.611272	0.891807
GO:0043523	regulation of neuron apoptotic process	BP	6	171	5.034557	0.710028
GO:0043524	negative regulation of neuron apoptotic process	BP	7	75	5.858733	0.808364
GO:0043525	positive regulation of neuron apoptotic process	BP	7	74	5.872156	0.841500
GO:0043534	blood vessel endothelial cell migration	BP	5	17	7.343008	0.863476
GO:0043535	regulation of blood vessel endothelial cell migration	BP	7	60	6.081876	0.823545
GO:0043536	positive regulation of blood vessel endothelial cell migration	BP	8	58	6.115778	0.931738
GO:0043542	endothelial cell migration	BP	4	22	7.085178	0.795214
GO:0043543	protein acylation	BP	6	52	6.224977	0.641766
GO:0043547	positive regulation of GTPase activity	BP	6	40	6.487341	0.931738
GO:0043549	regulation of kinase activity	BP	8	177	5.000071	0.612789
GO:0043555	regulation of translation in response to stress	BP	10	25	6.957345	0.661816
GO:0043562	cellular response to nitrogen levels	BP	4	17	7.343008	0.891807
GO:0043570	maintenance of DNA repeat elements	BP	7	4	8.789927	0.823545
GO:0043574	peroxisomal transport	BP	5	19	7.231782	0.841500
GO:0043588	skin development	BP	4	2	9.483074	1.000000
GO:0043603	amide metabolic process	BP	3	417	4.143135	0.451999
GO:0043604	amide biosynthetic process	BP	4	228	4.746875	0.555764
GO:0043605	amide catabolic process	BP	4	16	7.403632	0.726952
GO:0043622	cortical microtubule organization	BP	8	5	8.566783	1.000000
GO:0043627	response to estrogen	BP	4	42	6.438551	0.931738
GO:0043632	modification-dependent macromolecule catabolic process	BP	5	139	5.241747	0.691212
GO:0043647	inositol phosphate metabolic process	BP	6	6	8.384461	0.755283
GO:0043648	dicarboxylic acid metabolic process	BP	7	160	5.101047	0.545497
GO:0043649	dicarboxylic acid catabolic process	BP	8	18	7.285849	0.675422
GO:0043650	dicarboxylic acid biosynthetic process	BP	8	38	6.538635	0.691212
GO:0043687	post-translational protein modification	BP	6	355	4.304103	0.616728
GO:0043692	monoterpene metabolic process	BP	7	46	6.347580	0.763852
GO:0043708	cell adhesion involved in biofilm formation	BP	4	7	8.230311	0.863476
GO:0043903	regulation of biological process involved in symbiotic interaction	BP	3	28	6.844016	0.620832
GO:0043933	protein-containing complex organization	BP	4	1065	3.205491	0.435055
GO:0043934	sporulation	BP	2	155	5.132796	0.658690
GO:0043935	sexual sporulation resulting in formation of a cellular spore	BP	4	39	6.512659	0.841500
GO:0043936	asexual sporulation resulting in formation of a cellular spore	BP	4	50	6.264198	0.755283
GO:0043937	regulation of sporulation	BP	4	95	5.622344	0.612789
GO:0043938	positive regulation of sporulation	BP	5	45	6.369558	0.720981
GO:0043954	cellular component maintenance	BP	4	5	8.566783	0.710028
GO:0044003	symbiont-mediated perturbation of host process	BP	4	789	3.505455	0.484833
GO:0044010	single-species biofilm formation	BP	5	30	6.775024	0.841500
GO:0044011	single-species biofilm formation on inanimate substrate	BP	7	3	9.077609	1.000000
GO:0044036	cell wall macromolecule metabolic process	BP	4	48	6.305020	0.609000
GO:0044038	cell wall macromolecule biosynthetic process	BP	5	47	6.326073	0.747400
GO:0044042	glucan metabolic process	BP	6	150	5.165586	0.576130
GO:0044057	regulation of system process	BP	4	375	4.249295	0.416571
GO:0044058	regulation of digestive system process	BP	5	11	7.778326	0.627328
GO:0044060	regulation of endocrine process	BP	5	96	5.611873	0.588901
GO:0044068	symbiont-mediated perturbation of host cellular process	BP	5	554	3.859056	0.526090
GO:0044085	cellular component biogenesis	BP	3	190	4.929197	0.665046
GO:0044087	regulation of cellular component biogenesis	BP	4	437	4.096288	0.420329
GO:0044088	regulation of vacuole organization	BP	6	14	7.537164	0.763852
GO:0044089	positive regulation of cellular component biogenesis	BP	5	261	4.611701	0.540738
GO:0044090	positive regulation of vacuole organization	BP	7	11	7.778326	0.863476
GO:0044092	negative regulation of molecular function	BP	3	229	4.742499	0.545497
GO:0044093	positive regulation of molecular function	BP	3	384	4.225578	0.523716
GO:0044179	hemolysis in another organism	BP	6	60	6.081876	1.000000
GO:0044180	filamentous growth of a unicellular organism	BP	3	0		1.000000
GO:0044182	filamentous growth of a population of unicellular organisms	BP	3	1	10.176221	0.733308
GO:0044238	primary metabolic process	BP	3	7682	1.229586	0.206686
GO:0044272	sulfur compound biosynthetic process	BP	4	231	4.733803	0.561330
GO:0044273	sulfur compound catabolic process	BP	4	33	6.679713	0.577470
GO:0044281	small molecule metabolic process	BP	3	3379	2.050886	0.254098
GO:0044282	small molecule catabolic process	BP	4	564	3.841167	0.391792
GO:0044283	small molecule biosynthetic process	BP	4	1110	3.164106	0.386802
GO:0044319	wound healing, spreading of cells	BP	4	205	4.853211	0.931738
GO:0044344	cellular response to fibroblast growth factor stimulus	BP	5	18	7.285849	1.000000
GO:0044380	protein localization to cytoskeleton	BP	5	51	6.244395	0.644392
GO:0044403	biological process involved in symbiotic interaction	BP	2	1416	2.920630	0.434737
GO:0044406	adhesion of symbiont to host	BP	4	202	4.867953	0.671840
GO:0044409	symbiont entry into host	BP	4	162	5.088625	0.763852
GO:0044419	biological process involved in interspecies interaction between organisms	BP	1	2929	2.193805	0.376290
GO:0044458	motile cilium assembly	BP	8	17	7.343008	0.891807
GO:0044483	venom-mediated perturbation of hemostasis	BP	5	72	5.899555	0.755283
GO:0044550	secondary metabolite biosynthetic process	BP	4	825	3.460838	0.498361
GO:0044560	venom-mediated perturbation of ion channel activity	BP	4	75	5.858733	0.740102
GO:0044650	adhesion of symbiont to host cell	BP	5	185	4.955865	0.710028
GO:0044703	multi-organism reproductive process	BP	2	17	7.343008	0.783614
GO:0044706	multi-multicellular organism process	BP	2	28	6.844016	0.763852
GO:0044743	protein transmembrane import into intracellular organelle	BP	8	19	7.231782	0.891807
GO:0044770	cell cycle phase transition	BP	3	76	5.845488	0.726952
GO:0044772	mitotic cell cycle phase transition	BP	4	73	5.885762	0.841500
GO:0044773	mitotic DNA damage checkpoint signaling	BP	11	31	6.742234	0.863476
GO:0044774	mitotic DNA integrity checkpoint signaling	BP	10	31	6.742234	0.823545
GO:0044782	cilium organization	BP	6	114	5.440022	0.763852
GO:0044786	cell cycle DNA replication	BP	9	4	8.789927	0.808364
GO:0044788	host-mediated perturbation of viral process	BP	4	27	6.880384	0.720981
GO:0044804	nucleophagy	BP	6	0		0.931738
GO:0044818	mitotic G2/M transition checkpoint	BP	10	18	7.285849	0.891807
GO:0044837	actomyosin contractile ring organization	BP	8	3	9.077609	0.841500
GO:0044839	cell cycle G2/M phase transition	BP	4	25	6.957345	0.891807
GO:0044843	cell cycle G1/S phase transition	BP	4	31	6.742234	0.931738
GO:0045005	DNA-templated DNA replication maintenance of fidelity	BP	7	12	7.691314	0.755283
GO:0045010	actin nucleation	BP	6	4	8.789927	0.891807
GO:0045017	glycerolipid biosynthetic process	BP	6	98	5.591253	0.661816
GO:0045026	plasma membrane fusion	BP	6	12	7.691314	0.841500
GO:0045047	protein targeting to ER	BP	6	21	7.131699	0.891807
GO:0045048	protein insertion into ER membrane	BP	6	32	6.710485	0.823545
GO:0045055	regulated exocytosis	BP	7	50	6.264198	0.683001
GO:0045069	regulation of viral genome replication	BP	5	59	6.098684	0.823545
GO:0045071	negative regulation of viral genome replication	BP	6	30	6.775024	0.931738
GO:0045087	innate immune response	BP	7	211	4.824363	0.687021
GO:0045088	regulation of innate immune response	BP	6	224	4.764575	0.483266
GO:0045089	positive regulation of innate immune response	BP	7	136	5.263566	0.549476
GO:0045103	intermediate filament-based process	BP	2	29	6.808925	0.808364
GO:0045104	intermediate filament cytoskeleton organization	BP	6	29	6.808925	0.823545
GO:0045124	regulation of bone resorption	BP	6	6	8.384461	0.891807
GO:0045132	meiotic chromosome segregation	BP	5	15	7.468171	0.795214
GO:0045138	nematode male tail tip morphogenesis	BP	4	1	10.176221	1.000000
GO:0045165	cell fate commitment	BP	3	82	5.769502	0.511943
GO:0045167	asymmetric protein localization involved in cell fate determination	BP	4	0		1.000000
GO:0045176	apical protein localization	BP	4	3	9.077609	1.000000
GO:0045184	establishment of protein localization	BP	3	525	3.912823	0.497758
GO:0045185	maintenance of protein location	BP	3	19	7.231782	0.665046
GO:0045187	regulation of circadian sleep/wake cycle, sleep	BP	6	22	7.085178	0.783614
GO:0045197	establishment or maintenance of epithelial cell apical/basal polarity	BP	5	11	7.778326	0.841500
GO:0045214	sarcomere organization	BP	8	92	5.654432	1.000000
GO:0045216	cell-cell junction organization	BP	5	197	4.893017	0.665046
GO:0045217	cell-cell junction maintenance	BP	6	0		0.841500
GO:0045229	external encapsulating structure organization	BP	4	337	4.356138	0.590428
GO:0045292	mRNA cis splicing, via spliceosome	BP	10	19	7.231782	1.000000
GO:0045321	leukocyte activation	BP	3	244	4.679053	0.516922
GO:0045324	late endosome to vacuole transport	BP	6	12	7.691314	0.863476
GO:0045332	phospholipid translocation	BP	7	13	7.611272	0.763852
GO:0045333	cellular respiration	BP	5	403	4.177284	0.658690
GO:0045338	farnesyl diphosphate metabolic process	BP	7	39	6.512659	0.863476
GO:0045428	regulation of nitric oxide biosynthetic process	BP	6	32	6.710485	0.891807
GO:0045429	positive regulation of nitric oxide biosynthetic process	BP	7	13	7.611272	1.000000
GO:0045444	fat cell differentiation	BP	4	29	6.808925	0.863476
GO:0045445	myoblast differentiation	BP	4	10	7.873636	0.891807
GO:0045446	endothelial cell differentiation	BP	5	2	9.483074	0.783614
GO:0045451	pole plasm oskar mRNA localization	BP	8	0		1.000000
GO:0045454	cell redox homeostasis	BP	3	75	5.858733	1.000000
GO:0045471	response to ethanol	BP	5	14	7.537164	0.931738
GO:0045472	response to ether	BP	4	1	10.176221	0.695590
GO:0045475	locomotor rhythm	BP	5	3	9.077609	1.000000
GO:0045488	pectin metabolic process	BP	7	161	5.094817	0.740102
GO:0045490	pectin catabolic process	BP	8	157	5.119975	0.931738
GO:0045491	xylan metabolic process	BP	6	100	5.571051	0.783614
GO:0045494	photoreceptor cell maintenance	BP	2	4	8.789927	1.000000
GO:0045540	regulation of cholesterol biosynthetic process	BP	10	10	7.873636	0.891807
GO:0045570	regulation of imaginal disc growth	BP	5	0		0.891807
GO:0045580	regulation of T cell differentiation	BP	9	26	6.918124	0.595156
GO:0045581	negative regulation of T cell differentiation	BP	10	14	7.537164	0.700171
GO:0045582	positive regulation of T cell differentiation	BP	10	16	7.403632	0.704976
GO:0045589	regulation of regulatory T cell differentiation	BP	10	3	9.077609	0.783614
GO:0045595	regulation of cell differentiation	BP	4	870	3.407728	0.352203
GO:0045596	negative regulation of cell differentiation	BP	5	395	4.197335	0.452377
GO:0045597	positive regulation of cell differentiation	BP	5	406	4.169868	0.462753
GO:0045598	regulation of fat cell differentiation	BP	5	82	5.769502	0.808364
GO:0045599	negative regulation of fat cell differentiation	BP	6	55	6.168888	0.891807
GO:0045600	positive regulation of fat cell differentiation	BP	6	11	7.778326	0.931738
GO:0045601	regulation of endothelial cell differentiation	BP	6	6	8.384461	0.733308
GO:0045604	regulation of epidermal cell differentiation	BP	6	14	7.537164	0.763852
GO:0045619	regulation of lymphocyte differentiation	BP	8	40	6.487341	0.562482
GO:0045620	negative regulation of lymphocyte differentiation	BP	9	14	7.537164	0.668384
GO:0045621	positive regulation of lymphocyte differentiation	BP	9	27	6.880384	0.671840
GO:0045622	regulation of T-helper cell differentiation	BP	12	11	7.778326	0.733308
GO:0045637	regulation of myeloid cell differentiation	BP	7	87	5.710313	0.622950
GO:0045638	negative regulation of myeloid cell differentiation	BP	8	62	6.049087	0.733308
GO:0045639	positive regulation of myeloid cell differentiation	BP	8	24	6.998167	0.733308
GO:0045646	regulation of erythrocyte differentiation	BP	8	20	7.180489	0.841500
GO:0045661	regulation of myoblast differentiation	BP	5	52	6.224977	0.823545
GO:0045664	regulation of neuron differentiation	BP	5	32	6.710485	0.581602
GO:0045665	negative regulation of neuron differentiation	BP	6	14	7.537164	0.704976
GO:0045666	positive regulation of neuron differentiation	BP	6	8	8.096779	0.715352
GO:0045667	regulation of osteoblast differentiation	BP	5	24	6.998167	0.891807
GO:0045668	negative regulation of osteoblast differentiation	BP	6	7	8.230311	1.000000
GO:0045669	positive regulation of osteoblast differentiation	BP	6	14	7.537164	1.000000
GO:0045670	regulation of osteoclast differentiation	BP	9	24	6.998167	0.841500
GO:0045682	regulation of epidermis development	BP	4	14	7.537164	0.740102
GO:0045685	regulation of glial cell differentiation	BP	5	15	7.468171	0.715352
GO:0045687	positive regulation of glial cell differentiation	BP	9	9	7.978996	0.823545
GO:0045723	positive regulation of fatty acid biosynthetic process	BP	9	14	7.537164	0.808364
GO:0045727	positive regulation of translation	BP	10	35	6.620873	0.671840
GO:0045732	positive regulation of protein catabolic process	BP	8	45	6.369558	0.747400
GO:0045738	negative regulation of DNA repair	BP	9	8	8.096779	0.755283
GO:0045739	positive regulation of DNA repair	BP	9	37	6.565303	0.783614
GO:0045740	positive regulation of DNA replication	BP	9	13	7.611272	0.783614
GO:0045742	positive regulation of epidermal growth factor receptor signaling pathway	BP	8	40	6.487341	0.931738
GO:0045744	negative regulation of G protein-coupled receptor signaling pathway	BP	7	22	7.085178	0.683001
GO:0045745	positive regulation of G protein-coupled receptor signaling pathway	BP	7	59	6.098684	0.710028
GO:0045746	negative regulation of Notch signaling pathway	BP	7	7	8.230311	0.931738
GO:0045747	positive regulation of Notch signaling pathway	BP	7	1	10.176221	1.000000
GO:0045765	regulation of angiogenesis	BP	6	194	4.908363	0.747400
GO:0045766	positive regulation of angiogenesis	BP	7	120	5.388729	0.863476
GO:0045773	positive regulation of axon extension	BP	10	19	7.231782	0.891807
GO:0045776	negative regulation of blood pressure	BP	4	14	7.537164	0.808364
GO:0045777	positive regulation of blood pressure	BP	4	6	8.384461	0.740102
GO:0045778	positive regulation of ossification	BP	5	27	6.880384	0.891807
GO:0045785	positive regulation of cell adhesion	BP	5	309	4.442880	0.570945
GO:0045786	negative regulation of cell cycle	BP	5	175	5.011435	0.517654
GO:0045787	positive regulation of cell cycle	BP	5	153	5.145783	0.528521
GO:0045792	negative regulation of cell size	BP	6	0		1.000000
GO:0045793	positive regulation of cell size	BP	6	0		1.000000
GO:0045806	negative regulation of endocytosis	BP	7	16	7.403632	0.720981
GO:0045807	positive regulation of endocytosis	BP	7	178	4.994437	0.720981
GO:0045814	negative regulation of gene expression, epigenetic	BP	9	54	6.187237	0.671840
GO:0045815	transcription initiation-coupled chromatin remodeling	BP	10	15	7.468171	0.931738
GO:0045823	positive regulation of heart contraction	BP	7	56	6.150869	0.700171
GO:0045824	negative regulation of innate immune response	BP	7	49	6.284401	0.704976
GO:0045833	negative regulation of lipid metabolic process	BP	7	58	6.115778	0.568452
GO:0045834	positive regulation of lipid metabolic process	BP	7	106	5.512782	0.563647
GO:0045835	negative regulation of meiotic nuclear division	BP	8	3	9.077609	0.823545
GO:0045839	negative regulation of mitotic nuclear division	BP	8	13	7.611272	0.891807
GO:0045840	positive regulation of mitotic nuclear division	BP	8	25	6.957345	0.863476
GO:0045841	negative regulation of mitotic metaphase/anaphase transition	BP	11	9	7.978996	0.931738
GO:0045859	regulation of protein kinase activity	BP	9	170	5.040423	0.631909
GO:0045860	positive regulation of protein kinase activity	BP	10	137	5.256240	0.720981
GO:0045861	negative regulation of proteolysis	BP	8	82	5.769502	0.695590
GO:0045862	positive regulation of proteolysis	BP	8	96	5.611873	0.695590
GO:0045879	negative regulation of smoothened signaling pathway	BP	7	1	10.176221	0.863476
GO:0045880	positive regulation of smoothened signaling pathway	BP	7	6	8.384461	0.931738
GO:0045886	negative regulation of synaptic assembly at neuromuscular junction	BP	8	28	6.844016	1.000000
GO:0045887	positive regulation of synaptic assembly at neuromuscular junction	BP	8	0		1.000000
GO:0045892	negative regulation of DNA-templated transcription	BP	10	742	3.566872	0.641766
GO:0045893	positive regulation of DNA-templated transcription	BP	10	975	3.293783	0.639208
GO:0045907	positive regulation of vasoconstriction	BP	8	11	7.778326	0.863476
GO:0045910	negative regulation of DNA recombination	BP	9	21	7.131699	0.726952
GO:0045911	positive regulation of DNA recombination	BP	9	56	6.150869	0.726952
GO:0045912	negative regulation of carbohydrate metabolic process	BP	7	65	6.001834	0.620832
GO:0045913	positive regulation of carbohydrate metabolic process	BP	7	35	6.620873	0.625115
GO:0045920	negative regulation of exocytosis	BP	8	12	7.691314	0.715352
GO:0045921	positive regulation of exocytosis	BP	8	30	6.775024	0.710028
GO:0045922	negative regulation of fatty acid metabolic process	BP	8	18	7.285849	0.755283
GO:0045923	positive regulation of fatty acid metabolic process	BP	8	26	6.918124	0.726952
GO:0045924	regulation of female receptivity	BP	6	0		0.823545
GO:0045926	negative regulation of growth	BP	4	294	4.492641	0.609000
GO:0045927	positive regulation of growth	BP	4	138	5.248967	0.609000
GO:0045930	negative regulation of mitotic cell cycle	BP	6	69	5.942114	0.652719
GO:0045931	positive regulation of mitotic cell cycle	BP	6	38	6.538635	0.700171
GO:0045932	negative regulation of muscle contraction	BP	7	28	6.844016	0.683001
GO:0045933	positive regulation of muscle contraction	BP	7	47	6.326073	0.710028
GO:0045934	negative regulation of nucleobase-containing compound metabolic process	BP	7	919	3.352935	0.495385
GO:0045935	positive regulation of nucleobase-containing compound metabolic process	BP	7	1064	3.206430	0.491365
GO:0045936	negative regulation of phosphate metabolic process	BP	7	106	5.512782	0.570945
GO:0045937	positive regulation of phosphate metabolic process	BP	7	261	4.611701	0.570945
GO:0045938	positive regulation of circadian sleep/wake cycle, sleep	BP	7	0		0.891807
GO:0045940	positive regulation of steroid metabolic process	BP	8	54	6.187237	0.691212
GO:0045943	positive regulation of transcription by RNA polymerase I	BP	11	2	9.483074	0.863476
GO:0045944	positive regulation of transcription by RNA polymerase II	BP	11	452	4.062539	0.747400
GO:0045947	negative regulation of translational initiation	BP	11	11	7.778326	0.740102
GO:0045948	positive regulation of translational initiation	BP	11	2	9.483074	0.773238
GO:0045981	positive regulation of nucleotide metabolic process	BP	8	4	8.789927	0.733308
GO:0045987	positive regulation of smooth muscle contraction	BP	8	35	6.620873	0.755283
GO:0045995	regulation of embryonic development	BP	5	31	6.742234	0.704976
GO:0046006	regulation of activated T cell proliferation	BP	9	34	6.649860	0.891807
GO:0046011	regulation of oskar mRNA translation	BP	10	0		0.891807
GO:0046031	ADP metabolic process	BP	10	53	6.205929	0.710028
GO:0046032	ADP catabolic process	BP	11	51	6.244395	0.726952
GO:0046034	ATP metabolic process	BP	10	178	4.994437	0.691212
GO:0046040	IMP metabolic process	BP	10	11	7.778326	0.823545
GO:0046058	cAMP metabolic process	BP	10	13	7.611272	0.891807
GO:0046112	nucleobase biosynthetic process	BP	7	16	7.403632	0.726952
GO:0046113	nucleobase catabolic process	BP	7	17	7.343008	0.755283
GO:0046128	purine ribonucleoside metabolic process	BP	8	33	6.679713	0.658690
GO:0046148	pigment biosynthetic process	BP	4	179	4.988835	0.612789
GO:0046164	alcohol catabolic process	BP	5	65	6.001834	0.578828
GO:0046165	alcohol biosynthetic process	BP	5	198	4.887954	0.537990
GO:0046173	polyol biosynthetic process	BP	6	76	5.845488	0.618759
GO:0046184	aldehyde biosynthetic process	BP	4	23	7.040727	0.720981
GO:0046185	aldehyde catabolic process	BP	4	24	6.998167	0.747400
GO:0046189	phenol-containing compound biosynthetic process	BP	4	234	4.720900	0.578828
GO:0046209	nitric oxide metabolic process	BP	4	9	7.978996	0.891807
GO:0046219	indolalkylamine biosynthetic process	BP	6	12	7.691314	0.931738
GO:0046246	terpene biosynthetic process	BP	7	146	5.192614	0.687021
GO:0046320	regulation of fatty acid oxidation	BP	8	9	7.978996	0.763852
GO:0046324	regulation of D-glucose import	BP	7	39	6.512659	0.891807
GO:0046326	positive regulation of D-glucose import	BP	8	26	6.918124	1.000000
GO:0046328	regulation of JNK cascade	BP	8	13	7.611272	0.863476
GO:0046329	negative regulation of JNK cascade	BP	9	8	8.096779	0.931738
GO:0046330	positive regulation of JNK cascade	BP	9	3	9.077609	1.000000
GO:0046337	phosphatidylethanolamine metabolic process	BP	7	12	7.691314	0.808364
GO:0046348	amino sugar catabolic process	BP	5	46	6.347580	0.740102
GO:0046349	amino sugar biosynthetic process	BP	5	24	6.998167	0.747400
GO:0046351	disaccharide biosynthetic process	BP	7	48	6.305020	0.823545
GO:0046352	disaccharide catabolic process	BP	7	31	6.742234	0.733308
GO:0046364	monosaccharide biosynthetic process	BP	6	42	6.438551	0.675422
GO:0046365	monosaccharide catabolic process	BP	6	51	6.244395	0.620832
GO:0046385	deoxyribose phosphate biosynthetic process	BP	6	5	8.566783	0.665046
GO:0046390	ribose phosphate biosynthetic process	BP	6	191	4.923948	0.610876
GO:0046394	carboxylic acid biosynthetic process	BP	7	748	3.558818	0.447212
GO:0046395	carboxylic acid catabolic process	BP	7	429	4.114764	0.445078
GO:0046417	chorismate metabolic process	BP	8	32	6.710485	0.823545
GO:0046425	regulation of receptor signaling pathway via JAK-STAT	BP	7	47	6.326073	0.863476
GO:0046427	positive regulation of receptor signaling pathway via JAK-STAT	BP	8	42	6.438551	1.000000
GO:0046434	organophosphate catabolic process	BP	5	167	5.058227	0.493068
GO:0046456	icosanoid biosynthetic process	BP	8	45	6.369558	0.783614
GO:0046459	short-chain fatty acid metabolic process	BP	9	73	5.885762	0.679138
GO:0046460	neutral lipid biosynthetic process	BP	6	21	7.131699	0.841500
GO:0046461	neutral lipid catabolic process	BP	6	17	7.343008	0.841500
GO:0046463	acylglycerol biosynthetic process	BP	7	21	7.131699	0.863476
GO:0046464	acylglycerol catabolic process	BP	7	17	7.343008	0.863476
GO:0046466	membrane lipid catabolic process	BP	6	25	6.957345	0.726952
GO:0046467	membrane lipid biosynthetic process	BP	6	131	5.301024	0.649865
GO:0046470	phosphatidylcholine metabolic process	BP	7	35	6.620873	0.747400
GO:0046471	phosphatidylglycerol metabolic process	BP	7	22	7.085178	0.808364
GO:0046473	phosphatidic acid metabolic process	BP	7	4	8.789927	0.931738
GO:0046474	glycerophospholipid biosynthetic process	BP	7	73	5.885762	0.679138
GO:0046475	glycerophospholipid catabolic process	BP	7	17	7.343008	0.773238
GO:0046486	glycerolipid metabolic process	BP	5	183	4.966735	0.567229
GO:0046488	phosphatidylinositol metabolic process	BP	7	55	6.168888	0.715352
GO:0046496	nicotinamide nucleotide metabolic process	BP	8	131	5.301024	0.649865
GO:0046503	glycerolipid catabolic process	BP	6	32	6.710485	0.733308
GO:0046513	ceramide biosynthetic process	BP	8	7	8.230311	0.783614
GO:0046519	sphingoid metabolic process	BP	7	15	7.468171	0.763852
GO:0046530	photoreceptor cell differentiation	BP	5	15	7.468171	0.755283
GO:0046532	regulation of photoreceptor cell differentiation	BP	6	7	8.230311	0.683001
GO:0046552	photoreceptor cell fate commitment	BP	5	1	10.176221	0.755283
GO:0046578	regulation of Ras protein signal transduction	BP	8	8	8.096779	0.891807
GO:0046579	positive regulation of Ras protein signal transduction	BP	9	1	10.176221	1.000000
GO:0046580	negative regulation of Ras protein signal transduction	BP	9	7	8.230311	1.000000
GO:0046605	regulation of centrosome cycle	BP	6	12	7.691314	0.773238
GO:0046618	xenobiotic export from cell	BP	5	10	7.873636	0.931738
GO:0046620	regulation of organ growth	BP	5	13	7.611272	0.726952
GO:0046621	negative regulation of organ growth	BP	6	3	9.077609	0.823545
GO:0046622	positive regulation of organ growth	BP	6	10	7.873636	0.841500
GO:0046626	regulation of insulin receptor signaling pathway	BP	6	22	7.085178	0.841500
GO:0046627	negative regulation of insulin receptor signaling pathway	BP	7	17	7.343008	0.931738
GO:0046631	alpha-beta T cell activation	BP	6	15	7.468171	0.647090
GO:0046632	alpha-beta T cell differentiation	BP	8	6	8.384461	0.710028
GO:0046634	regulation of alpha-beta T cell activation	BP	8	23	7.040727	0.587397
GO:0046635	positive regulation of alpha-beta T cell activation	BP	9	13	7.611272	0.691212
GO:0046636	negative regulation of alpha-beta T cell activation	BP	9	15	7.468171	0.704976
GO:0046637	regulation of alpha-beta T cell differentiation	BP	10	16	7.403632	0.655659
GO:0046638	positive regulation of alpha-beta T cell differentiation	BP	11	10	7.873636	0.763852
GO:0046649	lymphocyte activation	BP	4	161	5.094817	0.541672
GO:0046651	lymphocyte proliferation	BP	5	27	6.880384	0.687021
GO:0046653	tetrahydrofolate metabolic process	BP	5	25	6.957345	0.823545
GO:0046662	regulation of egg-laying behavior	BP	5	0		0.891807
GO:0046676	negative regulation of insulin secretion	BP	10	24	6.998167	0.931738
GO:0046677	response to antibiotic	BP	3	179	4.988835	0.740102
GO:0046683	response to organophosphorus	BP	3	103	5.541492	0.710028
GO:0046685	response to arsenic-containing substance	BP	3	13	7.611272	0.795214
GO:0046686	response to cadmium ion	BP	4	40	6.487341	0.891807
GO:0046688	response to copper ion	BP	4	68	5.956713	0.891807
GO:0046689	response to mercury ion	BP	4	12	7.691314	0.931738
GO:0046716	muscle cell cellular homeostasis	BP	3	11	7.778326	1.000000
GO:0046718	symbiont entry into host cell	BP	5	129	5.316409	0.808364
GO:0046777	protein autophosphorylation	BP	7	42	6.438551	0.808364
GO:0046785	microtubule polymerization	BP	8	6	8.384461	1.000000
GO:0046822	regulation of nucleocytoplasmic transport	BP	6	87	5.710313	0.661816
GO:0046823	negative regulation of nucleocytoplasmic transport	BP	7	23	7.040727	0.783614
GO:0046824	positive regulation of nucleocytoplasmic transport	BP	7	62	6.049087	0.763852
GO:0046825	regulation of protein export from nucleus	BP	8	16	7.403632	0.841500
GO:0046839	phospholipid dephosphorylation	BP	6	7	8.230311	0.931738
GO:0046843	dorsal appendage formation	BP	3	2	9.483074	1.000000
GO:0046847	filopodium assembly	BP	7	1	10.176221	0.931738
GO:0046850	regulation of bone remodeling	BP	5	21	7.131699	0.823545
GO:0046854	phosphatidylinositol phosphate biosynthetic process	BP	9	2	9.483074	0.841500
GO:0046856	phosphatidylinositol dephosphorylation	BP	8	5	8.566783	1.000000
GO:0046879	hormone secretion	BP	7	199	4.882916	0.607159
GO:0046883	regulation of hormone secretion	BP	7	221	4.778058	0.531015
GO:0046885	regulation of hormone biosynthetic process	BP	6	8	8.096779	0.647090
GO:0046887	positive regulation of hormone secretion	BP	8	126	5.339939	0.639208
GO:0046888	negative regulation of hormone secretion	BP	8	41	6.462649	0.639208
GO:0046889	positive regulation of lipid biosynthetic process	BP	8	86	5.721874	0.614739
GO:0046890	regulation of lipid biosynthetic process	BP	7	158	5.113626	0.505241
GO:0046902	regulation of mitochondrial membrane permeability	BP	7	18	7.285849	0.755283
GO:0046903	secretion	BP	4	397	4.192285	0.481723
GO:0046907	intracellular transport	BP	4	400	4.184756	0.461914
GO:0046928	regulation of neurotransmitter secretion	BP	7	25	6.957345	0.668384
GO:0046942	carboxylic acid transport	BP	5	172	5.028726	0.454289
GO:0046958	nonassociative learning	BP	7	1	10.176221	0.863476
GO:0047484	regulation of response to osmotic stress	BP	5	45	6.369558	0.747400
GO:0047496	vesicle transport along microtubule	BP	8	10	7.873636	0.783614
GO:0048002	antigen processing and presentation of peptide antigen	BP	3	13	7.611272	0.691212
GO:0048008	platelet-derived growth factor receptor signaling pathway	BP	8	14	7.537164	0.773238
GO:0048010	vascular endothelial growth factor receptor signaling pathway	BP	8	27	6.880384	0.823545
GO:0048013	ephrin receptor signaling pathway	BP	8	10	7.873636	1.000000
GO:0048024	regulation of mRNA splicing, via spliceosome	BP	10	38	6.538635	0.808364
GO:0048048	embryonic eye morphogenesis	BP	6	1	10.176221	0.931738
GO:0048066	developmental pigmentation	BP	2	5	8.566783	0.795214
GO:0048070	regulation of developmental pigmentation	BP	4	0		0.639208
GO:0048145	regulation of fibroblast proliferation	BP	5	41	6.462649	0.783614
GO:0048146	positive regulation of fibroblast proliferation	BP	6	32	6.710485	0.891807
GO:0048149	behavioral response to ethanol	BP	4	1	10.176221	1.000000
GO:0048167	regulation of synaptic plasticity	BP	7	29	6.808925	0.665046
GO:0048168	regulation of neuronal synaptic plasticity	BP	8	1	10.176221	0.795214
GO:0048190	wing disc dorsal/ventral pattern formation	BP	6	0		1.000000
GO:0048193	Golgi vesicle transport	BP	5	57	6.133170	0.720981
GO:0048229	gametophyte development	BP	4	30	6.775024	0.891807
GO:0048232	male gamete generation	BP	4	165	5.070275	0.931738
GO:0048255	mRNA stabilization	BP	11	120	5.388729	0.891807
GO:0048259	regulation of receptor-mediated endocytosis	BP	7	50	6.264198	0.726952
GO:0048260	positive regulation of receptor-mediated endocytosis	BP	8	48	6.305020	0.841500
GO:0048278	vesicle docking	BP	4	30	6.775024	0.795214
GO:0048284	organelle fusion	BP	5	60	6.081876	0.614739
GO:0048285	organelle fission	BP	5	76	5.845488	0.691212
GO:0048286	lung alveolus development	BP	3	1	10.176221	1.000000
GO:0048308	organelle inheritance	BP	5	0		0.808364
GO:0048311	mitochondrion distribution	BP	4	5	8.566783	0.863476
GO:0048315	conidium formation	BP	4	58	6.115778	0.891807
GO:0048316	seed development	BP	4	22	7.085178	1.000000
GO:0048364	root development	BP	4	29	6.808925	0.823545
GO:0048366	leaf development	BP	5	23	7.040727	0.931738
GO:0048367	shoot system development	BP	4	32	6.710485	0.841500
GO:0048437	floral organ development	BP	4	9	7.978996	0.841500
GO:0048468	cell development	BP	3	391	4.207513	0.494220
GO:0048469	cell maturation	BP	4	56	6.150869	0.691212
GO:0048477	oogenesis	BP	5	14	7.537164	1.000000
GO:0048481	plant ovule development	BP	4	6	8.384461	1.000000
GO:0048484	enteric nervous system development	BP	4	1	10.176221	1.000000
GO:0048488	synaptic vesicle endocytosis	BP	7	22	7.085178	0.891807
GO:0048489	synaptic vesicle transport	BP	5	10	7.873636	0.823545
GO:0048506	regulation of timing of meristematic phase transition	BP	5	9	7.978996	0.931738
GO:0048509	regulation of meristem development	BP	4	13	7.611272	0.823545
GO:0048510	regulation of timing of transition from vegetative to reproductive phase	BP	6	9	7.978996	1.000000
GO:0048511	rhythmic process	BP	1	171	5.034557	0.620832
GO:0048512	circadian behavior	BP	4	20	7.180489	0.773238
GO:0048513	animal organ development	BP	3	515	3.932054	0.505241
GO:0048514	blood vessel morphogenesis	BP	4	14	7.537164	0.704976
GO:0048515	spermatid differentiation	BP	4	4	8.789927	1.000000
GO:0048518	positive regulation of biological process	BP	3	4595	1.743497	0.213378
GO:0048519	negative regulation of biological process	BP	3	3527	2.008018	0.213545
GO:0048520	positive regulation of behavior	BP	5	7	8.230311	0.720981
GO:0048521	negative regulation of behavior	BP	5	1	10.176221	0.720981
GO:0048522	positive regulation of cellular process	BP	4	4082	1.861879	0.242156
GO:0048523	negative regulation of cellular process	BP	4	3227	2.096913	0.238635
GO:0048524	positive regulation of viral process	BP	4	30	6.775024	0.747400
GO:0048525	negative regulation of viral process	BP	4	62	6.049087	0.763852
GO:0048527	lateral root development	BP	6	2	9.483074	1.000000
GO:0048528	post-embryonic root development	BP	5	2	9.483074	0.931738
GO:0048532	anatomical structure arrangement	BP	2	12	7.691314	0.600122
GO:0048534	hematopoietic or lymphoid organ development	BP	4	42	6.438551	0.773238
GO:0048536	spleen development	BP	5	27	6.880384	1.000000
GO:0048538	thymus development	BP	5	38	6.538635	1.000000
GO:0048545	response to steroid hormone	BP	4	223	4.769049	0.687021
GO:0048546	digestive tract morphogenesis	BP	4	2	9.483074	0.931738
GO:0048557	embryonic digestive tract morphogenesis	BP	5	3	9.077609	1.000000
GO:0048562	embryonic organ morphogenesis	BP	4	24	6.998167	0.755283
GO:0048565	digestive tract development	BP	4	56	6.150869	0.841500
GO:0048568	embryonic organ development	BP	4	73	5.885762	0.747400
GO:0048573	photoperiodism, flowering	BP	6	8	8.096779	0.891807
GO:0048580	regulation of post-embryonic development	BP	5	44	6.392031	0.610876
GO:0048581	negative regulation of post-embryonic development	BP	6	12	7.691314	0.733308
GO:0048582	positive regulation of post-embryonic development	BP	6	9	7.978996	0.755283
GO:0048583	regulation of response to stimulus	BP	3	2225	2.468709	0.265394
GO:0048584	positive regulation of response to stimulus	BP	4	1336	2.978786	0.375073
GO:0048585	negative regulation of response to stimulus	BP	4	710	3.610956	0.379490
GO:0048586	regulation of long-day photoperiodism, flowering	BP	5	19	7.231782	0.891807
GO:0048588	developmental cell growth	BP	3	28	6.844016	0.671840
GO:0048589	developmental growth	BP	2	251	4.650768	0.534440
GO:0048592	eye morphogenesis	BP	5	1	10.176221	0.795214
GO:0048598	embryonic morphogenesis	BP	3	90	5.676411	0.537090
GO:0048608	reproductive structure development	BP	3	175	5.011435	0.625115
GO:0048609	multicellular organismal reproductive process	BP	2	550	3.866303	0.533573
GO:0048634	regulation of muscle organ development	BP	4	44	6.392031	0.679138
GO:0048638	regulation of developmental growth	BP	4	169	5.046322	0.526894
GO:0048639	positive regulation of developmental growth	BP	5	59	6.098684	0.647090
GO:0048640	negative regulation of developmental growth	BP	5	46	6.347580	0.644392
GO:0048646	anatomical structure formation involved in morphogenesis	BP	2	414	4.150355	0.432545
GO:0048653	anther development	BP	3	16	7.403632	1.000000
GO:0048660	regulation of smooth muscle cell proliferation	BP	5	83	5.757380	0.823545
GO:0048661	positive regulation of smooth muscle cell proliferation	BP	6	41	6.462649	0.931738
GO:0048662	negative regulation of smooth muscle cell proliferation	BP	6	40	6.487341	0.931738
GO:0048663	neuron fate commitment	BP	4	3	9.077609	0.661816
GO:0048665	neuron fate specification	BP	4	2	9.483074	0.783614
GO:0048666	neuron development	BP	4	21	7.131699	0.655659
GO:0048667	cell morphogenesis involved in neuron differentiation	BP	4	0		0.808364
GO:0048675	axon extension	BP	5	1	10.176221	0.891807
GO:0048678	response to axon injury	BP	4	34	6.649860	0.823545
GO:0048679	regulation of axon regeneration	BP	9	2	9.483074	0.720981
GO:0048680	positive regulation of axon regeneration	BP	10	1	10.176221	0.808364
GO:0048699	generation of neurons	BP	5	8	8.096779	0.931738
GO:0048701	embryonic cranial skeleton morphogenesis	BP	6	9	7.978996	1.000000
GO:0048703	embryonic viscerocranium morphogenesis	BP	4	6	8.384461	1.000000
GO:0048704	embryonic skeletal system morphogenesis	BP	5	20	7.180489	0.863476
GO:0048705	skeletal system morphogenesis	BP	4	20	7.180489	0.841500
GO:0048706	embryonic skeletal system development	BP	5	15	7.468171	0.931738
GO:0048709	oligodendrocyte differentiation	BP	5	2	9.483074	0.891807
GO:0048713	regulation of oligodendrocyte differentiation	BP	6	2	9.483074	0.891807
GO:0048729	tissue morphogenesis	BP	3	106	5.512782	0.483786
GO:0048731	system development	BP	3	137	5.256240	0.610876
GO:0048732	gland development	BP	4	98	5.591253	0.675422
GO:0048736	appendage development	BP	3	1	10.176221	0.763852
GO:0048738	cardiac muscle tissue development	BP	6	0		0.783614
GO:0048741	skeletal muscle fiber development	BP	7	106	5.512782	1.000000
GO:0048749	compound eye development	BP	6	5	8.566783	1.000000
GO:0048753	pigment granule organization	BP	6	70	5.927726	0.841500
GO:0048754	branching morphogenesis of an epithelial tube	BP	6	32	6.710485	0.740102
GO:0048762	mesenchymal cell differentiation	BP	4	198	4.887954	0.675422
GO:0048767	root hair elongation	BP	4	2	9.483074	1.000000
GO:0048771	tissue remodeling	BP	2	8	8.096779	0.763852
GO:0048793	pronephros development	BP	5	2	9.483074	0.931738
GO:0048806	genitalia development	BP	4	16	7.403632	0.808364
GO:0048808	male genitalia morphogenesis	BP	5	0		0.891807
GO:0048812	neuron projection morphogenesis	BP	7	35	6.620873	0.649865
GO:0048813	dendrite morphogenesis	BP	8	9	7.978996	0.823545
GO:0048814	regulation of dendrite morphogenesis	BP	9	8	8.096779	0.863476
GO:0048821	erythrocyte development	BP	6	9	7.978996	0.891807
GO:0048827	phyllome development	BP	4	26	6.918124	0.795214
GO:0048831	regulation of shoot system development	BP	4	23	7.040727	0.863476
GO:0048839	inner ear development	BP	3	36	6.592702	0.931738
GO:0048844	artery morphogenesis	BP	5	14	7.537164	0.783614
GO:0048854	brain morphogenesis	BP	4	2	9.483074	1.000000
GO:0048856	anatomical structure development	BP	2	1403	2.929853	0.315569
GO:0048857	neural nucleus development	BP	3	10	7.873636	0.641766
GO:0048858	cell projection morphogenesis	BP	5	40	6.487341	0.629592
GO:0048859	formation of anatomical boundary	BP	3	0		0.720981
GO:0048863	stem cell differentiation	BP	4	65	6.001834	0.710028
GO:0048864	stem cell development	BP	4	4	8.789927	0.863476
GO:0048868	pollen tube development	BP	3	3	9.077609	1.000000
GO:0048869	cellular developmental process	BP	2	1226	3.064709	0.324249
GO:0048870	cell motility	BP	2	635	3.722596	0.450130
GO:0048871	multicellular organismal-level homeostasis	BP	2	235	4.716635	0.598439
GO:0048872	homeostasis of number of cells	BP	3	65	6.001834	0.679138
GO:0048873	homeostasis of number of cells within a tissue	BP	5	13	7.611272	0.891807
GO:0048878	chemical homeostasis	BP	2	566	3.837627	0.522166
GO:0048884	neuromast development	BP	5	0		0.891807
GO:0050000	chromosome localization	BP	3	40	6.487341	0.655659
GO:0050433	regulation of catecholamine secretion	BP	7	26	6.918124	0.755283
GO:0050650	chondroitin sulfate proteoglycan biosynthetic process	BP	9	9	7.978996	1.000000
GO:0050654	chondroitin sulfate proteoglycan metabolic process	BP	7	11	7.778326	0.891807
GO:0050657	nucleic acid transport	BP	6	45	6.369558	0.671840
GO:0050658	RNA transport	BP	7	41	6.462649	0.683001
GO:0050670	regulation of lymphocyte proliferation	BP	7	163	5.082471	0.631909
GO:0050671	positive regulation of lymphocyte proliferation	BP	8	107	5.503392	0.740102
GO:0050672	negative regulation of lymphocyte proliferation	BP	8	44	6.392031	0.740102
GO:0050673	epithelial cell proliferation	BP	3	99	5.581101	0.671840
GO:0050678	regulation of epithelial cell proliferation	BP	5	368	4.268138	0.601835
GO:0050679	positive regulation of epithelial cell proliferation	BP	6	152	5.152340	0.704976
GO:0050680	negative regulation of epithelial cell proliferation	BP	6	188	4.939779	0.715352
GO:0050684	regulation of mRNA processing	BP	9	44	6.392031	0.726952
GO:0050688	regulation of defense response to virus	BP	6	26	6.918124	0.841500
GO:0050691	regulation of defense response to virus by host	BP	7	18	7.285849	0.891807
GO:0050708	regulation of protein secretion	BP	7	236	4.712389	0.647090
GO:0050709	negative regulation of protein secretion	BP	8	45	6.369558	0.755283
GO:0050714	positive regulation of protein secretion	BP	8	131	5.301024	0.747400
GO:0050727	regulation of inflammatory response	BP	6	174	5.017166	0.549476
GO:0050728	negative regulation of inflammatory response	BP	7	80	5.794194	0.668384
GO:0050729	positive regulation of inflammatory response	BP	7	63	6.033086	0.661816
GO:0050730	regulation of peptidyl-tyrosine phosphorylation	BP	9	57	6.133170	0.726952
GO:0050731	positive regulation of peptidyl-tyrosine phosphorylation	BP	10	52	6.224977	0.841500
GO:0050764	regulation of phagocytosis	BP	7	142	5.220394	0.733308
GO:0050765	negative regulation of phagocytosis	BP	8	11	7.778326	0.841500
GO:0050766	positive regulation of phagocytosis	BP	8	121	5.380430	0.823545
GO:0050767	regulation of neurogenesis	BP	6	114	5.440022	0.612789
GO:0050768	negative regulation of neurogenesis	BP	7	22	7.085178	0.687021
GO:0050769	positive regulation of neurogenesis	BP	7	47	6.326073	0.683001
GO:0050770	regulation of axonogenesis	BP	8	36	6.592702	0.695590
GO:0050771	negative regulation of axonogenesis	BP	9	16	7.403632	0.795214
GO:0050772	positive regulation of axonogenesis	BP	9	21	7.131699	0.795214
GO:0050773	regulation of dendrite development	BP	8	10	7.873636	0.808364
GO:0050775	positive regulation of dendrite morphogenesis	BP	10	7	8.230311	0.931738
GO:0050776	regulation of immune response	BP	4	466	4.032035	0.390977
GO:0050777	negative regulation of immune response	BP	5	93	5.643621	0.546477
GO:0050778	positive regulation of immune response	BP	5	318	4.414170	0.476264
GO:0050779	RNA destabilization	BP	10	14	7.537164	0.733308
GO:0050789	regulation of biological process	BP	2	8577	1.119381	0.095862
GO:0050790	regulation of catalytic activity	BP	3	369	4.265424	0.485361
GO:0050792	regulation of viral process	BP	3	120	5.388729	0.641766
GO:0050793	regulation of developmental process	BP	3	1620	2.786040	0.271902
GO:0050794	regulation of cellular process	BP	3	7864	1.206170	0.120970
GO:0050795	regulation of behavior	BP	4	55	6.168888	0.601835
GO:0050796	regulation of insulin secretion	BP	9	118	5.405536	0.823545
GO:0050801	monoatomic ion homeostasis	BP	3	326	4.389324	0.573504
GO:0050804	modulation of chemical synaptic transmission	BP	6	86	5.721874	0.530177
GO:0050805	negative regulation of synaptic transmission	BP	7	15	7.468171	0.763852
GO:0050806	positive regulation of synaptic transmission	BP	7	34	6.649860	0.695590
GO:0050807	regulation of synapse organization	BP	5	79	5.806773	0.591979
GO:0050808	synapse organization	BP	5	26	6.918124	0.679138
GO:0050810	regulation of steroid biosynthetic process	BP	8	92	5.654432	0.610876
GO:0050817	coagulation	BP	2	15	7.468171	0.891807
GO:0050818	regulation of coagulation	BP	4	41	6.462649	0.691212
GO:0050819	negative regulation of coagulation	BP	5	27	6.880384	0.783614
GO:0050821	protein stabilization	BP	4	114	5.440022	1.000000
GO:0050829	defense response to Gram-negative bacterium	BP	7	361	4.287343	1.000000
GO:0050830	defense response to Gram-positive bacterium	BP	7	398	4.189769	1.000000
GO:0050832	defense response to fungus	BP	6	246	4.670889	0.891807
GO:0050848	regulation of calcium-mediated signaling	BP	7	30	6.775024	0.740102
GO:0050850	positive regulation of calcium-mediated signaling	BP	8	14	7.537164	0.823545
GO:0050851	antigen receptor-mediated signaling pathway	BP	9	22	7.085178	0.863476
GO:0050852	T cell receptor signaling pathway	BP	10	18	7.285849	1.000000
GO:0050853	B cell receptor signaling pathway	BP	10	7	8.230311	0.931738
GO:0050854	regulation of antigen receptor-mediated signaling pathway	BP	6	11	7.778326	0.773238
GO:0050856	regulation of T cell receptor signaling pathway	BP	7	6	8.384461	0.863476
GO:0050858	negative regulation of antigen receptor-mediated signaling pathway	BP	7	3	9.077609	0.863476
GO:0050863	regulation of T cell activation	BP	7	176	5.005737	0.519884
GO:0050864	regulation of B cell activation	BP	7	85	5.733570	0.639208
GO:0050865	regulation of cell activation	BP	4	302	4.465794	0.457828
GO:0050866	negative regulation of cell activation	BP	5	65	6.001834	0.572216
GO:0050867	positive regulation of cell activation	BP	5	225	4.760121	0.563647
GO:0050868	negative regulation of T cell activation	BP	8	33	6.679713	0.636714
GO:0050870	positive regulation of T cell activation	BP	8	140	5.234579	0.622950
GO:0050871	positive regulation of B cell activation	BP	8	62	6.049087	0.740102
GO:0050877	nervous system process	BP	3	157	5.119975	0.541672
GO:0050878	regulation of body fluid levels	BP	3	146	5.192614	0.598439
GO:0050885	neuromuscular process controlling balance	BP	5	0		1.000000
GO:0050890	cognition	BP	4	73	5.885762	0.668384
GO:0050891	multicellular organismal-level water homeostasis	BP	4	49	6.284401	0.931738
GO:0050892	intestinal absorption	BP	4	20	7.180489	0.795214
GO:0050896	response to stimulus	BP	1	5934	1.487767	0.260903
GO:0050900	leukocyte migration	BP	4	102	5.551248	0.595156
GO:0050905	neuromuscular process	BP	4	0		0.808364
GO:0050906	detection of stimulus involved in sensory perception	BP	3	24	6.998167	0.647090
GO:0050907	detection of chemical stimulus involved in sensory perception	BP	4	7	8.230311	0.773238
GO:0050909	sensory perception of taste	BP	6	5	8.566783	0.823545
GO:0050911	detection of chemical stimulus involved in sensory perception of smell	BP	5	6	8.384461	1.000000
GO:0050912	detection of chemical stimulus involved in sensory perception of taste	BP	5	1	10.176221	0.823545
GO:0050918	positive chemotaxis	BP	4	39	6.512659	0.740102
GO:0050919	negative chemotaxis	BP	4	1	10.176221	0.740102
GO:0050920	regulation of chemotaxis	BP	5	214	4.810245	0.533573
GO:0050921	positive regulation of chemotaxis	BP	6	200	4.877904	0.655659
GO:0050922	negative regulation of chemotaxis	BP	6	10	7.873636	0.641766
GO:0050926	regulation of positive chemotaxis	BP	6	19	7.231782	0.720981
GO:0050931	pigment cell differentiation	BP	4	5	8.566783	0.773238
GO:0050953	sensory perception of light stimulus	BP	5	4	8.789927	0.891807
GO:0050954	sensory perception of mechanical stimulus	BP	5	27	6.880384	0.841500
GO:0050961	detection of temperature stimulus involved in sensory perception	BP	5	2	9.483074	0.841500
GO:0050974	detection of mechanical stimulus involved in sensory perception	BP	5	13	7.611272	0.783614
GO:0050982	detection of mechanical stimulus	BP	4	15	7.468171	0.733308
GO:0050994	regulation of lipid catabolic process	BP	7	23	7.040727	0.629592
GO:0050995	negative regulation of lipid catabolic process	BP	8	8	8.096779	0.755283
GO:0050996	positive regulation of lipid catabolic process	BP	8	9	7.978996	0.726952
GO:0051017	actin filament bundle assembly	BP	7	38	6.538635	0.783614
GO:0051028	mRNA transport	BP	8	29	6.808925	0.863476
GO:0051046	regulation of secretion	BP	5	468	4.027753	0.434737
GO:0051047	positive regulation of secretion	BP	6	282	4.534314	0.542614
GO:0051048	negative regulation of secretion	BP	6	113	5.448833	0.547466
GO:0051049	regulation of transport	BP	4	1059	3.211141	0.318443
GO:0051050	positive regulation of transport	BP	5	654	3.693114	0.429496
GO:0051051	negative regulation of transport	BP	5	238	4.703950	0.431928
GO:0051052	regulation of DNA metabolic process	BP	7	202	4.867953	0.482749
GO:0051053	negative regulation of DNA metabolic process	BP	8	44	6.392031	0.588901
GO:0051054	positive regulation of DNA metabolic process	BP	8	106	5.512782	0.596783
GO:0051055	negative regulation of lipid biosynthetic process	BP	8	33	6.679713	0.614739
GO:0051056	regulation of small GTPase mediated signal transduction	BP	7	90	5.676411	0.683001
GO:0051057	positive regulation of small GTPase mediated signal transduction	BP	8	29	6.808925	0.823545
GO:0051058	negative regulation of small GTPase mediated signal transduction	BP	8	35	6.620873	0.823545
GO:0051090	regulation of DNA-binding transcription factor activity	BP	10	139	5.241747	0.783614
GO:0051091	positive regulation of DNA-binding transcription factor activity	BP	11	115	5.431289	0.863476
GO:0051092	positive regulation of NF-kappaB transcription factor activity	BP	12	106	5.512782	1.000000
GO:0051093	negative regulation of developmental process	BP	4	586	3.802901	0.382239
GO:0051094	positive regulation of developmental process	BP	4	817	3.470582	0.388768
GO:0051098	regulation of binding	BP	3	56	6.150869	0.629592
GO:0051099	positive regulation of binding	BP	4	18	7.285849	0.733308
GO:0051100	negative regulation of binding	BP	4	33	6.679713	0.726952
GO:0051101	regulation of DNA binding	BP	4	19	7.231782	0.755283
GO:0051123	RNA polymerase II preinitiation complex assembly	BP	8	2	9.483074	1.000000
GO:0051124	synaptic assembly at neuromuscular junction	BP	7	2	9.483074	1.000000
GO:0051125	regulation of actin nucleation	BP	9	7	8.230311	0.823545
GO:0051128	regulation of cellular component organization	BP	4	1207	3.080328	0.320110
GO:0051129	negative regulation of cellular component organization	BP	5	325	4.392396	0.442304
GO:0051130	positive regulation of cellular component organization	BP	5	627	3.735274	0.440273
GO:0051146	striated muscle cell differentiation	BP	5	6	8.384461	0.740102
GO:0051147	regulation of muscle cell differentiation	BP	5	35	6.620873	0.616728
GO:0051148	negative regulation of muscle cell differentiation	BP	6	17	7.343008	0.720981
GO:0051149	positive regulation of muscle cell differentiation	BP	6	15	7.468171	0.720981
GO:0051153	regulation of striated muscle cell differentiation	BP	6	26	6.918124	0.683001
GO:0051155	positive regulation of striated muscle cell differentiation	BP	7	11	7.778326	0.783614
GO:0051156	glucose 6-phosphate metabolic process	BP	5	43	6.415021	0.891807
GO:0051168	nuclear export	BP	7	43	6.415021	0.733308
GO:0051169	nuclear transport	BP	5	60	6.081876	0.683001
GO:0051170	import into nucleus	BP	7	17	7.343008	0.795214
GO:0051174	regulation of phosphorus metabolic process	BP	5	366	4.273588	0.454676
GO:0051179	localization	BP	1	2574	2.323005	0.255166
GO:0051180	vitamin transport	BP	4	29	6.808925	0.661816
GO:0051204	protein insertion into mitochondrial membrane	BP	8	4	8.789927	0.863476
GO:0051205	protein insertion into membrane	BP	5	37	6.565303	0.740102
GO:0051209	release of sequestered calcium ion into cytosol	BP	10	40	6.487341	0.795214
GO:0051216	cartilage development	BP	4	41	6.462649	0.773238
GO:0051222	positive regulation of protein transport	BP	7	199	4.882916	0.665046
GO:0051223	regulation of protein transport	BP	6	341	4.344338	0.560191
GO:0051224	negative regulation of protein transport	BP	7	75	5.858733	0.675422
GO:0051225	spindle assembly	BP	8	18	7.285849	0.747400
GO:0051234	establishment of localization	BP	2	2310	2.431218	0.278221
GO:0051235	maintenance of location	BP	2	21	7.131699	0.609000
GO:0051236	establishment of RNA localization	BP	3	41	6.462649	0.671840
GO:0051239	regulation of multicellular organismal process	BP	3	1801	2.680124	0.261175
GO:0051240	positive regulation of multicellular organismal process	BP	4	1139	3.138315	0.372684
GO:0051241	negative regulation of multicellular organismal process	BP	4	628	3.733681	0.374042
GO:0051246	regulation of protein metabolic process	BP	6	876	3.400855	0.397482
GO:0051247	positive regulation of protein metabolic process	BP	7	457	4.051538	0.512639
GO:0051248	negative regulation of protein metabolic process	BP	7	323	4.398569	0.508535
GO:0051249	regulation of lymphocyte activation	BP	6	267	4.588972	0.479204
GO:0051250	negative regulation of lymphocyte activation	BP	7	54	6.187237	0.595156
GO:0051251	positive regulation of lymphocyte activation	BP	7	210	4.829113	0.583019
GO:0051252	regulation of RNA metabolic process	BP	7	2225	2.468709	0.455454
GO:0051253	negative regulation of RNA metabolic process	BP	8	881	3.395163	0.578828
GO:0051254	positive regulation of RNA metabolic process	BP	8	1003	3.265470	0.561330
GO:0051258	protein polymerization	BP	6	62	6.049087	0.841500
GO:0051259	protein complex oligomerization	BP	6	308	4.446121	0.773238
GO:0051260	protein homooligomerization	BP	7	230	4.738142	0.891807
GO:0051261	protein depolymerization	BP	6	16	7.403632	0.715352
GO:0051262	protein tetramerization	BP	7	166	5.064233	0.891807
GO:0051273	beta-glucan metabolic process	BP	7	39	6.512659	0.665046
GO:0051274	beta-glucan biosynthetic process	BP	8	12	7.691314	0.755283
GO:0051276	chromosome organization	BP	5	314	4.426828	0.567229
GO:0051279	regulation of release of sequestered calcium ion into cytosol	BP	9	32	6.710485	0.740102
GO:0051282	regulation of sequestering of calcium ion	BP	4	68	5.956713	0.683001
GO:0051283	negative regulation of sequestering of calcium ion	BP	5	40	6.487341	0.783614
GO:0051289	protein homotetramerization	BP	8	128	5.324191	1.000000
GO:0051291	protein heterooligomerization	BP	7	30	6.775024	0.891807
GO:0051293	establishment of spindle localization	BP	7	21	7.131699	0.808364
GO:0051294	establishment of spindle orientation	BP	8	14	7.537164	0.863476
GO:0051301	cell division	BP	2	56	6.150869	0.612789
GO:0051302	regulation of cell division	BP	4	91	5.665361	0.605352
GO:0051304	chromosome separation	BP	3	6	8.384461	0.823545
GO:0051310	metaphase chromosome alignment	BP	4	32	6.710485	0.841500
GO:0051315	attachment of mitotic spindle microtubules to kinetochore	BP	4	60	6.081876	0.891807
GO:0051321	meiotic cell cycle	BP	3	12	7.691314	0.863476
GO:0051336	regulation of hydrolase activity	BP	4	135	5.270946	0.605352
GO:0051338	regulation of transferase activity	BP	4	189	4.934474	0.570945
GO:0051345	positive regulation of hydrolase activity	BP	5	67	5.971528	0.687021
GO:0051346	negative regulation of hydrolase activity	BP	5	56	6.150869	0.720981
GO:0051347	positive regulation of transferase activity	BP	5	150	5.165586	0.661816
GO:0051348	negative regulation of transferase activity	BP	5	55	6.168888	0.687021
GO:0051384	response to glucocorticoid	BP	6	72	5.899555	0.763852
GO:0051385	response to mineralocorticoid	BP	6	9	7.978996	0.795214
GO:0051402	neuron apoptotic process	BP	5	26	6.918124	0.823545
GO:0051412	response to corticosterone	BP	7	0		0.931738
GO:0051445	regulation of meiotic cell cycle	BP	5	51	6.244395	0.593554
GO:0051446	positive regulation of meiotic cell cycle	BP	6	19	7.231782	0.691212
GO:0051447	negative regulation of meiotic cell cycle	BP	6	18	7.285849	0.691212
GO:0051452	intracellular pH reduction	BP	8	19	7.231782	0.783614
GO:0051453	regulation of intracellular pH	BP	7	64	6.017338	0.715352
GO:0051480	regulation of cytosolic calcium ion concentration	BP	7	4	8.789927	0.863476
GO:0051489	regulation of filopodium assembly	BP	8	15	7.468171	0.891807
GO:0051491	positive regulation of filopodium assembly	BP	9	12	7.691314	1.000000
GO:0051492	regulation of stress fiber assembly	BP	10	32	6.710485	0.891807
GO:0051493	regulation of cytoskeleton organization	BP	6	172	5.028726	0.534440
GO:0051494	negative regulation of cytoskeleton organization	BP	7	60	6.081876	0.652719
GO:0051495	positive regulation of cytoskeleton organization	BP	7	60	6.081876	0.649865
GO:0051496	positive regulation of stress fiber assembly	BP	11	24	6.998167	1.000000
GO:0051503	adenine nucleotide transport	BP	8	13	7.611272	0.715352
GO:0051510	regulation of unidimensional cell growth	BP	6	10	7.873636	0.740102
GO:0051588	regulation of neurotransmitter transport	BP	5	29	6.808925	0.590428
GO:0051590	positive regulation of neurotransmitter transport	BP	6	21	7.131699	0.710028
GO:0051591	response to cAMP	BP	5	88	5.698884	0.891807
GO:0051592	response to calcium ion	BP	4	38	6.538635	0.891807
GO:0051602	response to electrical stimulus	BP	3	17	7.343008	0.773238
GO:0051603	proteolysis involved in protein catabolic process	BP	6	194	4.908363	0.649865
GO:0051604	protein maturation	BP	5	219	4.787149	0.585916
GO:0051606	detection of stimulus	BP	2	273	4.566749	0.507205
GO:0051607	defense response to virus	BP	6	189	4.934474	0.823545
GO:0051640	organelle localization	BP	2	176	5.005737	0.486963
GO:0051641	cellular localization	BP	2	523	3.916639	0.430099
GO:0051642	centrosome localization	BP	3	2	9.483074	0.891807
GO:0051646	mitochondrion localization	BP	3	14	7.537164	0.720981
GO:0051647	nucleus localization	BP	3	25	6.957345	0.687021
GO:0051648	vesicle localization	BP	3	22	7.085178	0.620832
GO:0051649	establishment of localization in cell	BP	3	515	3.932054	0.419511
GO:0051650	establishment of vesicle localization	BP	4	17	7.343008	0.649865
GO:0051651	maintenance of location in cell	BP	3	19	7.231782	0.622950
GO:0051653	spindle localization	BP	3	21	7.131699	0.783614
GO:0051654	establishment of mitochondrion localization	BP	4	5	8.566783	0.755283
GO:0051656	establishment of organelle localization	BP	3	80	5.794194	0.553624
GO:0051668	localization within membrane	BP	3	167	5.058227	0.548466
GO:0051693	actin filament capping	BP	12	16	7.403632	0.891807
GO:0051701	biological process involved in interaction with host	BP	3	1319	2.991592	0.445784
GO:0051702	biological process involved in interaction with symbiont	BP	3	41	6.462649	0.720981
GO:0051703	biological process involved in intraspecies interaction between organisms	BP	1	91	5.665361	0.675422
GO:0051707	response to other organism	BP	4	1380	2.946382	0.516195
GO:0051715	cytolysis in another organism	BP	5	142	5.220394	0.783614
GO:0051716	cellular response to stimulus	BP	2	1900	2.626612	0.360486
GO:0051726	regulation of cell cycle	BP	4	471	4.021363	0.415263
GO:0051761	sesquiterpene metabolic process	BP	7	65	6.001834	0.710028
GO:0051762	sesquiterpene biosynthetic process	BP	8	64	6.017338	0.808364
GO:0051781	positive regulation of cell division	BP	5	39	6.512659	0.720981
GO:0051782	negative regulation of cell division	BP	5	28	6.844016	0.700171
GO:0051783	regulation of nuclear division	BP	6	68	5.956713	0.661816
GO:0051784	negative regulation of nuclear division	BP	7	17	7.343008	0.773238
GO:0051785	positive regulation of nuclear division	BP	7	29	6.808925	0.763852
GO:0051851	host-mediated perturbation of symbiont process	BP	3	37	6.565303	0.700171
GO:0051865	protein autoubiquitination	BP	10	22	7.085178	1.000000
GO:0051873	killing by host of symbiont cells	BP	7	36	6.592702	0.808364
GO:0051875	pigment granule localization	BP	4	5	8.566783	0.863476
GO:0051881	regulation of mitochondrial membrane potential	BP	4	50	6.264198	0.808364
GO:0051893	regulation of focal adhesion assembly	BP	7	51	6.244395	0.891807
GO:0051896	regulation of phosphatidylinositol 3-kinase/protein kinase B signal transduction	BP	7	196	4.898106	0.891807
GO:0051897	positive regulation of phosphatidylinositol 3-kinase/protein kinase B signal transduction	BP	8	147	5.185788	1.000000
GO:0051898	negative regulation of phosphatidylinositol 3-kinase/protein kinase B signal transduction	BP	8	48	6.305020	1.000000
GO:0051899	membrane depolarization	BP	4	3	9.077609	0.763852
GO:0051905	establishment of pigment granule localization	BP	5	4	8.789927	0.823545
GO:0051924	regulation of calcium ion transport	BP	7	84	5.745404	0.610876
GO:0051926	negative regulation of calcium ion transport	BP	8	15	7.468171	0.715352
GO:0051928	positive regulation of calcium ion transport	BP	8	45	6.369558	0.733308
GO:0051931	regulation of sensory perception	BP	6	35	6.620873	0.747400
GO:0051938	L-glutamate import	BP	7	9	7.978996	0.783614
GO:0051952	regulation of amine transport	BP	5	34	6.649860	0.545497
GO:0051953	negative regulation of amine transport	BP	6	25	6.957345	0.652719
GO:0051954	positive regulation of amine transport	BP	6	3	9.077609	0.658690
GO:0051955	regulation of amino acid transport	BP	6	6	8.384461	0.578828
GO:0051960	regulation of nervous system development	BP	5	154	5.139268	0.583019
GO:0051961	negative regulation of nervous system development	BP	6	51	6.244395	0.655659
GO:0051962	positive regulation of nervous system development	BP	6	57	6.133170	0.665046
GO:0051963	regulation of synapse assembly	BP	6	43	6.415021	0.700171
GO:0051964	negative regulation of synapse assembly	BP	7	29	6.808925	0.823545
GO:0051965	positive regulation of synapse assembly	BP	7	15	7.468171	0.863476
GO:0051966	regulation of synaptic transmission, glutamatergic	BP	7	15	7.468171	0.808364
GO:0051983	regulation of chromosome segregation	BP	6	42	6.438551	0.585916
GO:0051984	positive regulation of chromosome segregation	BP	7	4	8.789927	0.763852
GO:0051985	negative regulation of chromosome segregation	BP	7	12	7.691314	0.720981
GO:0052008	symbiont-mediated disruption of host cellular anatomical structure	BP	4	95	5.622344	0.647090
GO:0052027	symbiont-mediated perturbation of host signal transduction pathway	BP	6	275	4.559450	0.600122
GO:0052031	symbiont-mediated perturbation of host defense response	BP	5	360	4.290117	0.570945
GO:0052111	symbiont-mediated disruption of host anatomical structure	BP	3	100	5.571051	0.634282
GO:0052167	symbiont-mediated perturbation of host innate immune response	BP	7	244	4.679053	0.636714
GO:0052170	symbiont-mediated suppression of host innate immune response	BP	8	191	4.923948	0.679138
GO:0052200	symbiont-mediated response to host defenses	BP	6	148	5.179009	0.658690
GO:0052547	regulation of peptidase activity	BP	8	45	6.369558	0.715352
GO:0052548	regulation of endopeptidase activity	BP	9	38	6.538635	0.783614
GO:0052553	symbiont-mediated perturbation of host immune response	BP	6	341	4.344338	0.587397
GO:0052562	symbiont-mediated suppression of host immune response	BP	7	217	4.796324	0.652719
GO:0052572	response to host immune response	BP	7	73	5.885762	0.747400
GO:0052652	cyclic purine nucleotide metabolic process	BP	9	58	6.115778	0.808364
GO:0052803	imidazole-containing compound metabolic process	BP	3	13	7.611272	0.710028
GO:0055001	muscle cell development	BP	4	125	5.347907	0.740102
GO:0055002	striated muscle cell development	BP	5	112	5.457722	0.773238
GO:0055006	cardiac cell development	BP	4	6	8.384461	0.715352
GO:0055007	cardiac muscle cell differentiation	BP	6	3	9.077609	0.783614
GO:0055008	cardiac muscle tissue morphogenesis	BP	5	8	8.096779	0.763852
GO:0055010	ventricular cardiac muscle tissue morphogenesis	BP	6	8	8.096779	0.783614
GO:0055013	cardiac muscle cell development	BP	6	6	8.384461	0.823545
GO:0055021	regulation of cardiac muscle tissue growth	BP	7	6	8.384461	0.783614
GO:0055023	positive regulation of cardiac muscle tissue growth	BP	8	4	8.789927	0.891807
GO:0055057	neuroblast division	BP	3	2	9.483074	0.773238
GO:0055059	asymmetric neuroblast division	BP	4	0		0.931738
GO:0055062	phosphate ion homeostasis	BP	4	15	7.468171	0.931738
GO:0055070	copper ion homeostasis	BP	5	8	8.096779	0.931738
GO:0055074	calcium ion homeostasis	BP	5	123	5.364037	0.720981
GO:0055075	potassium ion homeostasis	BP	5	8	8.096779	0.931738
GO:0055078	sodium ion homeostasis	BP	5	75	5.858733	0.931738
GO:0055080	monoatomic cation homeostasis	BP	4	313	4.430018	0.581602
GO:0055082	intracellular chemical homeostasis	BP	3	302	4.465794	0.554688
GO:0055085	transmembrane transport	BP	4	716	3.602541	0.392821
GO:0055086	nucleobase-containing small molecule metabolic process	BP	5	628	3.733681	0.366002
GO:0055088	lipid homeostasis	BP	3	35	6.620873	0.747400
GO:0055090	acylglycerol homeostasis	BP	4	5	8.566783	0.891807
GO:0055092	sterol homeostasis	BP	4	18	7.285849	0.931738
GO:0055093	response to hyperoxia	BP	5	1	10.176221	0.931738
GO:0055113	epiboly involved in gastrulation with mouth forming second	BP	7	0		1.000000
GO:0055117	regulation of cardiac muscle contraction	BP	8	5	8.566783	0.740102
GO:0060004	reflex	BP	3	8	8.096779	0.763852
GO:0060021	roof of mouth development	BP	3	30	6.775024	0.863476
GO:0060026	convergent extension	BP	5	0		0.755283
GO:0060027	convergent extension involved in gastrulation	BP	6	0		0.841500
GO:0060028	convergent extension involved in axis elongation	BP	6	0		0.931738
GO:0060033	anatomical structure regression	BP	2	8	8.096779	0.808364
GO:0060037	pharyngeal system development	BP	4	3	9.077609	1.000000
GO:0060041	retina development in camera-type eye	BP	3	5	8.566783	1.000000
GO:0060042	retina morphogenesis in camera-type eye	BP	3	0		1.000000
GO:0060043	regulation of cardiac muscle cell proliferation	BP	8	6	8.384461	0.891807
GO:0060047	heart contraction	BP	5	12	7.691314	1.000000
GO:0060048	cardiac muscle contraction	BP	6	0		1.000000
GO:0060070	canonical Wnt signaling pathway	BP	7	10	7.873636	0.841500
GO:0060078	regulation of postsynaptic membrane potential	BP	4	0		0.808364
GO:0060079	excitatory postsynaptic potential	BP	5	0		0.891807
GO:0060099	regulation of phagocytosis, engulfment	BP	8	3	9.077609	0.823545
GO:0060119	inner ear receptor cell development	BP	5	1	10.176221	0.891807
GO:0060122	inner ear receptor cell stereocilium organization	BP	7	12	7.691314	0.863476
GO:0060135	maternal process involved in female pregnancy	BP	3	1	10.176221	0.891807
GO:0060142	regulation of syncytium formation by plasma membrane fusion	BP	5	7	8.230311	0.783614
GO:0060147	regulation of post-transcriptional gene silencing	BP	8	7	8.230311	0.726952
GO:0060173	limb development	BP	4	1	10.176221	0.891807
GO:0060179	male mating behavior	BP	5	5	8.566783	0.755283
GO:0060180	female mating behavior	BP	5	0		0.795214
GO:0060215	primitive hemopoiesis	BP	6	1	10.176221	1.000000
GO:0060216	definitive hemopoiesis	BP	5	1	10.176221	1.000000
GO:0060218	hematopoietic stem cell differentiation	BP	5	7	8.230311	1.000000
GO:0060232	delamination	BP	7	1	10.176221	0.755283
GO:0060236	regulation of mitotic spindle organization	BP	9	11	7.778326	0.763852
GO:0060245	detection of cell density	BP	4	9	7.978996	0.863476
GO:0060249	anatomical structure homeostasis	BP	3	62	6.049087	0.710028
GO:0060251	regulation of glial cell proliferation	BP	5	1	10.176221	0.783614
GO:0060255	regulation of macromolecule metabolic process	BP	5	4171	1.840310	0.281239
GO:0060258	negative regulation of filamentous growth	BP	5	3	9.077609	0.773238
GO:0060259	regulation of feeding behavior	BP	5	5	8.566783	0.755283
GO:0060260	regulation of transcription initiation by RNA polymerase II	BP	11	16	7.403632	0.808364
GO:0060261	positive regulation of transcription initiation by RNA polymerase II	BP	12	13	7.611272	0.931738
GO:0060271	cilium assembly	BP	7	100	5.571051	0.823545
GO:0060284	regulation of cell development	BP	5	303	4.462488	0.435692
GO:0060285	cilium-dependent cell motility	BP	4	72	5.899555	0.931738
GO:0060291	long-term synaptic potentiation	BP	8	3	9.077609	1.000000
GO:0060294	cilium movement involved in cell motility	BP	5	78	5.819512	0.931738
GO:0060322	head development	BP	3	27	6.880384	0.931738
GO:0060325	face morphogenesis	BP	3	42	6.438551	1.000000
GO:0060326	cell chemotaxis	BP	4	109	5.484873	0.634282
GO:0060337	type I interferon-mediated signaling pathway	BP	8	29	6.808925	1.000000
GO:0060338	regulation of type I interferon-mediated signaling pathway	BP	7	17	7.343008	0.891807
GO:0060341	regulation of cellular localization	BP	4	243	4.683160	0.478215
GO:0060348	bone development	BP	4	21	7.131699	1.000000
GO:0060349	bone morphogenesis	BP	4	136	5.263566	0.795214
GO:0060390	regulation of SMAD protein signal transduction	BP	7	98	5.591253	0.891807
GO:0060391	positive regulation of SMAD protein signal transduction	BP	8	97	5.601510	1.000000
GO:0060411	cardiac septum morphogenesis	BP	3	2	9.483074	0.795214
GO:0060415	muscle tissue morphogenesis	BP	4	11	7.778326	0.740102
GO:0060416	response to growth hormone	BP	5	150	5.165586	0.931738
GO:0060420	regulation of heart growth	BP	6	11	7.778326	0.755283
GO:0060421	positive regulation of heart growth	BP	7	9	7.978996	0.863476
GO:0060429	epithelium development	BP	4	68	5.956713	0.554688
GO:0060446	branching involved in open tracheal system development	BP	7	0		0.863476
GO:0060485	mesenchyme development	BP	4	16	7.403632	0.720981
GO:0060491	regulation of cell projection assembly	BP	6	77	5.832416	0.627328
GO:0060537	muscle tissue development	BP	4	12	7.691314	0.700171
GO:0060538	skeletal muscle organ development	BP	5	28	6.844016	0.863476
GO:0060541	respiratory system development	BP	4	0		0.931738
GO:0060560	developmental growth involved in morphogenesis	BP	3	205	4.853211	0.593554
GO:0060562	epithelial tube morphogenesis	BP	5	45	6.369558	0.652719
GO:0060586	multicellular organismal-level iron ion homeostasis	BP	5	1	10.176221	1.000000
GO:0060606	tube closure	BP	4	3	9.077609	0.841500
GO:0060612	adipose tissue development	BP	5	2	9.483074	0.891807
GO:0060627	regulation of vesicle-mediated transport	BP	5	270	4.577799	0.504596
GO:0060632	regulation of microtubule-based movement	BP	5	39	6.512659	0.616728
GO:0060688	regulation of morphogenesis of a branching structure	BP	5	48	6.305020	0.671840
GO:0060759	regulation of response to cytokine stimulus	BP	4	40	6.487341	0.587397
GO:0060760	positive regulation of response to cytokine stimulus	BP	5	10	7.873636	0.695590
GO:0060761	negative regulation of response to cytokine stimulus	BP	5	38	6.538635	0.695590
GO:0060788	ectodermal placode formation	BP	3	0		0.763852
GO:0060810	intracellular mRNA localization involved in pattern specification process	BP	5	0		0.795214
GO:0060811	intracellular mRNA localization involved in anterior/posterior axis specification	BP	6	0		0.808364
GO:0060828	regulation of canonical Wnt signaling pathway	BP	7	60	6.081876	0.891807
GO:0060840	artery development	BP	4	1	10.176221	0.863476
GO:0060856	establishment of blood-brain barrier	BP	4	0		0.891807
GO:0060918	auxin transport	BP	5	19	7.231782	0.808364
GO:0060966	regulation of gene silencing by regulatory ncRNA	BP	8	7	8.230311	0.683001
GO:0060973	cell migration involved in heart development	BP	4	1	10.176221	0.720981
GO:0060986	endocrine hormone secretion	BP	8	27	6.880384	0.695590
GO:0060998	regulation of dendritic spine development	BP	4	7	8.230311	0.841500
GO:0060999	positive regulation of dendritic spine development	BP	5	6	8.384461	0.931738
GO:0061001	regulation of dendritic spine morphogenesis	BP	8	7	8.230311	0.891807
GO:0061005	cell differentiation involved in kidney development	BP	4	38	6.538635	0.622950
GO:0061013	regulation of mRNA catabolic process	BP	9	147	5.185788	0.625115
GO:0061014	positive regulation of mRNA catabolic process	BP	10	20	7.180489	0.700171
GO:0061024	membrane organization	BP	4	299	4.475777	0.473410
GO:0061025	membrane fusion	BP	5	139	5.241747	0.622950
GO:0061035	regulation of cartilage development	BP	5	145	5.199487	0.740102
GO:0061036	positive regulation of cartilage development	BP	6	144	5.206408	0.863476
GO:0061041	regulation of wound healing	BP	6	47	6.326073	0.658690
GO:0061045	negative regulation of wound healing	BP	7	22	7.085178	0.740102
GO:0061053	somite development	BP	5	3	9.077609	1.000000
GO:0061058	regulation of peptidoglycan recognition protein signaling pathway	BP	8	1	10.176221	0.891807
GO:0061061	muscle structure development	BP	3	37	6.565303	0.726952
GO:0061062	regulation of nematode larval development	BP	6	0		0.747400
GO:0061064	negative regulation of nematode larval development	BP	7	0		0.841500
GO:0061136	regulation of proteasomal protein catabolic process	BP	9	40	6.487341	0.733308
GO:0061138	morphogenesis of a branching epithelium	BP	5	37	6.565303	0.691212
GO:0061157	mRNA destabilization	BP	11	14	7.537164	0.747400
GO:0061178	regulation of insulin secretion involved in cellular response to glucose stimulus	BP	10	16	7.403632	0.891807
GO:0061245	establishment or maintenance of bipolar cell polarity	BP	3	11	7.778326	0.763852
GO:0061326	renal tubule development	BP	5	8	8.096779	0.661816
GO:0061333	renal tubule morphogenesis	BP	6	23	7.040727	0.715352
GO:0061337	cardiac conduction	BP	7	3	9.077609	0.891807
GO:0061351	neural precursor cell proliferation	BP	3	11	7.778326	0.683001
GO:0061371	determination of heart left/right asymmetry	BP	6	12	7.691314	1.000000
GO:0061387	regulation of extent of cell growth	BP	6	26	6.918124	0.671840
GO:0061448	connective tissue development	BP	4	4	8.789927	0.726952
GO:0061462	protein localization to lysosome	BP	6	19	7.231782	0.863476
GO:0061484	hematopoietic stem cell homeostasis	BP	4	3	9.077609	1.000000
GO:0061512	protein localization to cilium	BP	5	12	7.691314	0.783614
GO:0061515	myeloid cell development	BP	5	16	7.403632	0.808364
GO:0061564	axon development	BP	7	20	7.180489	0.783614
GO:0061572	actin filament bundle organization	BP	6	39	6.512659	0.733308
GO:0061615	glycolytic process through fructose-6-phosphate	BP	13	5	8.566783	0.773238
GO:0061620	glycolytic process through glucose-6-phosphate	BP	14	4	8.789927	0.823545
GO:0061640	cytoskeleton-dependent cytokinesis	BP	4	19	7.231782	0.795214
GO:0061687	detoxification of inorganic compound	BP	2	18	7.285849	0.733308
GO:0061709	reticulophagy	BP	6	11	7.778326	1.000000
GO:0061842	microtubule organizing center localization	BP	2	2	9.483074	0.808364
GO:0061844	antimicrobial humoral immune response mediated by antimicrobial peptide	BP	8	16	7.403632	1.000000
GO:0061900	glial cell activation	BP	3	2	9.483074	0.841500
GO:0061919	process utilizing autophagic mechanism	BP	2	64	6.017338	0.671840
GO:0061951	establishment of protein localization to plasma membrane	BP	5	13	7.611272	0.823545
GO:0061982	meiosis I cell cycle process	BP	4	26	6.918124	0.652719
GO:0062012	regulation of small molecule metabolic process	BP	5	187	4.945112	0.401692
GO:0062013	positive regulation of small molecule metabolic process	BP	6	91	5.665361	0.514757
GO:0062014	negative regulation of small molecule metabolic process	BP	6	54	6.187237	0.522166
GO:0062098	regulation of programmed necrotic cell death	BP	5	5	8.566783	0.823545
GO:0062125	regulation of mitochondrial gene expression	BP	8	7	8.230311	0.755283
GO:0062149	detection of stimulus involved in sensory perception of pain	BP	4	0		0.841500
GO:0062197	cellular response to chemical stress	BP	4	191	4.923948	0.644392
GO:0062207	regulation of pattern recognition receptor signaling pathway	BP	7	40	6.487341	0.566020
GO:0062208	positive regulation of pattern recognition receptor signaling pathway	BP	8	11	7.778326	0.671840
GO:0062237	protein localization to postsynapse	BP	6	0		0.823545
GO:0065001	specification of axis polarity	BP	3	17	7.343008	0.808364
GO:0065002	intracellular protein transmembrane transport	BP	7	29	6.808925	0.808364
GO:0065003	protein-containing complex assembly	BP	5	1021	3.247683	0.462333
GO:0065004	protein-DNA complex assembly	BP	6	60	6.081876	0.665046
GO:0065007	biological regulation	BP	1	9075	1.062942	0.090349
GO:0065008	regulation of biological quality	BP	2	1458	2.891400	0.325495
GO:0065009	regulation of molecular function	BP	2	667	3.673431	0.430401
GO:0070050	neuron cellular homeostasis	BP	3	13	7.611272	0.891807
GO:0070059	intrinsic apoptotic signaling pathway in response to endoplasmic reticulum stress	BP	7	2	9.483074	0.931738
GO:0070071	proton-transporting two-sector ATPase complex assembly	BP	6	3	9.077609	0.808364
GO:0070098	chemokine-mediated signaling pathway	BP	7	18	7.285849	0.726952
GO:0070121	Kupffer's vesicle development	BP	3	0		1.000000
GO:0070129	regulation of mitochondrial translation	BP	10	7	8.230311	0.795214
GO:0070167	regulation of biomineral tissue development	BP	5	45	6.369558	0.715352
GO:0070169	positive regulation of biomineral tissue development	BP	6	27	6.880384	0.823545
GO:0070192	chromosome organization involved in meiotic cell cycle	BP	6	15	7.468171	0.733308
GO:0070193	synaptonemal complex organization	BP	6	4	8.789927	0.891807
GO:0070201	regulation of establishment of protein localization	BP	5	359	4.292899	0.539814
GO:0070206	protein trimerization	BP	7	66	5.986566	0.891807
GO:0070207	protein homotrimerization	BP	8	58	6.115778	1.000000
GO:0070228	regulation of lymphocyte apoptotic process	BP	7	64	6.017338	0.639208
GO:0070252	actin-mediated cell contraction	BP	4	15	7.468171	0.740102
GO:0070269	pyroptotic inflammatory response	BP	5	11	7.778326	0.891807
GO:0070286	axonemal dynein complex assembly	BP	6	31	6.742234	0.891807
GO:0070293	renal absorption	BP	4	38	6.538635	0.783614
GO:0070301	cellular response to hydrogen peroxide	BP	7	20	7.180489	1.000000
GO:0070302	regulation of stress-activated protein kinase signaling cascade	BP	7	73	5.885762	0.783614
GO:0070328	triglyceride homeostasis	BP	5	5	8.566783	0.931738
GO:0070371	ERK1 and ERK2 cascade	BP	8	19	7.231782	1.000000
GO:0070372	regulation of ERK1 and ERK2 cascade	BP	8	151	5.158941	0.891807
GO:0070373	negative regulation of ERK1 and ERK2 cascade	BP	9	37	6.565303	1.000000
GO:0070374	positive regulation of ERK1 and ERK2 cascade	BP	9	110	5.475741	1.000000
GO:0070417	cellular response to cold	BP	5	22	7.085178	0.931738
GO:0070482	response to oxygen levels	BP	3	223	4.769049	0.700171
GO:0070507	regulation of microtubule cytoskeleton organization	BP	7	58	6.115778	0.649865
GO:0070509	calcium ion import	BP	8	9	7.978996	0.931738
GO:0070527	platelet aggregation	BP	5	29	6.808925	1.000000
GO:0070534	protein K63-linked ubiquitination	BP	11	42	6.438551	1.000000
GO:0070542	response to fatty acid	BP	4	127	5.332034	0.687021
GO:0070555	response to interleukin-1	BP	5	54	6.187237	0.931738
GO:0070570	regulation of neuron projection regeneration	BP	8	2	9.483074	0.704976
GO:0070572	positive regulation of neuron projection regeneration	BP	9	1	10.176221	0.795214
GO:0070585	protein localization to mitochondrion	BP	5	6	8.384461	0.891807
GO:0070588	calcium ion transmembrane transport	BP	8	82	5.769502	0.700171
GO:0070592	cell wall polysaccharide biosynthetic process	BP	7	15	7.468171	0.700171
GO:0070613	regulation of protein processing	BP	9	57	6.133170	0.726952
GO:0070633	transepithelial transport	BP	4	46	6.347580	0.823545
GO:0070646	protein modification by small protein removal	BP	8	58	6.115778	0.740102
GO:0070647	protein modification by small protein conjugation or removal	BP	7	339	4.350221	0.639208
GO:0070661	leukocyte proliferation	BP	3	41	6.462649	0.658690
GO:0070663	regulation of leukocyte proliferation	BP	5	187	4.945112	0.601835
GO:0070664	negative regulation of leukocyte proliferation	BP	6	46	6.347580	0.710028
GO:0070665	positive regulation of leukocyte proliferation	BP	6	127	5.332034	0.710028
GO:0070726	cell wall assembly	BP	6	12	7.691314	0.808364
GO:0070783	growth of unicellular organism as a thread of attached cells	BP	4	0		0.795214
GO:0070784	regulation of growth of unicellular organism as a thread of attached cells	BP	6	1	10.176221	0.755283
GO:0070828	heterochromatin organization	BP	5	4	8.789927	0.931738
GO:0070848	response to growth factor	BP	3	123	5.364037	0.704976
GO:0070849	response to epidermal growth factor	BP	4	23	7.040727	0.931738
GO:0070873	regulation of glycogen metabolic process	BP	8	26	6.918124	0.783614
GO:0070884	regulation of calcineurin-NFAT signaling cascade	BP	9	6	8.384461	0.891807
GO:0070887	cellular response to chemical stimulus	BP	3	948	3.321866	0.404913
GO:0070897	transcription preinitiation complex assembly	BP	7	5	8.566783	0.863476
GO:0070918	regulatory ncRNA processing	BP	5	50	6.264198	0.733308
GO:0070925	organelle assembly	BP	5	241	4.691424	0.585916
GO:0070936	protein K48-linked ubiquitination	BP	11	30	6.775024	1.000000
GO:0071025	RNA surveillance	BP	8	14	7.537164	0.691212
GO:0071027	nuclear RNA surveillance	BP	9	11	7.778326	0.726952
GO:0071028	nuclear mRNA surveillance	BP	11	2	9.483074	0.841500
GO:0071071	regulation of phospholipid biosynthetic process	BP	8	8	8.096779	0.675422
GO:0071103	DNA conformation change	BP	6	199	4.882916	0.891807
GO:0071168	protein localization to chromatin	BP	6	0		0.795214
GO:0071173	spindle assembly checkpoint signaling	BP	10	8	8.096779	0.863476
GO:0071174	mitotic spindle checkpoint signaling	BP	10	8	8.096779	0.891807
GO:0071214	cellular response to abiotic stimulus	BP	4	299	4.475777	0.601835
GO:0071216	cellular response to biotic stimulus	BP	3	52	6.224977	0.631909
GO:0071219	cellular response to molecule of bacterial origin	BP	5	49	6.284401	0.795214
GO:0071222	cellular response to lipopolysaccharide	BP	6	27	6.880384	1.000000
GO:0071229	cellular response to acid chemical	BP	4	34	6.649860	0.683001
GO:0071230	cellular response to amino acid stimulus	BP	5	23	7.040727	0.710028
GO:0071236	cellular response to antibiotic	BP	4	27	6.880384	0.823545
GO:0071248	cellular response to metal ion	BP	4	150	5.165586	0.687021
GO:0071260	cellular response to mechanical stimulus	BP	5	9	7.978996	1.000000
GO:0071276	cellular response to cadmium ion	BP	5	5	8.566783	1.000000
GO:0071277	cellular response to calcium ion	BP	5	25	6.957345	1.000000
GO:0071280	cellular response to copper ion	BP	5	5	8.566783	1.000000
GO:0071281	cellular response to iron ion	BP	5	83	5.757380	0.891807
GO:0071300	cellular response to retinoic acid	BP	5	4	8.789927	1.000000
GO:0071312	cellular response to alkaloid	BP	5	21	7.131699	0.773238
GO:0071320	cellular response to cAMP	BP	6	68	5.956713	1.000000
GO:0071322	cellular response to carbohydrate stimulus	BP	5	33	6.679713	0.715352
GO:0071326	cellular response to monosaccharide stimulus	BP	6	24	6.998167	0.783614
GO:0071331	cellular response to hexose stimulus	BP	7	24	6.998167	0.823545
GO:0071333	cellular response to glucose stimulus	BP	8	20	7.180489	1.000000
GO:0071345	cellular response to cytokine stimulus	BP	5	173	5.022929	0.668384
GO:0071346	cellular response to type II interferon	BP	6	31	6.742234	1.000000
GO:0071347	cellular response to interleukin-1	BP	6	40	6.487341	1.000000
GO:0071356	cellular response to tumor necrosis factor	BP	6	22	7.085178	1.000000
GO:0071361	cellular response to ethanol	BP	6	0		1.000000
GO:0071363	cellular response to growth factor stimulus	BP	4	122	5.372200	0.763852
GO:0071364	cellular response to epidermal growth factor stimulus	BP	5	23	7.040727	1.000000
GO:0071375	cellular response to peptide hormone stimulus	BP	5	91	5.665361	0.733308
GO:0071383	cellular response to steroid hormone stimulus	BP	5	34	6.649860	0.763852
GO:0071384	cellular response to corticosteroid stimulus	BP	6	28	6.844016	0.783614
GO:0071385	cellular response to glucocorticoid stimulus	BP	7	22	7.085178	0.841500
GO:0071391	cellular response to estrogen stimulus	BP	5	2	9.483074	1.000000
GO:0071392	cellular response to estradiol stimulus	BP	5	17	7.343008	1.000000
GO:0071396	cellular response to lipid	BP	4	199	4.882916	0.595156
GO:0071398	cellular response to fatty acid	BP	5	23	7.040727	0.763852
GO:0071444	cellular response to pheromone	BP	4	0		0.863476
GO:0071453	cellular response to oxygen levels	BP	4	75	5.858733	0.808364
GO:0071456	cellular response to hypoxia	BP	6	55	6.168888	1.000000
GO:0071459	protein localization to chromosome, centromeric region	BP	6	3	9.077609	0.795214
GO:0071462	cellular response to water stimulus	BP	5	11	7.778326	0.841500
GO:0071466	cellular response to xenobiotic stimulus	BP	4	58	6.115778	1.000000
GO:0071467	cellular response to pH	BP	5	47	6.326073	0.841500
GO:0071468	cellular response to acidic pH	BP	6	13	7.611272	0.931738
GO:0071470	cellular response to osmotic stress	BP	5	48	6.305020	0.747400
GO:0071472	cellular response to salt stress	BP	6	15	7.468171	0.863476
GO:0071474	cellular hyperosmotic response	BP	6	12	7.691314	0.931738
GO:0071478	cellular response to radiation	BP	5	206	4.848345	0.671840
GO:0071479	cellular response to ionizing radiation	BP	6	10	7.873636	0.891807
GO:0071480	cellular response to gamma radiation	BP	7	5	8.566783	1.000000
GO:0071482	cellular response to light stimulus	BP	6	196	4.898106	0.687021
GO:0071495	cellular response to endogenous stimulus	BP	3	292	4.499467	0.559066
GO:0071496	cellular response to external stimulus	BP	3	10	7.873636	0.891807
GO:0071498	cellular response to fluid shear stress	BP	4	7	8.230311	0.795214
GO:0071526	semaphorin-plexin signaling pathway	BP	6	33	6.679713	0.808364
GO:0071542	dopaminergic neuron differentiation	BP	5	1	10.176221	0.931738
GO:0071548	response to dexamethasone	BP	7	19	7.231782	0.931738
GO:0071549	cellular response to dexamethasone stimulus	BP	8	2	9.483074	1.000000
GO:0071554	cell wall organization or biogenesis	BP	2	250	4.654760	0.627328
GO:0071555	cell wall organization	BP	5	153	5.145783	0.665046
GO:0071559	response to transforming growth factor beta	BP	4	55	6.168888	0.931738
GO:0071560	cellular response to transforming growth factor beta stimulus	BP	5	55	6.168888	1.000000
GO:0071577	zinc ion transmembrane transport	BP	9	13	7.611272	0.755283
GO:0071616	acyl-CoA biosynthetic process	BP	8	14	7.537164	0.695590
GO:0071621	granulocyte chemotaxis	BP	7	55	6.168888	0.863476
GO:0071622	regulation of granulocyte chemotaxis	BP	8	39	6.512659	0.773238
GO:0071669	plant-type cell wall organization or biogenesis	BP	3	119	5.397097	0.733308
GO:0071674	mononuclear cell migration	BP	5	51	6.244395	0.636714
GO:0071675	regulation of mononuclear cell migration	BP	7	100	5.571051	0.598439
GO:0071677	positive regulation of mononuclear cell migration	BP	8	72	5.899555	0.704976
GO:0071684	organism emergence from protective structure	BP	2	0		0.863476
GO:0071692	protein localization to extracellular region	BP	3	233	4.725182	0.683001
GO:0071695	anatomical structure maturation	BP	3	82	5.769502	0.583019
GO:0071705	nitrogen compound transport	BP	4	766	3.535039	0.370846
GO:0071709	membrane assembly	BP	5	39	6.512659	0.740102
GO:0071711	basement membrane organization	BP	6	15	7.468171	0.841500
GO:0071731	response to nitric oxide	BP	4	23	7.040727	0.931738
GO:0071763	nuclear membrane organization	BP	5	7	8.230311	0.700171
GO:0071774	response to fibroblast growth factor	BP	4	18	7.285849	0.931738
GO:0071805	potassium ion transmembrane transport	BP	8	64	6.017338	0.863476
GO:0071806	protein transmembrane transport	BP	6	96	5.611873	0.691212
GO:0071824	protein-DNA complex organization	BP	5	61	6.065347	0.641766
GO:0071825	protein-lipid complex organization	BP	5	44	6.392031	0.683001
GO:0071826	protein-RNA complex organization	BP	5	88	5.698884	0.631909
GO:0071827	plasma lipoprotein particle organization	BP	6	44	6.392031	0.720981
GO:0071840	cellular component organization or biogenesis	BP	2	3572	1.995340	0.280708
GO:0071852	fungal-type cell wall organization or biogenesis	BP	3	47	6.326073	0.795214
GO:0071867	response to monoamine	BP	4	11	7.778326	0.747400
GO:0071897	DNA biosynthetic process	BP	7	133	5.285872	0.675422
GO:0071900	regulation of protein serine/threonine kinase activity	BP	10	51	6.244395	0.700171
GO:0071902	positive regulation of protein serine/threonine kinase activity	BP	11	38	6.538635	0.823545
GO:0071940	fungal-type cell wall assembly	BP	7	0		0.931738
GO:0071941	nitrogen cycle metabolic process	BP	3	21	7.131699	0.795214
GO:0071973	bacterial-type flagellum-dependent cell motility	BP	5	37	6.565303	0.891807
GO:0071978	bacterial-type flagellum-dependent swarming motility	BP	6	34	6.649860	1.000000
GO:0071985	multivesicular body sorting pathway	BP	5	14	7.537164	0.823545
GO:0072009	nephron epithelium development	BP	6	8	8.096779	0.622950
GO:0072073	kidney epithelium development	BP	5	29	6.808925	0.600122
GO:0072080	nephron tubule development	BP	7	8	8.096779	0.675422
GO:0072089	stem cell proliferation	BP	3	27	6.880384	0.863476
GO:0072091	regulation of stem cell proliferation	BP	5	45	6.369558	0.773238
GO:0072163	mesonephric epithelium development	BP	6	21	7.131699	0.747400
GO:0072164	mesonephric tubule development	BP	7	15	7.468171	0.783614
GO:0072175	epithelial tube formation	BP	4	15	7.468171	0.700171
GO:0072329	monocarboxylic acid catabolic process	BP	8	164	5.076355	0.543566
GO:0072330	monocarboxylic acid biosynthetic process	BP	8	416	4.145536	0.539814
GO:0072331	signal transduction by p53 class mediator	BP	6	14	7.537164	0.841500
GO:0072332	intrinsic apoptotic signaling pathway by p53 class mediator	BP	7	9	7.978996	0.891807
GO:0072337	modified amino acid transport	BP	5	26	6.918124	0.668384
GO:0072344	rescue of stalled ribosome	BP	7	11	7.778326	0.891807
GO:0072348	sulfur compound transport	BP	4	30	6.775024	0.612789
GO:0072350	tricarboxylic acid metabolic process	BP	7	22	7.085178	0.710028
GO:0072376	protein activation cascade	BP	6	1	10.176221	0.783614
GO:0072384	organelle transport along microtubule	BP	7	22	7.085178	0.679138
GO:0072521	purine-containing compound metabolic process	BP	3	505	3.951663	0.437304
GO:0072522	purine-containing compound biosynthetic process	BP	4	244	4.679053	0.534440
GO:0072523	purine-containing compound catabolic process	BP	4	127	5.332034	0.562482
GO:0072524	pyridine-containing compound metabolic process	BP	3	172	5.028726	0.559066
GO:0072525	pyridine-containing compound biosynthetic process	BP	4	30	6.775024	0.665046
GO:0072526	pyridine-containing compound catabolic process	BP	4	88	5.698884	0.665046
GO:0072527	pyrimidine-containing compound metabolic process	BP	3	77	5.832416	0.514757
GO:0072528	pyrimidine-containing compound biosynthetic process	BP	4	32	6.710485	0.607159
GO:0072529	pyrimidine-containing compound catabolic process	BP	4	15	7.468171	0.636714
GO:0072530	purine-containing compound transmembrane transport	BP	5	7	8.230311	0.695590
GO:0072583	clathrin-dependent endocytosis	BP	7	63	6.033086	0.841500
GO:0072593	reactive oxygen species metabolic process	BP	3	219	4.787149	0.747400
GO:0072594	establishment of protein localization to organelle	BP	4	154	5.139268	0.614739
GO:0072595	maintenance of protein localization in organelle	BP	5	16	7.403632	0.755283
GO:0072596	establishment of protein localization to chloroplast	BP	5	7	8.230311	0.863476
GO:0072599	establishment of protein localization to endoplasmic reticulum	BP	5	23	7.040727	0.841500
GO:0072655	establishment of protein localization to mitochondrion	BP	5	18	7.285849	0.773238
GO:0072657	protein localization to membrane	BP	4	98	5.591253	0.614739
GO:0072659	protein localization to plasma membrane	BP	5	63	6.033086	0.808364
GO:0072662	protein localization to peroxisome	BP	6	19	7.231782	0.863476
GO:0072663	establishment of protein localization to peroxisome	BP	5	30	6.775024	0.863476
GO:0072665	protein localization to vacuole	BP	5	37	6.565303	0.755283
GO:0072666	establishment of protein localization to vacuole	BP	5	26	6.918124	0.773238
GO:0072676	lymphocyte migration	BP	6	28	6.844016	0.671840
GO:0072697	protein localization to cell cortex	BP	5	2	9.483074	0.740102
GO:0072698	protein localization to microtubule cytoskeleton	BP	6	51	6.244395	0.671840
GO:0075136	response to host	BP	5	165	5.070275	0.641766
GO:0075259	spore-bearing structure development	BP	4	69	5.942114	0.704976
GO:0080090	regulation of primary metabolic process	BP	5	3219	2.099395	0.278609
GO:0080134	regulation of response to stress	BP	4	718	3.599751	0.370846
GO:0080135	regulation of cellular response to stress	BP	5	209	4.833887	0.495973
GO:0080154	regulation of fertilization	BP	4	24	6.998167	0.823545
GO:0080164	regulation of nitric oxide metabolic process	BP	5	32	6.710485	0.823545
GO:0080171	lytic vacuole organization	BP	6	14	7.537164	0.863476
GO:0085029	extracellular matrix assembly	BP	6	72	5.899555	0.808364
GO:0089718	amino acid import across plasma membrane	BP	6	13	7.611272	0.675422
GO:0090022	regulation of neutrophil chemotaxis	BP	9	9	7.978996	0.891807
GO:0090033	positive regulation of filamentous growth	BP	5	0		0.755283
GO:0090049	regulation of cell migration involved in sprouting angiogenesis	BP	8	18	7.285849	0.891807
GO:0090066	regulation of anatomical structure size	BP	3	135	5.270946	0.541672
GO:0090068	positive regulation of cell cycle process	BP	6	100	5.571051	0.540738
GO:0090075	relaxation of muscle	BP	4	15	7.468171	0.808364
GO:0090087	regulation of peptide transport	BP	5	147	5.185788	0.591979
GO:0090090	negative regulation of canonical Wnt signaling pathway	BP	8	30	6.775024	1.000000
GO:0090092	regulation of transmembrane receptor protein serine/threonine kinase signaling pathway	BP	6	181	4.977724	0.691212
GO:0090100	positive regulation of transmembrane receptor protein serine/threonine kinase signaling pathway	BP	7	148	5.179009	0.808364
GO:0090101	negative regulation of transmembrane receptor protein serine/threonine kinase signaling pathway	BP	7	25	6.957345	0.773238
GO:0090109	regulation of cell-substrate junction assembly	BP	6	51	6.244395	0.863476
GO:0090140	regulation of mitochondrial fission	BP	7	8	8.096779	0.891807
GO:0090150	establishment of protein localization to membrane	BP	4	69	5.942114	0.631909
GO:0090151	establishment of protein localization to mitochondrial membrane	BP	7	4	8.789927	0.823545
GO:0090162	establishment of epithelial cell polarity	BP	4	4	8.789927	0.841500
GO:0090174	organelle membrane fusion	BP	6	45	6.369558	0.644392
GO:0090181	regulation of cholesterol metabolic process	BP	8	14	7.537164	0.823545
GO:0090199	regulation of release of cytochrome c from mitochondria	BP	7	41	6.462649	0.891807
GO:0090207	regulation of triglyceride metabolic process	BP	7	15	7.468171	0.783614
GO:0090208	positive regulation of triglyceride metabolic process	BP	8	13	7.611272	0.891807
GO:0090224	regulation of spindle organization	BP	8	11	7.778326	0.726952
GO:0090257	regulation of muscle system process	BP	5	116	5.422631	0.516922
GO:0090263	positive regulation of canonical Wnt signaling pathway	BP	8	23	7.040727	1.000000
GO:0090276	regulation of peptide hormone secretion	BP	8	144	5.206408	0.641766
GO:0090277	positive regulation of peptide hormone secretion	BP	9	63	6.033086	0.747400
GO:0090278	negative regulation of peptide hormone secretion	BP	9	30	6.775024	0.747400
GO:0090279	regulation of calcium ion import	BP	8	8	8.096779	0.823545
GO:0090287	regulation of cellular response to growth factor stimulus	BP	4	93	5.643621	0.622950
GO:0090288	negative regulation of cellular response to growth factor stimulus	BP	5	24	6.998167	0.726952
GO:0090303	positive regulation of wound healing	BP	7	22	7.085178	0.773238
GO:0090304	nucleic acid metabolic process	BP	5	1473	2.881165	0.363820
GO:0090306	meiotic spindle assembly	BP	9	3	9.077609	0.783614
GO:0090307	mitotic spindle assembly	BP	9	11	7.778326	0.931738
GO:0090316	positive regulation of intracellular protein transport	BP	8	68	5.956713	0.763852
GO:0090317	negative regulation of intracellular protein transport	BP	8	29	6.808925	0.773238
GO:0090322	regulation of superoxide metabolic process	BP	6	119	5.397097	0.795214
GO:0090329	regulation of DNA-templated DNA replication	BP	9	13	7.611272	0.641766
GO:0090378	seed trichome elongation	BP	5	152	5.152340	1.000000
GO:0090398	cellular senescence	BP	2	35	6.620873	0.863476
GO:0090407	organophosphate biosynthetic process	BP	5	591	3.794405	0.445784
GO:0090497	mesenchymal cell migration	BP	5	5	8.566783	0.773238
GO:0090504	epiboly	BP	6	0		0.891807
GO:0090559	regulation of membrane permeability	BP	3	19	7.231782	0.715352
GO:0090567	reproductive shoot system development	BP	5	28	6.844016	0.891807
GO:0090596	sensory organ morphogenesis	BP	4	3	9.077609	0.733308
GO:0090598	male anatomical structure morphogenesis	BP	3	1	10.176221	0.841500
GO:0090605	submerged biofilm formation	BP	5	13	7.611272	0.891807
GO:0090609	single-species submerged biofilm formation	BP	6	13	7.611272	0.931738
GO:0090627	plant epidermal cell differentiation	BP	4	4	8.789927	0.783614
GO:0090659	walking behavior	BP	4	0		0.891807
GO:0090693	plant organ senescence	BP	2	8	8.096779	0.891807
GO:0090696	post-embryonic plant organ development	BP	4	4	8.789927	0.891807
GO:0090698	post-embryonic plant morphogenesis	BP	3	29	6.808925	0.675422
GO:0095500	acetylcholine receptor signaling pathway	BP	6	70	5.927726	0.808364
GO:0097009	energy homeostasis	BP	3	53	6.205929	0.931738
GO:0097035	regulation of membrane lipid distribution	BP	5	19	7.231782	0.691212
GO:0097061	dendritic spine organization	BP	7	11	7.778326	0.891807
GO:0097066	response to thyroid hormone	BP	4	9	7.978996	0.863476
GO:0097120	receptor localization to synapse	BP	2	0		0.783614
GO:0097190	apoptotic signaling pathway	BP	5	164	5.076355	0.691212
GO:0097191	extrinsic apoptotic signaling pathway	BP	6	103	5.541492	0.823545
GO:0097193	intrinsic apoptotic signaling pathway	BP	6	71	5.913541	0.740102
GO:0097205	renal filtration	BP	4	10	7.873636	0.891807
GO:0097305	response to alcohol	BP	4	283	4.530774	0.591979
GO:0097306	cellular response to alcohol	BP	5	111	5.466691	0.671840
GO:0097352	autophagosome maturation	BP	6	4	8.789927	1.000000
GO:0097421	liver regeneration	BP	6	25	6.957345	1.000000
GO:0097435	supramolecular fiber organization	BP	4	201	4.872916	0.584457
GO:0097479	synaptic vesicle localization	BP	4	14	7.537164	0.795214
GO:0097485	neuron projection guidance	BP	7	53	6.205929	0.649865
GO:0097501	stress response to metal ion	BP	4	5	8.566783	0.841500
GO:0097529	myeloid leukocyte migration	BP	5	78	5.819512	0.700171
GO:0097530	granulocyte migration	BP	6	56	6.150869	0.773238
GO:0097553	calcium ion transmembrane import into cytosol	BP	9	49	6.284401	0.763852
GO:0097576	vacuole fusion	BP	6	2	9.483074	0.891807
GO:0097581	lamellipodium organization	BP	6	20	7.180489	0.841500
GO:0097588	archaeal or bacterial-type flagellum-dependent cell motility	BP	4	38	6.538635	0.841500
GO:0097696	cell surface receptor signaling pathway via STAT	BP	6	54	6.187237	0.931738
GO:0097722	sperm motility	BP	3	60	6.081876	0.891807
GO:0097746	blood vessel diameter maintenance	BP	6	55	6.168888	0.634282
GO:0098534	centriole assembly	BP	7	9	7.978996	0.841500
GO:0098542	defense response to other organism	BP	5	304	4.459193	0.609000
GO:0098581	detection of external biotic stimulus	BP	4	29	6.808925	0.687021
GO:0098586	cellular response to virus	BP	6	14	7.537164	1.000000
GO:0098609	cell-cell adhesion	BP	3	139	5.241747	0.584457
GO:0098630	aggregation of unicellular organisms	BP	3	39	6.512659	0.773238
GO:0098655	monoatomic cation transmembrane transport	BP	6	306	4.452636	0.566020
GO:0098656	monoatomic anion transmembrane transport	BP	6	46	6.347580	0.841500
GO:0098657	import into cell	BP	4	345	4.332677	0.512639
GO:0098659	inorganic cation import across plasma membrane	BP	7	18	7.285849	0.763852
GO:0098660	inorganic ion transmembrane transport	BP	5	406	4.169868	0.536199
GO:0098661	inorganic anion transmembrane transport	BP	6	72	5.899555	0.691212
GO:0098662	inorganic cation transmembrane transport	BP	6	337	4.356138	0.562482
GO:0098727	maintenance of cell number	BP	2	52	6.224977	0.715352
GO:0098739	import across plasma membrane	BP	5	57	6.133170	0.566020
GO:0098742	cell-cell adhesion via plasma-membrane adhesion molecules	BP	4	54	6.187237	0.733308
GO:0098743	cell aggregation	BP	2	64	6.017338	0.755283
GO:0098754	detoxification	BP	1	263	4.604067	0.618759
GO:0098771	inorganic ion homeostasis	BP	3	259	4.619393	0.603578
GO:0098773	skin epidermis development	BP	5	7	8.230311	0.863476
GO:0098813	nuclear chromosome segregation	BP	4	26	6.918124	0.763852
GO:0098815	modulation of excitatory postsynaptic potential	BP	7	9	7.978996	0.795214
GO:0098869	cellular oxidant detoxification	BP	3	161	5.094817	0.891807
GO:0098876	vesicle-mediated transport to the plasma membrane	BP	5	35	6.620873	0.763852
GO:0098900	regulation of action potential	BP	4	13	7.611272	0.644392
GO:0098916	anterograde trans-synaptic signaling	BP	7	42	6.438551	0.715352
GO:0098926	postsynaptic signal transduction	BP	5	70	5.927726	0.783614
GO:0098930	axonal transport	BP	8	9	7.978996	0.733308
GO:0099003	vesicle-mediated transport in synapse	BP	5	24	6.998167	0.715352
GO:0099024	plasma membrane invagination	BP	6	44	6.392031	0.808364
GO:0099072	regulation of postsynaptic membrane neurotransmitter receptor levels	BP	3	0		0.808364
GO:0099111	microtubule-based transport	BP	4	105	5.522261	0.588901
GO:0099120	socially cooperative development	BP	3	0		0.755283
GO:0099171	presynaptic modulation of chemical synaptic transmission	BP	7	2	9.483074	0.841500
GO:0099172	presynapse organization	BP	4	0		0.891807
GO:0099173	postsynapse organization	BP	4	11	7.778326	0.841500
GO:0099174	regulation of presynapse organization	BP	6	0		0.783614
GO:0099175	regulation of postsynapse organization	BP	6	20	7.180489	0.733308
GO:0099177	regulation of trans-synaptic signaling	BP	5	86	5.721874	0.525292
GO:0099402	plant organ development	BP	3	62	6.049087	0.710028
GO:0099518	vesicle cytoskeletal trafficking	BP	6	10	7.873636	0.740102
GO:0099536	synaptic signaling	BP	5	42	6.438551	0.616728
GO:0099537	trans-synaptic signaling	BP	6	42	6.438551	0.622950
GO:0099587	inorganic ion import across plasma membrane	BP	6	19	7.231782	0.733308
GO:0099643	signal release from synapse	BP	7	7	8.230311	0.661816
GO:0104004	cellular response to environmental stimulus	BP	3	299	4.475777	0.600122
GO:0106027	neuron projection organization	BP	6	11	7.778326	0.808364
GO:0106030	neuron projection fasciculation	BP	7	12	7.691314	0.863476
GO:0106056	regulation of calcineurin-mediated signaling	BP	8	7	8.230311	0.823545
GO:0106070	regulation of adenylate cyclase-activating G protein-coupled receptor signaling pathway	BP	7	9	7.978996	0.795214
GO:0106118	regulation of sterol biosynthetic process	BP	9	13	7.611272	0.783614
GO:0110020	regulation of actomyosin structure organization	BP	8	32	6.710485	0.720981
GO:0110053	regulation of actin filament organization	BP	8	76	5.845488	0.649865
GO:0110095	cellular detoxification of aldehyde	BP	3	19	7.231782	0.795214
GO:0110154	RNA decapping	BP	7	10	7.873636	0.823545
GO:0110156	mRNA methylguanosine-cap decapping	BP	8	6	8.384461	0.863476
GO:0120031	plasma membrane bounded cell projection assembly	BP	6	132	5.293419	0.683001
GO:0120032	regulation of plasma membrane bounded cell projection assembly	BP	7	75	5.858733	0.644392
GO:0120033	negative regulation of plasma membrane bounded cell projection assembly	BP	8	11	7.778326	0.763852
GO:0120034	positive regulation of plasma membrane bounded cell projection assembly	BP	8	54	6.187237	0.755283
GO:0120035	regulation of plasma membrane bounded cell projection organization	BP	6	153	5.145783	0.528521
GO:0120036	plasma membrane bounded cell projection organization	BP	5	293	4.496048	0.537090
GO:0120039	plasma membrane bounded cell projection morphogenesis	BP	6	40	6.487341	0.641766
GO:0120161	regulation of cold-induced thermogenesis	BP	5	6	8.384461	0.891807
GO:0120162	positive regulation of cold-induced thermogenesis	BP	6	3	9.077609	1.000000
GO:0120178	steroid hormone biosynthetic process	BP	7	32	6.710485	0.773238
GO:0120192	tight junction assembly	BP	7	12	7.691314	0.841500
GO:0120193	tight junction organization	BP	6	12	7.691314	0.795214
GO:0120251	hydrocarbon biosynthetic process	BP	4	159	5.107317	0.598439
GO:0120252	hydrocarbon metabolic process	BP	3	244	4.679053	0.502683
GO:0120253	hydrocarbon catabolic process	BP	4	47	6.326073	0.625115
GO:0120254	olefinic compound metabolic process	BP	3	204	4.858101	0.537990
GO:0120255	olefinic compound biosynthetic process	BP	4	99	5.581101	0.627328
GO:0120305	regulation of pigmentation	BP	3	0		0.629592
GO:0140013	meiotic nuclear division	BP	7	48	6.305020	0.773238
GO:0140029	exocytic process	BP	2	10	7.873636	0.691212
GO:0140053	mitochondrial gene expression	BP	6	12	7.691314	0.710028
GO:0140056	organelle localization by membrane tethering	BP	3	35	6.620873	0.715352
GO:0140115	export across plasma membrane	BP	5	32	6.710485	0.710028
GO:0140134	venom-mediated perturbation of blood circulation	BP	4	85	5.733570	0.704976
GO:0140238	presynaptic endocytosis	BP	6	22	7.085178	0.863476
GO:0140253	cell-cell fusion	BP	2	16	7.403632	0.823545
GO:0140352	export from cell	BP	4	413	4.152773	0.487502
GO:0140367	antibacterial innate immune response	BP	8	28	6.844016	1.000000
GO:0140374	antiviral innate immune response	BP	8	30	6.775024	1.000000
GO:0140415	effector-mediated perturbation of host defenses by symbiont	BP	7	50	6.264198	0.783614
GO:0140418	effector-mediated perturbation of host process by symbiont	BP	5	54	6.187237	0.763852
GO:0140448	signaling receptor ligand precursor processing	BP	7	9	7.978996	0.747400
GO:0140467	integrated stress response signaling	BP	7	6	8.384461	0.841500
GO:0140527	reciprocal homologous recombination	BP	9	14	7.537164	0.931738
GO:0140546	defense response to symbiont	BP	6	284	4.527247	0.614739
GO:0140694	membraneless organelle assembly	BP	6	101	5.561100	0.631909
GO:0140718	facultative heterochromatin formation	BP	11	1	10.176221	0.863476
GO:0140719	constitutive heterochromatin formation	BP	11	17	7.343008	0.740102
GO:0140861	DNA repair-dependent chromatin remodeling	BP	6	6	8.384461	1.000000
GO:0140888	interferon-mediated signaling pathway	BP	7	48	6.305020	0.863476
GO:0140962	multicellular organismal-level chemical homeostasis	BP	3	68	5.956713	0.841500
GO:0141005	transposable element silencing by heterochromatin formation	BP	12	9	7.978996	0.841500
GO:0141060	disruption of anatomical structure in another organism	BP	2	408	4.164954	0.576130
GO:0141061	disruption of cell in another organism	BP	3	268	4.585234	0.691212
GO:0141091	transforming growth factor beta receptor superfamily signaling pathway	BP	8	223	4.769049	0.841500
GO:0141124	intracellular signaling cassette	BP	6	265	4.596491	0.620832
GO:0141137	positive regulation of gene expression, epigenetic	BP	9	16	7.403632	0.863476
GO:0141161	regulation of cAMP/PKA signal transduction	BP	7	8	8.096779	0.891807
GO:0141187	nucleic acid biosynthetic process	BP	6	508	3.945740	0.554688
GO:0141188	nucleic acid catabolic process	BP	6	107	5.503392	0.585916
GO:0141193	nuclear receptor-mediated signaling pathway	BP	7	43	6.415021	0.733308
GO:0141194	siRNA-mediated heterochromatin formation	BP	12	2	9.483074	0.808364
GO:0150052	regulation of postsynapse assembly	BP	7	0		1.000000
GO:0150077	regulation of neuroinflammatory response	BP	7	7	8.230311	0.795214
GO:0150115	cell-substrate junction organization	BP	5	7	8.230311	0.823545
GO:0150116	regulation of cell-substrate junction organization	BP	5	51	6.244395	0.773238
GO:0170033	L-amino acid metabolic process	BP	8	477	4.008704	0.472476
GO:0170034	L-amino acid biosynthetic process	BP	9	147	5.185788	0.587397
GO:0170035	L-amino acid catabolic process	BP	9	197	4.893017	0.551528
GO:0170038	proteinogenic amino acid biosynthetic process	BP	8	148	5.179009	0.595156
GO:0170039	proteinogenic amino acid metabolic process	BP	7	478	4.006610	0.482749
GO:0170040	proteinogenic amino acid catabolic process	BP	8	198	4.887954	0.561330
GO:0170041	non-proteinogenic amino acid metabolic process	BP	7	243	4.683160	0.554688
GO:0170043	non-proteinogenic amino acid biosynthetic process	BP	8	35	6.620873	0.679138
GO:0170044	non-proteinogenic amino acid catabolic process	BP	8	44	6.392031	0.661816
GO:0170062	nutrient storage	BP	2	10	7.873636	0.841500
GO:0180055	response to metal ion starvation	BP	4	13	7.611272	0.808364
GO:0180064	protein O-linked glycosylation via xylose	BP	8	13	7.611272	0.823545
GO:1900015	regulation of cytokine production involved in inflammatory response	BP	9	40	6.487341	0.891807
GO:1900024	regulation of substrate adhesion-dependent cell spreading	BP	6	15	7.468171	0.891807
GO:1900026	positive regulation of substrate adhesion-dependent cell spreading	BP	7	6	8.384461	1.000000
GO:1900046	regulation of hemostasis	BP	4	37	6.565303	0.691212
GO:1900047	negative regulation of hemostasis	BP	5	21	7.131699	0.783614
GO:1900055	regulation of leaf senescence	BP	4	2	9.483074	0.891807
GO:1900073	regulation of neuromuscular synaptic transmission	BP	7	0		0.891807
GO:1900076	regulation of cellular response to insulin stimulus	BP	4	24	6.998167	0.808364
GO:1900077	negative regulation of cellular response to insulin stimulus	BP	5	17	7.343008	0.891807
GO:1900078	positive regulation of cellular response to insulin stimulus	BP	5	2	9.483074	0.891807
GO:1900087	positive regulation of G1/S transition of mitotic cell cycle	BP	9	18	7.285849	0.931738
GO:1900101	regulation of endoplasmic reticulum unfolded protein response	BP	7	13	7.611272	0.755283
GO:1900140	regulation of seedling development	BP	6	1	10.176221	0.863476
GO:1900150	regulation of defense response to fungus	BP	6	10	7.873636	0.726952
GO:1900180	regulation of protein localization to nucleus	BP	5	82	5.769502	0.755283
GO:1900181	negative regulation of protein localization to nucleus	BP	6	18	7.285849	0.863476
GO:1900182	positive regulation of protein localization to nucleus	BP	6	62	6.049087	0.863476
GO:1900190	regulation of single-species biofilm formation	BP	4	28	6.844016	0.783614
GO:1900225	regulation of NLRP3 inflammasome complex assembly	BP	6	33	6.679713	0.891807
GO:1900231	regulation of single-species biofilm formation on inanimate substrate	BP	5	12	7.691314	0.891807
GO:1900242	regulation of synaptic vesicle endocytosis	BP	7	2	9.483074	0.863476
GO:1900271	regulation of long-term synaptic potentiation	BP	8	4	8.789927	0.891807
GO:1900368	regulation of post-transcriptional gene silencing by regulatory ncRNA	BP	9	7	8.230311	0.747400
GO:1900376	regulation of secondary metabolite biosynthetic process	BP	6	69	5.942114	0.517654
GO:1900378	positive regulation of secondary metabolite biosynthetic process	BP	7	48	6.305020	0.620832
GO:1900407	regulation of cellular response to oxidative stress	BP	6	5	8.566783	0.808364
GO:1900424	regulation of defense response to bacterium	BP	6	15	7.468171	0.715352
GO:1900425	negative regulation of defense response to bacterium	BP	7	4	8.789927	0.808364
GO:1900426	positive regulation of defense response to bacterium	BP	7	9	7.978996	0.773238
GO:1900428	regulation of filamentous growth of a population of unicellular organisms	BP	5	2	9.483074	0.658690
GO:1900429	negative regulation of filamentous growth of a population of unicellular organisms	BP	6	1	10.176221	0.783614
GO:1900430	positive regulation of filamentous growth of a population of unicellular organisms	BP	6	0		0.763852
GO:1900443	regulation of filamentous growth of a population of unicellular organisms in response to biotic stimulus	BP	6	0		0.891807
GO:1900445	positive regulation of filamentous growth of a population of unicellular organisms in response to biotic stimulus	BP	7	0		1.000000
GO:1900542	regulation of purine nucleotide metabolic process	BP	8	18	7.285849	0.647090
GO:1900544	positive regulation of purine nucleotide metabolic process	BP	9	4	8.789927	0.763852
GO:1900744	regulation of p38MAPK cascade	BP	8	19	7.231782	0.891807
GO:1900864	mitochondrial RNA modification	BP	8	11	7.778326	0.783614
GO:1901000	regulation of response to salt stress	BP	6	42	6.438551	0.841500
GO:1901016	regulation of potassium ion transmembrane transporter activity	BP	9	58	6.115778	0.720981
GO:1901071	glucosamine-containing compound metabolic process	BP	5	64	6.017338	0.747400
GO:1901072	glucosamine-containing compound catabolic process	BP	6	40	6.487341	0.841500
GO:1901135	carbohydrate derivative metabolic process	BP	3	1222	3.067977	0.354982
GO:1901136	carbohydrate derivative catabolic process	BP	4	248	4.662792	0.493642
GO:1901137	carbohydrate derivative biosynthetic process	BP	4	793	3.500398	0.445078
GO:1901184	regulation of ERBB signaling pathway	BP	6	49	6.284401	0.733308
GO:1901185	negative regulation of ERBB signaling pathway	BP	7	5	8.566783	0.808364
GO:1901186	positive regulation of ERBB signaling pathway	BP	7	40	6.487341	0.863476
GO:1901222	regulation of non-canonical NF-kappaB signal transduction	BP	7	16	7.403632	0.891807
GO:1901224	positive regulation of non-canonical NF-kappaB signal transduction	BP	8	8	8.096779	1.000000
GO:1901264	carbohydrate derivative transport	BP	4	35	6.620873	0.562482
GO:1901292	nucleoside phosphate catabolic process	BP	7	133	5.285872	0.519135
GO:1901293	nucleoside phosphate biosynthetic process	BP	7	310	4.439649	0.484308
GO:1901334	lactone metabolic process	BP	3	130	5.308686	0.622950
GO:1901336	lactone biosynthetic process	BP	4	127	5.332034	0.691212
GO:1901342	regulation of vasculature development	BP	5	196	4.898106	0.679138
GO:1901343	negative regulation of vasculature development	BP	6	52	6.224977	0.755283
GO:1901379	regulation of potassium ion transmembrane transport	BP	8	73	5.885762	0.679138
GO:1901381	positive regulation of potassium ion transmembrane transport	BP	9	42	6.438551	0.808364
GO:1901401	regulation of tetrapyrrole metabolic process	BP	5	4	8.789927	0.671840
GO:1901419	regulation of response to alcohol	BP	4	6	8.384461	0.700171
GO:1901420	negative regulation of response to alcohol	BP	5	4	8.789927	0.808364
GO:1901503	ether biosynthetic process	BP	4	92	5.654432	0.655659
GO:1901524	regulation of mitophagy	BP	8	9	7.978996	0.823545
GO:1901532	regulation of hematopoietic progenitor cell differentiation	BP	5	43	6.415021	0.715352
GO:1901568	fatty acid derivative metabolic process	BP	5	66	5.986566	0.556853
GO:1901570	fatty acid derivative biosynthetic process	BP	6	31	6.742234	0.661816
GO:1901605	alpha-amino acid metabolic process	BP	7	591	3.794405	0.443335
GO:1901606	alpha-amino acid catabolic process	BP	8	245	4.674963	0.528521
GO:1901607	alpha-amino acid biosynthetic process	BP	8	187	4.945112	0.557953
GO:1901652	response to peptide	BP	3	217	4.796324	0.593554
GO:1901654	response to ketone	BP	4	243	4.683160	0.580206
GO:1901655	cellular response to ketone	BP	5	59	6.098684	0.658690
GO:1901657	glycosyl compound metabolic process	BP	4	179	4.988835	0.487502
GO:1901658	glycosyl compound catabolic process	BP	5	12	7.691314	0.618759
GO:1901659	glycosyl compound biosynthetic process	BP	5	115	5.431289	0.572216
GO:1901661	quinone metabolic process	BP	4	16	7.403632	0.795214
GO:1901663	quinone biosynthetic process	BP	6	13	7.611272	0.863476
GO:1901678	iron coordination entity transport	BP	9	26	6.918124	0.704976
GO:1901698	response to nitrogen compound	BP	3	653	3.694644	0.436979
GO:1901699	cellular response to nitrogen compound	BP	4	248	4.662792	0.522166
GO:1901700	response to oxygen-containing compound	BP	3	1471	2.882523	0.382798
GO:1901701	cellular response to oxygen-containing compound	BP	4	415	4.147942	0.464023
GO:1901739	regulation of myoblast fusion	BP	6	6	8.384461	0.891807
GO:1901796	regulation of signal transduction by p53 class mediator	BP	7	19	7.231782	0.733308
GO:1901797	negative regulation of signal transduction by p53 class mediator	BP	8	4	8.789927	0.841500
GO:1901799	negative regulation of proteasomal protein catabolic process	BP	10	13	7.611272	0.841500
GO:1901800	positive regulation of proteasomal protein catabolic process	BP	10	18	7.285849	0.841500
GO:1901861	regulation of muscle tissue development	BP	4	44	6.392031	0.691212
GO:1901873	regulation of post-translational protein modification	BP	8	84	5.745404	0.616728
GO:1901874	negative regulation of post-translational protein modification	BP	9	50	6.264198	0.720981
GO:1901875	positive regulation of post-translational protein modification	BP	9	18	7.285849	0.726952
GO:1901879	regulation of protein depolymerization	BP	6	39	6.512659	0.671840
GO:1901880	negative regulation of protein depolymerization	BP	7	32	6.710485	0.773238
GO:1901888	regulation of cell junction assembly	BP	5	98	5.591253	0.652719
GO:1901889	negative regulation of cell junction assembly	BP	6	48	6.305020	0.773238
GO:1901890	positive regulation of cell junction assembly	BP	6	47	6.326073	0.795214
GO:1901970	positive regulation of mitotic sister chromatid separation	BP	9	2	9.483074	0.841500
GO:1901976	regulation of cell cycle checkpoint	BP	7	19	7.231782	0.700171
GO:1901987	regulation of cell cycle phase transition	BP	6	132	5.293419	0.547466
GO:1901988	negative regulation of cell cycle phase transition	BP	7	77	5.832416	0.622950
GO:1901989	positive regulation of cell cycle phase transition	BP	7	31	6.742234	0.691212
GO:1901990	regulation of mitotic cell cycle phase transition	BP	7	89	5.687585	0.655659
GO:1901991	negative regulation of mitotic cell cycle phase transition	BP	8	55	6.168888	0.726952
GO:1901992	positive regulation of mitotic cell cycle phase transition	BP	8	26	6.918124	0.783614
GO:1902003	regulation of amyloid-beta formation	BP	8	12	7.691314	0.891807
GO:1902017	regulation of cilium assembly	BP	8	12	7.691314	0.783614
GO:1902019	regulation of cilium-dependent cell motility	BP	5	36	6.592702	0.773238
GO:1902025	nitrate import	BP	5	11	7.778326	0.891807
GO:1902036	regulation of hematopoietic stem cell differentiation	BP	6	10	7.873636	0.891807
GO:1902041	regulation of extrinsic apoptotic signaling pathway via death domain receptors	BP	8	9	7.978996	0.823545
GO:1902074	response to salt	BP	3	31	6.742234	0.823545
GO:1902099	regulation of metaphase/anaphase transition of cell cycle	BP	8	27	6.880384	0.675422
GO:1902100	negative regulation of metaphase/anaphase transition of cell cycle	BP	9	12	7.691314	0.783614
GO:1902101	positive regulation of metaphase/anaphase transition of cell cycle	BP	9	2	9.483074	0.808364
GO:1902105	regulation of leukocyte differentiation	BP	7	100	5.571051	0.526090
GO:1902106	negative regulation of leukocyte differentiation	BP	8	67	5.971528	0.631909
GO:1902107	positive regulation of leukocyte differentiation	BP	8	34	6.649860	0.634282
GO:1902115	regulation of organelle assembly	BP	6	44	6.392031	0.595156
GO:1902116	negative regulation of organelle assembly	BP	7	13	7.611272	0.704976
GO:1902117	positive regulation of organelle assembly	BP	7	17	7.343008	0.704976
GO:1902170	cellular response to reactive nitrogen species	BP	5	9	7.978996	0.863476
GO:1902175	regulation of oxidative stress-induced intrinsic apoptotic signaling pathway	BP	8	15	7.468171	0.763852
GO:1902222	erythrose 4-phosphate/phosphoenolpyruvate family amino acid catabolic process	BP	10	151	5.158941	0.773238
GO:1902223	erythrose 4-phosphate/phosphoenolpyruvate family amino acid biosynthetic process	BP	10	22	7.085178	0.783614
GO:1902229	regulation of intrinsic apoptotic signaling pathway in response to DNA damage	BP	8	4	8.789927	0.823545
GO:1902235	regulation of endoplasmic reticulum stress-induced intrinsic apoptotic signaling pathway	BP	8	0		0.841500
GO:1902253	regulation of intrinsic apoptotic signaling pathway by p53 class mediator	BP	8	1	10.176221	0.783614
GO:1902275	regulation of chromatin organization	BP	5	2	9.483074	0.683001
GO:1902305	regulation of sodium ion transmembrane transport	BP	8	49	6.284401	0.710028
GO:1902307	positive regulation of sodium ion transmembrane transport	BP	9	45	6.369558	0.808364
GO:1902369	negative regulation of RNA catabolic process	BP	9	130	5.308686	0.720981
GO:1902373	negative regulation of mRNA catabolic process	BP	10	121	5.380430	0.773238
GO:1902410	mitotic cytokinetic process	BP	4	6	8.384461	0.740102
GO:1902412	regulation of mitotic cytokinesis	BP	7	3	9.077609	0.687021
GO:1902414	protein localization to cell junction	BP	4	4	8.789927	0.715352
GO:1902473	regulation of protein localization to synapse	BP	5	0		0.808364
GO:1902475	L-alpha-amino acid transmembrane transport	BP	7	23	7.040727	0.607159
GO:1902476	chloride transmembrane transport	BP	7	44	6.392031	1.000000
GO:1902531	regulation of intracellular signal transduction	BP	6	895	3.379397	0.444029
GO:1902532	negative regulation of intracellular signal transduction	BP	7	230	4.738142	0.553624
GO:1902533	positive regulation of intracellular signal transduction	BP	7	617	3.751352	0.552570
GO:1902600	proton transmembrane transport	BP	7	79	5.806773	0.808364
GO:1902622	regulation of neutrophil migration	BP	7	18	7.285849	0.783614
GO:1902624	positive regulation of neutrophil migration	BP	8	14	7.537164	0.891807
GO:1902644	tertiary alcohol metabolic process	BP	5	60	6.081876	0.668384
GO:1902645	tertiary alcohol biosynthetic process	BP	6	49	6.284401	0.747400
GO:1902652	secondary alcohol metabolic process	BP	5	109	5.484873	0.629592
GO:1902653	secondary alcohol biosynthetic process	BP	6	38	6.538635	0.704976
GO:1902667	regulation of axon guidance	BP	8	0		0.710028
GO:1902679	negative regulation of RNA biosynthetic process	BP	9	744	3.564180	0.634282
GO:1902680	positive regulation of RNA biosynthetic process	BP	9	978	3.290711	0.631909
GO:1902692	regulation of neuroblast proliferation	BP	6	1	10.176221	0.891807
GO:1902742	apoptotic process involved in development	BP	5	3	9.077609	0.683001
GO:1902743	regulation of lamellipodium organization	BP	7	33	6.679713	0.783614
GO:1902745	positive regulation of lamellipodium organization	BP	8	26	6.918124	0.891807
GO:1902749	regulation of cell cycle G2/M phase transition	BP	7	26	6.918124	0.726952
GO:1902750	negative regulation of cell cycle G2/M phase transition	BP	8	19	7.231782	0.783614
GO:1902751	positive regulation of cell cycle G2/M phase transition	BP	8	4	8.789927	0.863476
GO:1902806	regulation of cell cycle G1/S phase transition	BP	7	55	6.168888	0.773238
GO:1902807	negative regulation of cell cycle G1/S phase transition	BP	8	32	6.710485	0.841500
GO:1902808	positive regulation of cell cycle G1/S phase transition	BP	8	19	7.231782	0.891807
GO:1902850	microtubule cytoskeleton organization involved in mitosis	BP	7	35	6.620873	0.747400
GO:1902882	regulation of response to oxidative stress	BP	5	8	8.096779	0.747400
GO:1902893	regulation of miRNA transcription	BP	10	1	10.176221	0.891807
GO:1902895	positive regulation of miRNA transcription	BP	11	1	10.176221	1.000000
GO:1902903	regulation of supramolecular fiber organization	BP	5	148	5.179009	0.585916
GO:1902904	negative regulation of supramolecular fiber organization	BP	6	85	5.733570	0.700171
GO:1902905	positive regulation of supramolecular fiber organization	BP	6	55	6.168888	0.700171
GO:1902930	regulation of alcohol biosynthetic process	BP	6	22	7.085178	0.622950
GO:1902932	positive regulation of alcohol biosynthetic process	BP	7	14	7.537164	0.720981
GO:1902991	regulation of amyloid precursor protein catabolic process	BP	7	12	7.691314	0.808364
GO:1903008	organelle disassembly	BP	5	42	6.438551	0.704976
GO:1903018	regulation of glycoprotein metabolic process	BP	7	16	7.403632	0.687021
GO:1903034	regulation of response to wounding	BP	5	51	6.244395	0.605352
GO:1903035	negative regulation of response to wounding	BP	6	23	7.040727	0.691212
GO:1903036	positive regulation of response to wounding	BP	6	23	7.040727	0.710028
GO:1903037	regulation of leukocyte cell-cell adhesion	BP	6	173	5.022929	0.536199
GO:1903038	negative regulation of leukocyte cell-cell adhesion	BP	7	33	6.679713	0.620832
GO:1903039	positive regulation of leukocyte cell-cell adhesion	BP	7	149	5.172275	0.609000
GO:1903046	meiotic cell cycle process	BP	3	133	5.285872	0.502054
GO:1903047	mitotic cell cycle process	BP	3	245	4.674963	0.533573
GO:1903050	regulation of proteolysis involved in protein catabolic process	BP	8	42	6.438551	0.687021
GO:1903051	negative regulation of proteolysis involved in protein catabolic process	BP	9	13	7.611272	0.795214
GO:1903052	positive regulation of proteolysis involved in protein catabolic process	BP	9	19	7.231782	0.795214
GO:1903053	regulation of extracellular matrix organization	BP	5	3	9.077609	0.710028
GO:1903076	regulation of protein localization to plasma membrane	BP	6	45	6.369558	0.747400
GO:1903078	positive regulation of protein localization to plasma membrane	BP	7	34	6.649860	0.863476
GO:1903115	regulation of actin filament-based movement	BP	5	2	9.483074	0.675422
GO:1903131	mononuclear cell differentiation	BP	5	127	5.332034	0.588901
GO:1903146	regulation of autophagy of mitochondrion	BP	7	9	7.978996	0.783614
GO:1903169	regulation of calcium ion transmembrane transport	BP	8	46	6.347580	0.636714
GO:1903214	regulation of protein targeting to mitochondrion	BP	7	2	9.483074	0.823545
GO:1903305	regulation of regulated secretory pathway	BP	8	36	6.592702	0.625115
GO:1903307	positive regulation of regulated secretory pathway	BP	9	28	6.844016	0.726952
GO:1903311	regulation of mRNA metabolic process	BP	8	188	4.939779	0.584457
GO:1903312	negative regulation of mRNA metabolic process	BP	9	128	5.324191	0.726952
GO:1903313	positive regulation of mRNA metabolic process	BP	9	26	6.918124	0.668384
GO:1903317	regulation of protein maturation	BP	8	58	6.115778	0.616728
GO:1903320	regulation of protein modification by small protein conjugation or removal	BP	9	84	5.745404	0.622950
GO:1903321	negative regulation of protein modification by small protein conjugation or removal	BP	10	50	6.264198	0.726952
GO:1903322	positive regulation of protein modification by small protein conjugation or removal	BP	10	18	7.285849	0.733308
GO:1903338	regulation of cell wall organization or biogenesis	BP	4	11	7.778326	0.733308
GO:1903409	reactive oxygen species biosynthetic process	BP	4	16	7.403632	0.891807
GO:1903421	regulation of synaptic vesicle recycling	BP	5	2	9.483074	0.795214
GO:1903426	regulation of reactive oxygen species biosynthetic process	BP	6	29	6.808925	0.823545
GO:1903429	regulation of cell maturation	BP	6	6	8.384461	0.695590
GO:1903432	regulation of TORC1 signaling	BP	8	42	6.438551	0.891807
GO:1903436	regulation of mitotic cytokinetic process	BP	8	0		0.700171
GO:1903509	liposaccharide metabolic process	BP	5	167	5.058227	0.610876
GO:1903522	regulation of blood circulation	BP	5	96	5.611873	0.561330
GO:1903524	positive regulation of blood circulation	BP	6	56	6.150869	0.687021
GO:1903530	regulation of secretion by cell	BP	6	438	4.094002	0.457828
GO:1903531	negative regulation of secretion by cell	BP	7	110	5.475741	0.568452
GO:1903532	positive regulation of secretion by cell	BP	7	267	4.588972	0.563647
GO:1903533	regulation of protein targeting	BP	6	18	7.285849	0.720981
GO:1903539	protein localization to postsynaptic membrane	BP	7	0		0.841500
GO:1903555	regulation of tumor necrosis factor superfamily cytokine production	BP	9	66	5.986566	0.733308
GO:1903556	negative regulation of tumor necrosis factor superfamily cytokine production	BP	10	32	6.710485	0.841500
GO:1903557	positive regulation of tumor necrosis factor superfamily cytokine production	BP	10	31	6.742234	0.841500
GO:1903573	negative regulation of response to endoplasmic reticulum stress	BP	7	11	7.778326	0.795214
GO:1903578	regulation of ATP metabolic process	BP	9	16	7.403632	0.740102
GO:1903580	positive regulation of ATP metabolic process	BP	10	3	9.077609	0.863476
GO:1903664	regulation of asexual reproduction	BP	4	57	6.133170	0.652719
GO:1903670	regulation of sprouting angiogenesis	BP	7	32	6.710485	0.863476
GO:1903684	regulation of border follicle cell migration	BP	7	0		0.891807
GO:1903688	positive regulation of border follicle cell migration	BP	8	0		1.000000
GO:1903706	regulation of hemopoiesis	BP	6	129	5.316409	0.509885
GO:1903707	negative regulation of hemopoiesis	BP	7	73	5.885762	0.627328
GO:1903708	positive regulation of hemopoiesis	BP	7	34	6.649860	0.631909
GO:1903715	regulation of aerobic respiration	BP	7	4	8.789927	0.795214
GO:1903725	regulation of phospholipid metabolic process	BP	7	10	7.873636	0.610876
GO:1903747	regulation of establishment of protein localization to mitochondrion	BP	6	2	9.483074	0.783614
GO:1903825	organic acid transmembrane transport	BP	5	51	6.244395	0.508535
GO:1903828	negative regulation of protein localization	BP	5	83	5.757380	0.588901
GO:1903829	positive regulation of protein localization	BP	5	263	4.604067	0.581602
GO:1903844	regulation of cellular response to transforming growth factor beta stimulus	BP	5	38	6.538635	0.808364
GO:1903846	positive regulation of cellular response to transforming growth factor beta stimulus	BP	6	30	6.775024	0.931738
GO:1903900	regulation of viral life cycle	BP	4	76	5.845488	0.687021
GO:1903998	regulation of eating behavior	BP	6	0		0.823545
GO:1904018	positive regulation of vasculature development	BP	6	120	5.388729	0.841500
GO:1904035	regulation of epithelial cell apoptotic process	BP	6	6	8.384461	0.700171
GO:1904062	regulation of monoatomic cation transmembrane transport	BP	7	128	5.324191	0.529345
GO:1904063	negative regulation of cation transmembrane transport	BP	8	27	6.880384	0.649865
GO:1904064	positive regulation of cation transmembrane transport	BP	8	68	5.956713	0.647090
GO:1904262	negative regulation of TORC1 signaling	BP	9	10	7.873636	1.000000
GO:1904263	positive regulation of TORC1 signaling	BP	9	30	6.775024	1.000000
GO:1904356	regulation of telomere maintenance via telomere lengthening	BP	9	0		0.823545
GO:1904375	regulation of protein localization to cell periphery	BP	5	49	6.284401	0.647090
GO:1904377	positive regulation of protein localization to cell periphery	BP	6	37	6.565303	0.763852
GO:1904396	regulation of neuromuscular junction development	BP	6	28	6.844016	0.823545
GO:1904397	negative regulation of neuromuscular junction development	BP	7	28	6.844016	0.931738
GO:1904398	positive regulation of neuromuscular junction development	BP	7	0		0.931738
GO:1904407	positive regulation of nitric oxide metabolic process	BP	6	13	7.611272	0.931738
GO:1904427	positive regulation of calcium ion transmembrane transport	BP	9	21	7.131699	0.763852
GO:1904580	regulation of intracellular mRNA localization	BP	4	1	10.176221	0.783614
GO:1904645	response to amyloid-beta	BP	4	0		0.931738
GO:1904646	cellular response to amyloid-beta	BP	5	0		1.000000
GO:1904659	D-glucose transmembrane transport	BP	8	14	7.537164	0.841500
GO:1904705	regulation of vascular associated smooth muscle cell proliferation	BP	6	11	7.778326	0.891807
GO:1904748	regulation of apoptotic process involved in development	BP	6	4	8.789927	0.636714
GO:1904888	cranial skeletal system development	BP	3	0		1.000000
GO:1904892	regulation of receptor signaling pathway via STAT	BP	6	72	5.899555	0.808364
GO:1904893	negative regulation of receptor signaling pathway via STAT	BP	7	4	8.789927	0.891807
GO:1904894	positive regulation of receptor signaling pathway via STAT	BP	7	67	5.971528	0.931738
GO:1904950	negative regulation of establishment of protein localization	BP	6	84	5.745404	0.655659
GO:1904951	positive regulation of establishment of protein localization	BP	6	208	4.838683	0.647090
GO:1905037	autophagosome organization	BP	6	18	7.285849	0.823545
GO:1905038	regulation of membrane lipid metabolic process	BP	7	5	8.566783	0.740102
GO:1905039	carboxylic acid transmembrane transport	BP	6	51	6.244395	0.510566
GO:1905153	regulation of membrane invagination	BP	5	3	9.077609	0.783614
GO:1905168	positive regulation of double-strand break repair via homologous recombination	BP	11	10	7.873636	1.000000
GO:1905207	regulation of cardiocyte differentiation	BP	5	62	6.049087	0.679138
GO:1905330	regulation of morphogenesis of an epithelium	BP	5	47	6.326073	0.585916
GO:1905332	positive regulation of morphogenesis of an epithelium	BP	6	26	6.918124	0.687021
GO:1905392	plant organ morphogenesis	BP	3	14	7.537164	0.691212
GO:1905393	plant organ formation	BP	3	18	7.285849	0.763852
GO:1905421	regulation of plant organ morphogenesis	BP	5	0		0.773238
GO:1905475	regulation of protein localization to membrane	BP	5	66	5.986566	0.634282
GO:1905477	positive regulation of protein localization to membrane	BP	6	42	6.438551	0.755283
GO:1905508	protein localization to microtubule organizing center	BP	7	34	6.649860	0.755283
GO:1905515	non-motile cilium assembly	BP	8	0		1.000000
GO:1905521	regulation of macrophage migration	BP	8	31	6.742234	0.783614
GO:1905523	positive regulation of macrophage migration	BP	9	27	6.880384	0.891807
GO:1905606	regulation of presynapse assembly	BP	7	0		0.841500
GO:1905770	regulation of mesodermal cell differentiation	BP	5	0		0.655659
GO:1905809	negative regulation of synapse organization	BP	6	41	6.462649	0.740102
GO:1905818	regulation of chromosome separation	BP	7	29	6.808925	0.647090
GO:1905819	negative regulation of chromosome separation	BP	8	12	7.691314	0.755283
GO:1905820	positive regulation of chromosome separation	BP	8	2	9.483074	0.763852
GO:1905897	regulation of response to endoplasmic reticulum stress	BP	6	18	7.285849	0.687021
GO:1905898	positive regulation of response to endoplasmic reticulum stress	BP	7	6	8.384461	0.808364
GO:1905952	regulation of lipid localization	BP	4	123	5.364037	0.516922
GO:1905953	negative regulation of lipid localization	BP	5	16	7.403632	0.625115
GO:1905954	positive regulation of lipid localization	BP	5	98	5.591253	0.620832
GO:1905957	regulation of cellular response to alcohol	BP	5	6	8.384461	0.783614
GO:1905958	negative regulation of cellular response to alcohol	BP	6	4	8.789927	0.891807
GO:1990089	response to nerve growth factor	BP	4	3	9.077609	0.891807
GO:1990090	cellular response to nerve growth factor stimulus	BP	5	3	9.077609	0.931738
GO:1990138	neuron projection extension	BP	4	7	8.230311	0.808364
GO:1990266	neutrophil migration	BP	7	49	6.284401	0.863476
GO:1990542	mitochondrial transmembrane transport	BP	6	11	7.778326	0.747400
GO:1990748	cellular detoxification	BP	2	214	4.810245	0.704976
GO:1990776	response to angiotensin	BP	5	0		0.931738
GO:1990778	protein localization to cell periphery	BP	4	66	5.986566	0.629592
GO:1990823	response to leukemia inhibitory factor	BP	5	0		0.931738
GO:1990830	cellular response to leukemia inhibitory factor	BP	6	0		1.000000
GO:1990849	vacuolar localization	BP	3	24	6.998167	0.808364
GO:1990928	response to amino acid starvation	BP	4	14	7.537164	0.891807
GO:1990961	xenobiotic detoxification by transmembrane export across the plasma membrane	BP	6	8	8.096779	1.000000
GO:2000008	regulation of protein localization to cell surface	BP	5	11	7.778326	0.891807
GO:2000026	regulation of multicellular organismal development	BP	4	862	3.416966	0.391792
GO:2000027	regulation of animal organ morphogenesis	BP	5	94	5.632926	0.554688
GO:2000028	regulation of photoperiodism, flowering	BP	4	30	6.775024	0.808364
GO:2000030	regulation of response to red or far red light	BP	4	2	9.483074	0.773238
GO:2000036	regulation of stem cell population maintenance	BP	4	19	7.231782	0.733308
GO:2000045	regulation of G1/S transition of mitotic cell cycle	BP	8	45	6.369558	0.808364
GO:2000058	regulation of ubiquitin-dependent protein catabolic process	BP	9	23	7.040727	0.755283
GO:2000059	negative regulation of ubiquitin-dependent protein catabolic process	BP	10	9	7.978996	0.863476
GO:2000060	positive regulation of ubiquitin-dependent protein catabolic process	BP	10	13	7.611272	0.863476
GO:2000070	regulation of response to water deprivation	BP	5	21	7.131699	0.891807
GO:2000104	negative regulation of DNA-templated DNA replication	BP	10	4	8.789927	0.726952
GO:2000105	positive regulation of DNA-templated DNA replication	BP	10	7	8.230311	0.795214
GO:2000106	regulation of leukocyte apoptotic process	BP	6	76	5.845488	0.607159
GO:2000107	negative regulation of leukocyte apoptotic process	BP	7	30	6.775024	0.715352
GO:2000114	regulation of establishment of cell polarity	BP	5	9	7.978996	0.755283
GO:2000134	negative regulation of G1/S transition of mitotic cell cycle	BP	9	26	6.918124	0.863476
GO:2000142	regulation of DNA-templated transcription initiation	BP	10	23	7.040727	0.763852
GO:2000144	positive regulation of DNA-templated transcription initiation	BP	11	18	7.285849	0.891807
GO:2000145	regulation of cell motility	BP	4	621	3.744890	0.463174
GO:2000146	negative regulation of cell motility	BP	5	176	5.005737	0.573504
GO:2000147	positive regulation of cell motility	BP	5	417	4.143135	0.576130
GO:2000177	regulation of neural precursor cell proliferation	BP	5	11	7.778326	0.715352
GO:2000178	negative regulation of neural precursor cell proliferation	BP	6	2	9.483074	0.823545
GO:2000179	positive regulation of neural precursor cell proliferation	BP	6	2	9.483074	0.823545
GO:2000181	negative regulation of blood vessel morphogenesis	BP	7	52	6.224977	0.773238
GO:2000191	regulation of fatty acid transport	BP	6	8	8.096779	0.700171
GO:2000241	regulation of reproductive process	BP	3	264	4.600272	0.426830
GO:2000242	negative regulation of reproductive process	BP	4	75	5.858733	0.541672
GO:2000243	positive regulation of reproductive process	BP	4	132	5.293419	0.532713
GO:2000252	negative regulation of feeding behavior	BP	6	0		0.891807
GO:2000253	positive regulation of feeding behavior	BP	6	4	8.789927	0.891807
GO:2000278	regulation of DNA biosynthetic process	BP	8	12	7.691314	0.726952
GO:2000280	regulation of root development	BP	4	8	8.096779	0.841500
GO:2000300	regulation of synaptic vesicle exocytosis	BP	9	4	8.789927	0.773238
GO:2000351	regulation of endothelial cell apoptotic process	BP	6	32	6.710485	0.891807
GO:2000369	regulation of clathrin-dependent endocytosis	BP	8	0		0.891807
GO:2000377	regulation of reactive oxygen species metabolic process	BP	5	156	5.126365	0.691212
GO:2000378	negative regulation of reactive oxygen species metabolic process	BP	6	12	7.691314	0.795214
GO:2000379	positive regulation of reactive oxygen species metabolic process	BP	6	128	5.324191	0.808364
GO:2000401	regulation of lymphocyte migration	BP	8	66	5.986566	0.649865
GO:2000403	positive regulation of lymphocyte migration	BP	9	42	6.438551	0.755283
GO:2000404	regulation of T cell migration	BP	9	54	6.187237	0.691212
GO:2000463	positive regulation of excitatory postsynaptic potential	BP	8	6	8.384461	0.931738
GO:2000514	regulation of CD4-positive, alpha-beta T cell activation	BP	9	15	7.468171	0.639208
GO:2000573	positive regulation of DNA biosynthetic process	BP	9	4	8.789927	0.823545
GO:2000628	regulation of miRNA metabolic process	BP	8	4	8.789927	0.783614
GO:2000630	positive regulation of miRNA metabolic process	BP	9	2	9.483074	0.891807
GO:2000648	positive regulation of stem cell proliferation	BP	6	3	9.077609	0.891807
GO:2000649	regulation of sodium ion transmembrane transporter activity	BP	9	48	6.305020	0.773238
GO:2000736	regulation of stem cell differentiation	BP	5	65	6.001834	0.679138
GO:2000737	negative regulation of stem cell differentiation	BP	6	10	7.873636	0.783614
GO:2000738	positive regulation of stem cell differentiation	BP	6	54	6.187237	0.795214
GO:2000765	regulation of cytoplasmic translation	BP	10	15	7.468171	0.700171
GO:2000772	regulation of cellular senescence	BP	4	7	8.230311	0.891807
GO:2000779	regulation of double-strand break repair	BP	9	49	6.284401	0.747400
GO:2000780	negative regulation of double-strand break repair	BP	10	7	8.230311	0.841500
GO:2000781	positive regulation of double-strand break repair	BP	10	16	7.403632	0.891807
GO:2000785	regulation of autophagosome assembly	BP	7	9	7.978996	0.891807
GO:2000816	negative regulation of mitotic sister chromatid separation	BP	10	9	7.978996	0.863476
GO:2000831	regulation of steroid hormone secretion	BP	8	51	6.244395	0.636714
GO:2000895	hemicellulose catabolic process	BP	7	89	5.687585	0.823545
GO:2001057	reactive nitrogen species metabolic process	BP	3	17	7.343008	0.808364
GO:2001135	regulation of endocytic recycling	BP	6	6	8.384461	0.808364
GO:2001141	regulation of RNA biosynthetic process	BP	8	2024	2.563390	0.519135
GO:2001222	regulation of neuron migration	BP	6	10	7.873636	0.783614
GO:2001233	regulation of apoptotic signaling pathway	BP	6	104	5.531830	0.600122
GO:2001234	negative regulation of apoptotic signaling pathway	BP	7	57	6.133170	0.691212
GO:2001235	positive regulation of apoptotic signaling pathway	BP	7	45	6.369558	0.726952
GO:2001236	regulation of extrinsic apoptotic signaling pathway	BP	7	30	6.775024	0.747400
GO:2001237	negative regulation of extrinsic apoptotic signaling pathway	BP	8	18	7.285849	0.841500
GO:2001238	positive regulation of extrinsic apoptotic signaling pathway	BP	8	8	8.096779	0.863476
GO:2001239	regulation of extrinsic apoptotic signaling pathway in absence of ligand	BP	8	11	7.778326	0.891807
GO:2001242	regulation of intrinsic apoptotic signaling pathway	BP	7	54	6.187237	0.639208
GO:2001243	negative regulation of intrinsic apoptotic signaling pathway	BP	8	19	7.231782	0.740102
GO:2001244	positive regulation of intrinsic apoptotic signaling pathway	BP	8	37	6.565303	0.763852
GO:2001251	negative regulation of chromosome organization	BP	7	12	7.691314	0.665046
GO:2001252	positive regulation of chromosome organization	BP	7	8	8.096779	0.641766
GO:2001257	regulation of cation channel activity	BP	8	30	6.775024	0.658690
GO:0000118	histone deacetylase complex	CC	3	17	7.157690	0.711339
GO:0000123	histone acetyltransferase complex	CC	6	49	6.099083	0.639371
GO:0000124	SAGA complex	CC	8	37	6.379985	1.000000
GO:0000131	incipient cellular bud site	CC	3	0		1.000000
GO:0000137	Golgi cis cisterna	CC	5	1	9.990903	1.000000
GO:0000138	Golgi trans cisterna	CC	5	2	9.297756	1.000000
GO:0000139	Golgi membrane	CC	5	111	5.281373	1.000000
GO:0000145	exocyst	CC	3	3	8.892291	1.000000
GO:0000151	ubiquitin ligase complex	CC	4	76	5.660170	0.522053
GO:0000152	nuclear ubiquitin ligase complex	CC	5	19	7.046464	0.735496
GO:0000176	nuclear exosome (RNase complex)	CC	5	2	9.297756	0.916558
GO:0000178	exosome (RNase complex)	CC	4	11	7.593008	0.806254
GO:0000228	nuclear chromosome	CC	6	18	7.100531	0.867748
GO:0000307	cyclin-dependent protein kinase holoenzyme complex	CC	7	27	6.695066	0.598866
GO:0000314	organellar small ribosomal subunit	CC	5	13	7.425954	0.833117
GO:0000315	organellar large ribosomal subunit	CC	5	30	6.589706	0.833117
GO:0000322	storage vacuole	CC	6	30	6.589706	0.833117
GO:0000323	lytic vacuole	CC	6	204	4.672783	0.666233
GO:0000324	fungal-type vacuole	CC	7	13	7.425954	1.000000
GO:0000325	plant-type vacuole	CC	6	29	6.623607	0.833117
GO:0000329	fungal-type vacuole membrane	CC	7	6	8.199144	1.000000
GO:0000407	phagophore assembly site	CC	2	5	8.381465	1.000000
GO:0000421	autophagosome membrane	CC	6	5	8.381465	0.916558
GO:0000428	DNA-directed RNA polymerase complex	CC	6	49	6.099083	0.682308
GO:0000502	proteasome complex	CC	5	11	7.593008	0.806254
GO:0000775	chromosome, centromeric region	CC	3	14	7.351846	0.916558
GO:0000776	kinetochore	CC	5	44	6.206713	1.000000
GO:0000779	condensed chromosome, centromeric region	CC	4	2	9.297756	1.000000
GO:0000781	chromosome, telomeric region	CC	3	24	6.812849	0.867748
GO:0000785	chromatin	CC	2	176	4.820419	0.645546
GO:0000786	nucleosome	CC	3	34	6.464542	0.867748
GO:0000791	euchromatin	CC	3	9	7.793678	1.000000
GO:0000792	heterochromatin	CC	3	30	6.589706	0.691229
GO:0000793	condensed chromosome	CC	6	11	7.593008	0.916558
GO:0000794	condensed nuclear chromosome	CC	7	10	7.688318	1.000000
GO:0000795	synaptonemal complex	CC	3	6	8.199144	1.000000
GO:0000803	sex chromosome	CC	6	1	9.990903	0.735496
GO:0000922	spindle pole	CC	2	48	6.119702	0.867748
GO:0000932	P-body	CC	7	68	5.771395	1.000000
GO:0000935	division septum	CC	3	7	8.044993	0.867748
GO:0000940	outer kinetochore	CC	2	4	8.604609	0.916558
GO:0000974	Prp19 complex	CC	2	14	7.351846	1.000000
GO:0001411	hyphal tip	CC	4	33	6.494395	1.000000
GO:0001533	cornified envelope	CC	4	10	7.688318	1.000000
GO:0001650	fibrillar center	CC	2	1	9.990903	1.000000
GO:0001669	acrosomal vesicle	CC	9	25	6.772027	1.000000
GO:0001673	male germ cell nucleus	CC	7	9	7.793678	1.000000
GO:0001725	stress fiber	CC	4	161	4.909499	1.000000
GO:0001726	ruffle	CC	4	12	7.505996	1.000000
GO:0001750	photoreceptor outer segment	CC	2	71	5.728223	0.867748
GO:0001772	immunological synapse	CC	2	6	8.199144	1.000000
GO:0001891	phagocytic cup	CC	2	22	6.899861	1.000000
GO:0001917	photoreceptor inner segment	CC	2	6	8.199144	1.000000
GO:0005575	cellular_component	CC	0	21827	0.000000	0.000000
GO:0005576	extracellular region	CC	2	1923	2.429261	0.806254
GO:0005581	collagen trimer	CC	2	3	8.892291	0.572004
GO:0005604	basement membrane	CC	4	27	6.695066	1.000000
GO:0005615	extracellular space	CC	2	1560	2.638462	1.000000
GO:0005618	cell wall	CC	3	896	3.192963	0.666233
GO:0005622	intracellular anatomical structure	CC	2	29	6.623607	0.603244
GO:0005628	prospore membrane	CC	3	0		1.000000
GO:0005634	nucleus	CC	5	3033	1.973596	0.639371
GO:0005635	nuclear envelope	CC	3	64	5.832020	1.000000
GO:0005637	nuclear inner membrane	CC	5	5	8.381465	1.000000
GO:0005640	nuclear outer membrane	CC	6	8	7.911461	1.000000
GO:0005643	nuclear pore	CC	3	27	6.695066	1.000000
GO:0005652	nuclear lamina	CC	2	6	8.199144	1.000000
GO:0005654	nucleoplasm	CC	2	191	4.738630	1.000000
GO:0005657	replication fork	CC	2	10	7.688318	0.867748
GO:0005665	RNA polymerase II, core complex	CC	8	6	8.199144	1.000000
GO:0005667	transcription regulator complex	CC	2	147	5.000470	0.465190
GO:0005669	transcription factor TFIID complex	CC	4	13	7.425954	0.916558
GO:0005680	anaphase-promoting complex	CC	6	10	7.688318	1.000000
GO:0005681	spliceosomal complex	CC	3	43	6.229703	0.617423
GO:0005684	U2-type spliceosomal complex	CC	4	38	6.353317	0.749675
GO:0005685	U1 snRNP	CC	5	10	7.688318	1.000000
GO:0005686	U2 snRNP	CC	5	2	9.297756	1.000000
GO:0005694	chromosome	CC	5	65	5.816516	0.652054
GO:0005697	telomerase holoenzyme complex	CC	3	15	7.282853	0.916558
GO:0005700	polytene chromosome	CC	6	1	9.990903	1.000000
GO:0005705	polytene chromosome interband	CC	3	0		1.000000
GO:0005721	pericentric heterochromatin	CC	4	6	8.199144	0.867748
GO:0005730	nucleolus	CC	5	232	4.544166	1.000000
GO:0005732	sno(s)RNA-containing ribonucleoprotein complex	CC	3	16	7.218314	0.711339
GO:0005736	RNA polymerase I complex	CC	8	1	9.990903	1.000000
GO:0005737	cytoplasm	CC	2	3348	1.874785	0.594642
GO:0005739	mitochondrion	CC	5	722	3.408878	1.000000
GO:0005741	mitochondrial outer membrane	CC	6	68	5.771395	1.000000
GO:0005742	mitochondrial outer membrane translocase complex	CC	4	1	9.990903	0.867748
GO:0005743	mitochondrial inner membrane	CC	5	705	3.432705	1.000000
GO:0005758	mitochondrial intermembrane space	CC	6	20	6.995171	1.000000
GO:0005759	mitochondrial matrix	CC	5	87	5.524995	1.000000
GO:0005762	mitochondrial large ribosomal subunit	CC	6	30	6.589706	1.000000
GO:0005763	mitochondrial small ribosomal subunit	CC	6	13	7.425954	1.000000
GO:0005764	lysosome	CC	7	188	4.754461	0.711339
GO:0005765	lysosomal membrane	CC	7	56	5.965551	0.784306
GO:0005767	secondary lysosome	CC	8	8	7.911461	0.833117
GO:0005768	endosome	CC	7	259	4.434075	0.658935
GO:0005769	early endosome	CC	8	123	5.178719	0.916558
GO:0005770	late endosome	CC	8	68	5.771395	0.916558
GO:0005771	multivesicular body	CC	9	8	7.911461	1.000000
GO:0005773	vacuole	CC	5	267	4.403654	0.612509
GO:0005774	vacuolar membrane	CC	5	110	5.290423	0.682308
GO:0005775	vacuolar lumen	CC	5	21	6.946381	0.700865
GO:0005776	autophagosome	CC	6	8	7.911461	0.916558
GO:0005777	peroxisome	CC	6	135	5.085628	0.722813
GO:0005778	peroxisomal membrane	CC	7	44	6.206713	0.867748
GO:0005782	peroxisomal matrix	CC	6	30	6.589706	0.867748
GO:0005783	endoplasmic reticulum	CC	5	445	3.892829	0.784306
GO:0005788	endoplasmic reticulum lumen	CC	5	32	6.525167	0.749675
GO:0005789	endoplasmic reticulum membrane	CC	4	358	4.110370	0.749675
GO:0005793	endoplasmic reticulum-Golgi intermediate compartment	CC	5	14	7.351846	1.000000
GO:0005794	Golgi apparatus	CC	5	216	4.615625	0.916558
GO:0005795	Golgi stack	CC	4	3	8.892291	1.000000
GO:0005796	Golgi lumen	CC	5	7	8.044993	0.867748
GO:0005797	Golgi medial cisterna	CC	5	3	8.892291	1.000000
GO:0005798	Golgi-associated vesicle	CC	7	26	6.732806	0.806254
GO:0005801	cis-Golgi network	CC	5	36	6.407384	1.000000
GO:0005802	trans-Golgi network	CC	4	54	6.001919	1.000000
GO:0005811	lipid droplet	CC	5	39	6.327341	0.867748
GO:0005813	centrosome	CC	3	126	5.154621	0.916558
GO:0005814	centriole	CC	5	42	6.253233	1.000000
GO:0005815	microtubule organizing center	CC	2	224	4.579257	0.639371
GO:0005816	spindle pole body	CC	3	30	6.589706	0.806254
GO:0005819	spindle	CC	5	85	5.548252	0.867748
GO:0005826	actomyosin contractile ring	CC	3	2	9.297756	0.806254
GO:0005828	kinetochore microtubule	CC	8	0		0.916558
GO:0005829	cytosol	CC	2	1486	2.687060	0.833117
GO:0005832	chaperonin-containing T-complex	CC	4	17	7.157690	1.000000
GO:0005834	heterotrimeric G-protein complex	CC	4	4	8.604609	1.000000
GO:0005838	proteasome regulatory particle	CC	2	10	7.688318	0.867748
GO:0005839	proteasome core complex	CC	3	14	7.351846	0.867748
GO:0005840	ribosome	CC	5	108	5.308772	0.784306
GO:0005847	mRNA cleavage and polyadenylation specificity factor complex	CC	4	7	8.044993	1.000000
GO:0005849	mRNA cleavage factor complex	CC	3	9	7.793678	0.867748
GO:0005852	eukaryotic translation initiation factor 3 complex	CC	2	64	5.832020	0.867748
GO:0005856	cytoskeleton	CC	5	462	3.855338	0.544456
GO:0005871	kinesin complex	CC	3	2	9.297756	0.806254
GO:0005874	microtubule	CC	6	83	5.572062	0.622546
GO:0005875	microtubule associated complex	CC	2	59	5.913366	0.666233
GO:0005876	spindle microtubule	CC	7	12	7.505996	0.735496
GO:0005879	axonemal microtubule	CC	8	19	7.046464	0.806254
GO:0005881	cytoplasmic microtubule	CC	7	43	6.229703	0.711339
GO:0005882	intermediate filament	CC	6	26	6.732806	0.784306
GO:0005884	actin filament	CC	6	32	6.525167	0.867748
GO:0005885	Arp2/3 protein complex	CC	2	5	8.381465	1.000000
GO:0005886	plasma membrane	CC	3	3621	1.796398	0.806254
GO:0005891	voltage-gated calcium channel complex	CC	7	22	6.899861	0.806254
GO:0005892	acetylcholine-gated channel complex	CC	5	11	7.593008	1.000000
GO:0005901	caveola	CC	6	89	5.502267	1.000000
GO:0005902	microvillus	CC	5	29	6.623607	0.867748
GO:0005903	brush border	CC	3	70	5.742408	1.000000
GO:0005905	clathrin-coated pit	CC	3	3	8.892291	1.000000
GO:0005911	cell-cell junction	CC	4	268	4.399916	0.594642
GO:0005912	adherens junction	CC	5	163	4.897153	0.833117
GO:0005918	septate junction	CC	6	0		0.867748
GO:0005921	gap junction	CC	5	6	8.199144	1.000000
GO:0005923	bicellular tight junction	CC	6	101	5.375782	0.916558
GO:0005925	focal adhesion	CC	5	374	4.066647	1.000000
GO:0005929	cilium	CC	4	210	4.643795	0.639371
GO:0005930	axoneme	CC	2	96	5.426555	1.000000
GO:0005933	cellular bud	CC	2	1	9.990903	1.000000
GO:0005934	cellular bud tip	CC	3	1	9.990903	1.000000
GO:0005935	cellular bud neck	CC	3	2	9.297756	1.000000
GO:0005938	cell cortex	CC	3	22	6.899861	0.658935
GO:0005940	septin ring	CC	7	3	8.892291	0.749675
GO:0005942	phosphatidylinositol 3-kinase complex	CC	5	2	9.297756	0.749675
GO:0008021	synaptic vesicle	CC	9	30	6.589706	0.833117
GO:0008023	transcription elongation factor complex	CC	3	11	7.593008	0.711339
GO:0008076	voltage-gated potassium channel complex	CC	7	38	6.353317	0.666233
GO:0008180	COP9 signalosome	CC	3	7	8.044993	1.000000
GO:0008287	protein serine/threonine phosphatase complex	CC	4	40	6.302024	0.691229
GO:0008305	integrin complex	CC	5	8	7.911461	0.612509
GO:0008328	ionotropic glutamate receptor complex	CC	6	19	7.046464	0.833117
GO:0009274	peptidoglycan-based cell wall	CC	4	796	3.311304	0.867748
GO:0009277	fungal-type cell wall	CC	4	38	6.353317	0.833117
GO:0009279	cell outer membrane	CC	4	92	5.469114	0.916558
GO:0009295	nucleoid	CC	2	57	5.947852	0.784306
GO:0009505	plant-type cell wall	CC	4	27	6.695066	0.867748
GO:0009506	plasmodesma	CC	5	9	7.793678	0.867748
GO:0009507	chloroplast	CC	6	125	5.162589	1.000000
GO:0009524	phragmoplast	CC	2	8	7.911461	1.000000
GO:0009526	plastid envelope	CC	3	6	8.199144	0.784306
GO:0009527	plastid outer membrane	CC	6	5	8.381465	0.833117
GO:0009528	plastid inner membrane	CC	5	4	8.604609	0.806254
GO:0009532	plastid stroma	CC	2	32	6.525167	0.735496
GO:0009534	chloroplast thylakoid	CC	7	1	9.990903	0.867748
GO:0009535	chloroplast thylakoid membrane	CC	6	24	6.812849	1.000000
GO:0009536	plastid	CC	5	610	3.577444	0.691229
GO:0009543	chloroplast thylakoid lumen	CC	4	0		1.000000
GO:0009570	chloroplast stroma	CC	3	30	6.589706	1.000000
GO:0009579	thylakoid	CC	5	5	8.381465	0.735496
GO:0009705	plant-type vacuole membrane	CC	6	28	6.658699	0.916558
GO:0009706	chloroplast inner membrane	CC	6	4	8.604609	1.000000
GO:0009897	external side of plasma membrane	CC	3	92	5.469114	0.867748
GO:0009898	cytoplasmic side of plasma membrane	CC	4	42	6.253233	0.833117
GO:0009925	basal plasma membrane	CC	4	37	6.379985	1.000000
GO:0009941	chloroplast envelope	CC	4	6	8.199144	1.000000
GO:0009986	cell surface	CC	2	291	4.317580	1.000000
GO:0010008	endosome membrane	CC	6	86	5.536556	0.711339
GO:0010287	plastoglobule	CC	2	5	8.381465	1.000000
GO:0010369	chromocenter	CC	5	2	9.297756	0.867748
GO:0010494	cytoplasmic stress granule	CC	7	31	6.556916	1.000000
GO:0012505	endomembrane system	CC	2	12	7.505996	1.000000
GO:0012506	vesicle membrane	CC	4	178	4.809119	0.492052
GO:0012507	ER to Golgi transport vesicle membrane	CC	7	1	9.990903	1.000000
GO:0014069	postsynaptic density	CC	4	41	6.277331	0.916558
GO:0014704	intercalated disc	CC	6	20	6.995171	1.000000
GO:0015030	Cajal body	CC	7	10	7.688318	1.000000
GO:0015629	actin cytoskeleton	CC	6	60	5.896558	0.833117
GO:0015630	microtubule cytoskeleton	CC	6	53	6.020611	1.000000
GO:0015934	large ribosomal subunit	CC	4	59	5.913366	0.784306
GO:0015935	small ribosomal subunit	CC	4	76	5.660170	0.784306
GO:0016020	membrane	CC	2	6238	1.252488	0.351259
GO:0016234	inclusion body	CC	3	22	6.899861	0.645546
GO:0016235	aggresome	CC	4	4	8.604609	1.000000
GO:0016323	basolateral plasma membrane	CC	4	135	5.085628	1.000000
GO:0016324	apical plasma membrane	CC	4	255	4.449639	1.000000
GO:0016327	apicolateral plasma membrane	CC	4	6	8.199144	1.000000
GO:0016328	lateral plasma membrane	CC	2	114	5.254705	1.000000
GO:0016363	nuclear matrix	CC	2	10	7.688318	1.000000
GO:0016459	myosin complex	CC	2	11	7.593008	0.627898
GO:0016469	proton-transporting two-sector ATPase complex	CC	3	146	5.007296	0.765750
GO:0016514	SWI/SNF complex	CC	5	0		1.000000
GO:0016529	sarcoplasmic reticulum	CC	6	17	7.157690	1.000000
GO:0016581	NuRD complex	CC	6	5	8.381465	0.916558
GO:0016592	mediator complex	CC	3	14	7.351846	1.000000
GO:0016604	nuclear body	CC	5	113	5.263515	0.666233
GO:0016605	PML body	CC	6	30	6.589706	1.000000
GO:0016607	nuclear speck	CC	7	61	5.880029	0.916558
GO:0017053	transcription repressor complex	CC	3	17	7.157690	0.658935
GO:0018995	host cellular component	CC	3	596	3.600662	0.427759
GO:0019005	SCF ubiquitin ligase complex	CC	6	20	6.995171	0.645546
GO:0019866	organelle inner membrane	CC	4	713	3.421422	0.749675
GO:0019867	outer membrane	CC	3	209	4.648569	0.700865
GO:0019897	extrinsic component of plasma membrane	CC	3	12	7.505996	0.700865
GO:0019898	extrinsic component of membrane	CC	2	15	7.282853	0.547223
GO:0019908	nuclear cyclin-dependent protein kinase holoenzyme complex	CC	8	9	7.793678	0.784306
GO:0020002	host cell plasma membrane	CC	6	80	5.608876	1.000000
GO:0020011	apicoplast	CC	6	2	9.297756	1.000000
GO:0020015	glycosome	CC	7	25	6.772027	1.000000
GO:0020016	ciliary pocket	CC	2	6	8.199144	1.000000
GO:0020023	kinetoplast	CC	2	16	7.218314	0.916558
GO:0020036	Maurer's cleft	CC	7	0		1.000000
GO:0022625	cytosolic large ribosomal subunit	CC	5	21	6.946381	1.000000
GO:0022626	cytosolic ribosome	CC	6	43	6.229703	1.000000
GO:0022627	cytosolic small ribosomal subunit	CC	5	62	5.863769	1.000000
GO:0030016	myofibril	CC	6	33	6.494395	0.867748
GO:0030017	sarcomere	CC	2	10	7.688318	1.000000
GO:0030018	Z disc	CC	2	38	6.353317	1.000000
GO:0030027	lamellipodium	CC	4	327	4.200943	0.916558
GO:0030054	cell junction	CC	2	670	3.483625	0.481873
GO:0030055	cell-substrate junction	CC	4	375	4.063977	0.833117
GO:0030117	membrane coat	CC	3	7	8.044993	0.722813
GO:0030119	AP-type membrane coat adaptor complex	CC	3	3	8.892291	0.765750
GO:0030120	vesicle coat	CC	4	6	8.199144	0.765750
GO:0030131	clathrin adaptor complex	CC	4	2	9.297756	0.867748
GO:0030133	transport vesicle	CC	7	64	5.832020	0.674002
GO:0030134	COPII-coated ER to Golgi transport vesicle	CC	8	1	9.990903	1.000000
GO:0030135	coated vesicle	CC	7	23	6.855409	0.674002
GO:0030136	clathrin-coated vesicle	CC	8	21	6.946381	0.722813
GO:0030139	endocytic vesicle	CC	7	68	5.771395	0.700865
GO:0030141	secretory granule	CC	8	140	5.049261	0.627898
GO:0030175	filopodium	CC	5	227	4.565953	0.867748
GO:0030286	dynein complex	CC	3	30	6.589706	0.806254
GO:0030288	outer membrane-bounded periplasmic space	CC	3	89	5.502267	1.000000
GO:0030312	external encapsulating structure	CC	2	1127	2.963589	0.511200
GO:0030315	T-tubule	CC	2	31	6.556916	1.000000
GO:0030424	axon	CC	5	162	4.903307	0.749675
GO:0030425	dendrite	CC	5	168	4.866939	0.691229
GO:0030426	growth cone	CC	3	52	6.039659	0.867748
GO:0030427	site of polarized growth	CC	2	90	5.491093	0.682308
GO:0030428	cell septum	CC	2	59	5.913366	0.765750
GO:0030430	host cell cytoplasm	CC	6	181	4.792406	1.000000
GO:0030445	yeast-form cell wall	CC	5	1	9.990903	1.000000
GO:0030446	hyphal cell wall	CC	5	7	8.044993	1.000000
GO:0030479	actin cortical patch	CC	3	4	8.604609	1.000000
GO:0030496	midbody	CC	2	84	5.560086	1.000000
GO:0030532	small nuclear ribonucleoprotein complex	CC	3	28	6.658699	0.633498
GO:0030658	transport vesicle membrane	CC	6	30	6.589706	0.722813
GO:0030659	cytoplasmic vesicle membrane	CC	5	154	4.953950	0.493835
GO:0030662	coated vesicle membrane	CC	6	3	8.892291	0.691229
GO:0030665	clathrin-coated vesicle membrane	CC	7	1	9.990903	0.749675
GO:0030666	endocytic vesicle membrane	CC	6	6	8.199144	0.749675
GO:0030667	secretory granule membrane	CC	6	20	6.995171	0.666233
GO:0030669	clathrin-coated endocytic vesicle membrane	CC	8	1	9.990903	0.916558
GO:0030670	phagocytic vesicle membrane	CC	7	3	8.892291	0.833117
GO:0030672	synaptic vesicle membrane	CC	8	29	6.623607	1.000000
GO:0030684	preribosome	CC	3	63	5.847768	0.806254
GO:0030686	90S preribosome	CC	4	0		1.000000
GO:0030687	preribosome, large subunit precursor	CC	4	5	8.381465	1.000000
GO:0030863	cortical cytoskeleton	CC	6	129	5.131091	0.765750
GO:0030864	cortical actin cytoskeleton	CC	7	122	5.186882	0.916558
GO:0030880	RNA polymerase complex	CC	5	49	6.099083	0.645546
GO:0030964	NADH dehydrogenase complex	CC	4	421	3.948270	0.867748
GO:0030992	intraciliary transport particle B	CC	2	21	6.946381	1.000000
GO:0031010	ISWI-type complex	CC	5	0		0.711339
GO:0031011	Ino80 complex	CC	6	0		1.000000
GO:0031012	extracellular matrix	CC	3	235	4.531318	0.627898
GO:0031045	dense core granule	CC	9	11	7.593008	0.916558
GO:0031082	BLOC complex	CC	3	11	7.593008	0.833117
GO:0031090	organelle membrane	CC	3	1756	2.520109	0.400896
GO:0031093	platelet alpha granule lumen	CC	7	0		1.000000
GO:0031143	pseudopodium	CC	4	15	7.282853	1.000000
GO:0031201	SNARE complex	CC	3	13	7.425954	0.645546
GO:0031248	protein acetyltransferase complex	CC	5	51	6.059077	0.607787
GO:0031252	cell leading edge	CC	2	106	5.327464	0.806254
GO:0031253	cell projection membrane	CC	4	109	5.299555	0.622546
GO:0031256	leading edge membrane	CC	2	31	6.556916	0.749675
GO:0031261	DNA replication preinitiation complex	CC	3	4	8.604609	0.867748
GO:0031312	extrinsic component of organelle membrane	CC	3	2	9.297756	0.617423
GO:0031410	cytoplasmic vesicle	CC	6	641	3.527874	0.445625
GO:0031430	M band	CC	2	6	8.199144	1.000000
GO:0031461	cullin-RING ubiquitin ligase complex	CC	5	55	5.983570	0.590561
GO:0031463	Cul3-RING ubiquitin ligase complex	CC	6	9	7.793678	1.000000
GO:0031514	motile cilium	CC	5	136	5.078248	0.682308
GO:0031519	PcG protein complex	CC	3	34	6.464542	0.833117
GO:0031526	brush border membrane	CC	5	24	6.812849	1.000000
GO:0031594	neuromuscular junction	CC	4	45	6.184241	0.735496
GO:0031901	early endosome membrane	CC	7	25	6.772027	0.916558
GO:0031902	late endosome membrane	CC	7	20	6.995171	0.916558
GO:0031903	microbody membrane	CC	6	44	6.206713	0.833117
GO:0031907	microbody lumen	CC	5	30	6.589706	0.833117
GO:0031965	nuclear membrane	CC	4	63	5.847768	0.867748
GO:0031966	mitochondrial membrane	CC	4	798	3.308794	0.867748
GO:0031967	organelle envelope	CC	2	73	5.700444	0.722813
GO:0031968	organelle outer membrane	CC	5	105	5.336943	0.749675
GO:0031969	chloroplast membrane	CC	5	11	7.593008	0.867748
GO:0031970	organelle envelope lumen	CC	5	22	6.899861	0.765750
GO:0031974	membrane-enclosed lumen	CC	2	225	4.574803	0.465190
GO:0031976	plastid thylakoid	CC	6	1	9.990903	0.784306
GO:0031977	thylakoid lumen	CC	2	2	9.297756	0.784306
GO:0031978	plastid thylakoid lumen	CC	3	0		0.867748
GO:0031981	nuclear lumen	CC	5	16	7.218314	1.000000
GO:0031982	vesicle	CC	4	772	3.341918	0.431983
GO:0031983	vesicle lumen	CC	4	15	7.282853	0.590561
GO:0031984	organelle subcompartment	CC	2	89	5.502267	0.674002
GO:0031985	Golgi cisterna	CC	4	15	7.282853	0.833117
GO:0032010	phagolysosome	CC	9	6	8.199144	0.916558
GO:0032040	small-subunit processome	CC	4	57	5.947852	1.000000
GO:0032045	guanyl-nucleotide exchange factor complex	CC	3	23	6.855409	0.806254
GO:0032153	cell division site	CC	2	7	8.044993	1.000000
GO:0032154	cleavage furrow	CC	4	7	8.044993	1.000000
GO:0032156	septin cytoskeleton	CC	6	3	8.892291	0.633498
GO:0032391	photoreceptor connecting cilium	CC	3	3	8.892291	1.000000
GO:0032432	actin filament bundle	CC	2	168	4.866939	0.700865
GO:0032541	cortical endoplasmic reticulum	CC	5	1	9.990903	1.000000
GO:0032587	ruffle membrane	CC	5	18	7.100531	1.000000
GO:0032588	trans-Golgi network membrane	CC	4	16	7.218314	1.000000
GO:0032589	neuron projection membrane	CC	5	5	8.381465	0.806254
GO:0032806	carboxy-terminal domain protein kinase complex	CC	7	6	8.199144	0.806254
GO:0032809	neuronal cell body membrane	CC	3	6	8.199144	1.000000
GO:0032838	plasma membrane bounded cell projection cytoplasm	CC	4	48	6.119702	0.784306
GO:0032991	protein-containing complex	CC	1	4230	1.640946	0.081205
GO:0032993	protein-DNA complex	CC	2	260	4.430221	0.562104
GO:0033011	perinuclear theca	CC	6	0		1.000000
GO:0033116	endoplasmic reticulum-Golgi intermediate compartment membrane	CC	5	3	8.892291	1.000000
GO:0033176	proton-transporting V-type ATPase complex	CC	6	4	8.604609	0.833117
GO:0033643	host cell part	CC	4	570	3.645267	0.430913
GO:0033644	host cell membrane	CC	5	149	4.986957	0.586614
GO:0033646	host intracellular part	CC	5	433	3.920165	0.501246
GO:0033647	host intracellular organelle	CC	6	275	4.374132	0.607787
GO:0033648	host intracellular membrane-bounded organelle	CC	7	265	4.411173	0.633498
GO:0033655	host cell cytoplasm part	CC	6	134	5.093063	0.552957
GO:0034357	photosynthetic membrane	CC	3	36	6.407384	0.735496
GO:0034399	nuclear periphery	CC	2	20	6.995171	1.000000
GO:0034451	centriolar satellite	CC	2	4	8.604609	1.000000
GO:0034518	RNA cap binding complex	CC	3	3	8.892291	0.867748
GO:0034702	monoatomic ion channel complex	CC	4	261	4.426383	0.552957
GO:0034703	cation channel complex	CC	5	228	4.561557	0.579087
GO:0034704	calcium channel complex	CC	6	27	6.695066	0.765750
GO:0034705	potassium channel complex	CC	6	45	6.184241	0.639371
GO:0034708	methyltransferase complex	CC	4	50	6.078880	0.639371
GO:0034774	secretory granule lumen	CC	6	15	7.282853	0.735496
GO:0035097	histone methyltransferase complex	CC	5	28	6.658699	0.749675
GO:0035267	NuA4 histone acetyltransferase complex	CC	9	6	8.199144	1.000000
GO:0035371	microtubule plus-end	CC	3	6	8.199144	0.867748
GO:0035577	azurophil granule membrane	CC	8	0		1.000000
GO:0035578	azurophil granule lumen	CC	7	0		1.000000
GO:0035579	specific granule membrane	CC	7	0		1.000000
GO:0035580	specific granule lumen	CC	7	0		1.000000
GO:0035770	ribonucleoprotein granule	CC	5	240	4.510264	0.622546
GO:0035838	growing cell tip	CC	4	0		0.806254
GO:0035861	site of double-strand break	CC	3	27	6.695066	1.000000
GO:0035869	ciliary transition zone	CC	2	8	7.911461	0.916558
GO:0036064	ciliary basal body	CC	3	77	5.647098	0.722813
GO:0036126	sperm flagellum	CC	7	47	6.140755	1.000000
GO:0036379	myofilament	CC	2	41	6.277331	0.867748
GO:0036452	ESCRT complex	CC	2	6	8.199144	0.784306
GO:0036464	cytoplasmic ribonucleoprotein granule	CC	6	161	4.909499	0.674002
GO:0038201	TOR complex	CC	3	6	8.199144	0.867748
GO:0042170	plastid membrane	CC	4	42	6.253233	0.639371
GO:0042383	sarcolemma	CC	4	95	5.437026	1.000000
GO:0042555	MCM complex	CC	2	5	8.381465	0.916558
GO:0042575	DNA polymerase complex	CC	5	9	7.793678	0.749675
GO:0042579	microbody	CC	5	177	4.814753	0.666233
GO:0042597	periplasmic space	CC	2	152	4.967022	0.833117
GO:0042641	actomyosin	CC	2	162	4.903307	0.916558
GO:0042644	chloroplast nucleoid	CC	6	7	8.044993	1.000000
GO:0042645	mitochondrial nucleoid	CC	5	27	6.695066	1.000000
GO:0042646	plastid nucleoid	CC	5	7	8.044993	0.867748
GO:0042651	thylakoid membrane	CC	4	34	6.464542	0.765750
GO:0042734	presynaptic membrane	CC	5	24	6.812849	1.000000
GO:0042995	cell projection	CC	2	980	3.103350	0.436361
GO:0043005	neuron projection	CC	4	340	4.161957	0.547223
GO:0043025	neuronal cell body	CC	3	76	5.660170	1.000000
GO:0043073	germ cell nucleus	CC	6	19	7.046464	0.833117
GO:0043186	P granule	CC	7	56	5.965551	0.867748
GO:0043189	H4/H2A histone acetyltransferase complex	CC	8	6	8.199144	0.916558
GO:0043190	ATP-binding cassette (ABC) transporter complex	CC	5	40	6.302024	0.700865
GO:0043195	terminal bouton	CC	3	3	8.892291	0.674002
GO:0043197	dendritic spine	CC	6	67	5.786210	0.916558
GO:0043198	dendritic shaft	CC	2	16	7.218314	1.000000
GO:0043202	lysosomal lumen	CC	6	11	7.593008	0.867748
GO:0043204	perikaryon	CC	2	96	5.426555	1.000000
GO:0043209	myelin sheath	CC	2	8	7.911461	1.000000
GO:0043226	organelle	CC	2	6988	1.138953	0.271728
GO:0043227	membrane-bounded organelle	CC	3	5895	1.309043	0.338246
GO:0043228	membraneless organelle	CC	3	1456	2.707455	0.380340
GO:0043229	intracellular organelle	CC	3	6693	1.182086	0.286511
GO:0043230	extracellular organelle	CC	3	174	4.831848	0.666233
GO:0043231	intracellular membrane-bounded organelle	CC	4	5604	1.359667	0.355739
GO:0043232	intracellular membraneless organelle	CC	4	1450	2.711584	0.386810
GO:0043233	organelle lumen	CC	3	223	4.583731	0.469515
GO:0043235	receptor complex	CC	2	112	5.272404	0.435251
GO:0043292	contractile muscle fiber	CC	5	34	6.464542	0.806254
GO:0043296	apical junction complex	CC	5	1	9.990903	1.000000
GO:0043332	mating projection tip	CC	4	0		1.000000
GO:0043596	nuclear replication fork	CC	3	3	8.892291	1.000000
GO:0043679	axon terminus	CC	3	18	7.100531	0.806254
GO:0044217	other organism part	CC	2	642	3.526315	0.424685
GO:0044232	organelle membrane contact site	CC	2	11	7.593008	0.700865
GO:0044291	cell-cell contact zone	CC	5	52	6.039659	0.867748
GO:0044295	axonal growth cone	CC	4	7	8.044993	1.000000
GO:0044297	cell body	CC	2	308	4.260803	0.867748
GO:0044298	cell body membrane	CC	2	8	7.911461	0.916558
GO:0044306	neuron projection terminus	CC	2	30	6.589706	0.784306
GO:0044309	neuron spine	CC	5	67	5.786210	0.806254
GO:0044391	ribosomal subunit	CC	3	136	5.078248	0.691229
GO:0044732	mitotic spindle pole body	CC	4	2	9.297756	0.867748
GO:0044853	plasma membrane raft	CC	5	93	5.458304	0.867748
GO:0045111	intermediate filament cytoskeleton	CC	6	0		0.833117
GO:0045121	membrane raft	CC	4	242	4.501965	0.833117
GO:0045169	fusome	CC	2	0		1.000000
GO:0045171	intercellular bridge	CC	2	11	7.593008	0.806254
GO:0045177	apical part of cell	CC	2	82	5.584184	1.000000
GO:0045178	basal part of cell	CC	2	6	8.199144	1.000000
GO:0045179	apical cortex	CC	5	0		0.916558
GO:0045202	synapse	CC	3	113	5.263515	0.565314
GO:0045211	postsynaptic membrane	CC	5	45	6.184241	1.000000
GO:0045240	alpha-ketoacid dehydrogenase complex	CC	4	26	6.732806	0.806254
GO:0045259	proton-transporting ATP synthase complex	CC	6	142	5.035076	1.000000
GO:0045271	respiratory chain complex I	CC	5	419	3.953032	1.000000
GO:0045273	respiratory chain complex II (succinate dehydrogenase)	CC	4	25	6.772027	1.000000
GO:0045275	respiratory chain complex III	CC	4	5	8.381465	1.000000
GO:0045277	respiratory chain complex IV	CC	4	362	4.099259	1.000000
GO:0045293	mRNA editing complex	CC	3	17	7.157690	0.833117
GO:0045335	phagocytic vesicle	CC	8	31	6.556916	0.784306
GO:0046540	U4/U6 x U5 tri-snRNP complex	CC	6	12	7.505996	1.000000
GO:0048046	apoplast	CC	3	30	6.589706	1.000000
GO:0048188	Set1C/COMPASS complex	CC	6	14	7.351846	1.000000
GO:0048471	perinuclear region of cytoplasm	CC	2	457	3.866220	0.916558
GO:0048786	presynaptic active zone	CC	2	6	8.199144	1.000000
GO:0048787	presynaptic active zone membrane	CC	5	2	9.297756	1.000000
GO:0051233	spindle midzone	CC	2	17	7.157690	0.867748
GO:0051285	cell cortex of cell tip	CC	5	2	9.297756	0.867748
GO:0051286	cell tip	CC	3	48	6.119702	0.722813
GO:0055028	cortical microtubule	CC	8	2	9.297756	0.916558
GO:0055029	nuclear DNA-directed RNA polymerase complex	CC	7	12	7.505996	0.749675
GO:0055035	plastid thylakoid membrane	CC	5	27	6.695066	0.833117
GO:0055037	recycling endosome	CC	8	47	6.140755	0.806254
GO:0055038	recycling endosome membrane	CC	7	17	7.157690	1.000000
GO:0055120	striated muscle dense body	CC	2	0		1.000000
GO:0060076	excitatory synapse	CC	4	1	9.990903	0.749675
GO:0060170	ciliary membrane	CC	5	39	6.327341	0.806254
GO:0060187	cell pole	CC	2	56	5.965551	0.666233
GO:0060205	cytoplasmic vesicle lumen	CC	5	15	7.282853	0.598866
GO:0061645	endocytic patch	CC	2	4	8.604609	0.916558
GO:0061695	transferase complex, transferring phosphorus-containing groups	CC	4	101	5.375782	0.434152
GO:0062039	biofilm matrix	CC	5	0		0.867748
GO:0062040	fungal biofilm matrix	CC	6	0		1.000000
GO:0065010	extracellular membrane-bounded organelle	CC	4	171	4.849239	0.722813
GO:0070013	intracellular organelle lumen	CC	4	223	4.583731	0.475535
GO:0070062	extracellular exosome	CC	6	141	5.042143	1.000000
GO:0070069	cytochrome complex	CC	3	383	4.042868	0.806254
GO:0070160	tight junction	CC	5	105	5.336943	0.765750
GO:0070161	anchoring junction	CC	3	566	3.652309	0.572004
GO:0070382	exocytic vesicle	CC	8	50	6.078880	0.765750
GO:0070461	SAGA-type complex	CC	7	37	6.379985	0.784306
GO:0070603	SWI/SNF superfamily-type complex	CC	4	8	7.911461	0.598866
GO:0070821	tertiary granule membrane	CC	7	0		1.000000
GO:0070822	Sin3-type complex	CC	4	2	9.297756	0.867748
GO:0070847	core mediator complex	CC	4	0		1.000000
GO:0070938	contractile ring	CC	2	3	8.892291	0.784306
GO:0070971	endoplasmic reticulum exit site	CC	2	10	7.688318	1.000000
GO:0071011	precatalytic spliceosome	CC	4	18	7.100531	0.867748
GO:0071013	catalytic step 2 spliceosome	CC	4	15	7.282853	0.867748
GO:0071014	post-mRNA release spliceosomal complex	CC	4	7	8.044993	0.867748
GO:0071162	CMG complex	CC	4	3	8.892291	1.000000
GO:0071782	endoplasmic reticulum tubular network	CC	4	7	8.044993	0.916558
GO:0071944	cell periphery	CC	2	46	6.162262	1.000000
GO:0072562	blood microparticle	CC	2	39	6.327341	0.916558
GO:0072686	mitotic spindle	CC	6	42	6.253233	1.000000
GO:0080008	Cul4-RING E3 ubiquitin ligase complex	CC	6	10	7.688318	0.833117
GO:0090406	pollen tube	CC	4	1	9.990903	1.000000
GO:0090533	cation-transporting ATPase complex	CC	5	7	8.044993	0.735496
GO:0090545	CHD-type complex	CC	5	5	8.381465	0.867748
GO:0090571	RNA polymerase II transcription repressor complex	CC	4	0		0.735496
GO:0090575	RNA polymerase II transcription regulator complex	CC	3	23	6.855409	0.541751
GO:0090734	site of DNA damage	CC	2	34	6.464542	0.916558
GO:0097014	ciliary plasm	CC	5	36	6.407384	1.000000
GO:0097038	perinuclear endoplasmic reticulum	CC	2	3	8.892291	1.000000
GO:0097060	synaptic membrane	CC	4	65	5.816516	0.711339
GO:0097225	sperm midpiece	CC	2	37	6.379985	1.000000
GO:0097228	sperm principal piece	CC	2	13	7.425954	1.000000
GO:0097229	sperm end piece	CC	2	0		1.000000
GO:0097346	INO80-type complex	CC	5	2	9.297756	0.867748
GO:0097386	glial cell projection	CC	4	9	7.793678	0.749675
GO:0097431	mitotic spindle pole	CC	3	14	7.351846	1.000000
GO:0097517	contractile actin filament bundle	CC	3	161	4.909499	0.916558
GO:0097525	spliceosomal snRNP complex	CC	4	27	6.695066	0.652054
GO:0097526	spliceosomal tri-snRNP complex	CC	5	12	7.505996	0.867748
GO:0097542	ciliary tip	CC	2	19	7.046464	1.000000
GO:0097546	ciliary base	CC	2	1	9.990903	1.000000
GO:0097708	intracellular vesicle	CC	5	643	3.524758	0.443242
GO:0097729	9+2 motile cilium	CC	6	75	5.673415	0.700865
GO:0097730	non-motile cilium	CC	5	14	7.351846	0.806254
GO:0097740	paraflagellar rod	CC	3	3	8.892291	1.000000
GO:0098533	ATPase dependent transmembrane transport complex	CC	4	47	6.140755	0.627898
GO:0098552	side of membrane	CC	2	176	4.820419	0.531499
GO:0098553	lumenal side of endoplasmic reticulum membrane	CC	4	0		0.867748
GO:0098554	cytoplasmic side of endoplasmic reticulum membrane	CC	4	23	6.855409	0.867748
GO:0098562	cytoplasmic side of membrane	CC	3	69	5.756797	0.633498
GO:0098576	lumenal side of membrane	CC	3	6	8.199144	0.658935
GO:0098588	bounding membrane of organelle	CC	4	524	3.729411	0.445625
GO:0098590	plasma membrane region	CC	3	601	3.592308	0.519803
GO:0098636	protein complex involved in cell adhesion	CC	2	8	7.911461	0.575494
GO:0098685	Schaffer collateral - CA1 synapse	CC	4	0		1.000000
GO:0098686	hippocampal mossy fiber to CA3 synapse	CC	5	0		1.000000
GO:0098687	chromosomal region	CC	2	38	6.353317	0.722813
GO:0098791	Golgi apparatus subcompartment	CC	3	69	5.756797	0.765750
GO:0098793	presynapse	CC	2	35	6.435555	0.633498
GO:0098794	postsynapse	CC	2	73	5.700444	0.833117
GO:0098796	membrane protein complex	CC	2	1418	2.733900	0.243510
GO:0098797	plasma membrane protein complex	CC	3	230	4.552824	0.310597
GO:0098798	mitochondrial protein-containing complex	CC	2	97	5.416192	0.536516
GO:0098799	outer mitochondrial membrane protein complex	CC	3	3	8.892291	0.765750
GO:0098800	inner mitochondrial membrane protein complex	CC	3	15	7.282853	0.666233
GO:0098802	plasma membrane signaling receptor complex	CC	4	40	6.302024	0.461014
GO:0098803	respiratory chain complex	CC	2	954	3.130239	0.735496
GO:0098827	endoplasmic reticulum subcompartment	CC	3	22	6.899861	0.784306
GO:0098839	postsynaptic density membrane	CC	6	2	9.297756	1.000000
GO:0098852	lytic vacuole membrane	CC	6	62	5.863769	0.749675
GO:0098857	membrane microdomain	CC	3	243	4.497842	0.765750
GO:0098858	actin-based cell projection	CC	4	260	4.430221	0.735496
GO:0098862	cluster of actin-based cell projections	CC	2	71	5.728223	0.833117
GO:0098878	neurotransmitter receptor complex	CC	5	19	7.046464	0.784306
GO:0098978	glutamatergic synapse	CC	4	13	7.425954	0.833117
GO:0098982	GABA-ergic synapse	CC	4	3	8.892291	0.916558
GO:0098984	neuron to neuron synapse	CC	4	0		0.722813
GO:0099023	vesicle tethering complex	CC	2	17	7.157690	0.674002
GO:0099080	supramolecular complex	CC	2	482	3.812959	0.461014
GO:0099081	supramolecular polymer	CC	3	199	4.697598	0.529067
GO:0099086	synaptonemal structure	CC	2	6	8.199144	0.867748
GO:0099091	postsynaptic specialization, intracellular component	CC	5	0		0.867748
GO:0099092	postsynaptic density, intracellular component	CC	6	0		1.000000
GO:0099501	exocytic vesicle membrane	CC	7	29	6.623607	0.916558
GO:0099503	secretory vesicle	CC	7	189	4.749156	0.590561
GO:0099512	supramolecular fiber	CC	4	199	4.697598	0.531499
GO:0099513	polymeric cytoskeletal fiber	CC	5	140	5.049261	0.575494
GO:0099522	cytosolic region	CC	3	1	9.990903	0.867748
GO:0099523	presynaptic cytosol	CC	4	0		1.000000
GO:0099524	postsynaptic cytosol	CC	4	1	9.990903	1.000000
GO:0099568	cytoplasmic region	CC	3	50	6.078880	0.622546
GO:0099572	postsynaptic specialization	CC	3	41	6.277331	0.806254
GO:0099634	postsynaptic specialization membrane	CC	5	7	8.044993	0.867748
GO:0099738	cell cortex region	CC	4	2	9.297756	0.666233
GO:0101003	ficolin-1-rich granule membrane	CC	7	0		1.000000
GO:0101031	protein folding chaperone complex	CC	3	20	6.995171	0.749675
GO:0110085	mitotic actomyosin contractile ring	CC	4	0		0.916558
GO:0110165	cellular anatomical structure	CC	1	19217	0.127352	0.088912
GO:0120025	plasma membrane bounded cell projection	CC	3	942	3.142898	0.453074
GO:0120114	Sm-like protein family complex	CC	2	34	6.464542	0.590561
GO:0120119	flagellum attachment zone	CC	4	1	9.990903	1.000000
GO:0120212	sperm head-tail coupling apparatus	CC	2	0		1.000000
GO:0140047	specialized extracellular matrix	CC	4	58	5.930460	0.652054
GO:0140168	nuclear ribonucleoprotein granule	CC	6	81	5.596454	0.765750
GO:0140220	pathogen-containing vacuole	CC	5	0		0.916558
GO:0140513	nuclear protein-containing complex	CC	2	456	3.868410	0.287155
GO:0140534	endoplasmic reticulum protein-containing complex	CC	2	54	6.001919	0.515425
GO:0140535	intracellular protein-containing complex	CC	2	438	3.908684	0.322110
GO:1902493	acetyltransferase complex	CC	4	66	5.801248	0.594642
GO:1902494	catalytic complex	CC	2	1825	2.481568	0.221975
GO:1902495	transmembrane transporter complex	CC	3	1096	2.991481	0.463782
GO:1902554	serine/threonine protein kinase complex	CC	6	35	6.435555	0.541751
GO:1902555	endoribonuclease complex	CC	4	29	6.623607	0.652054
GO:1902562	H4 histone acetyltransferase complex	CC	7	7	8.044993	0.784306
GO:1902911	protein kinase complex	CC	5	37	6.379985	0.519803
GO:1903293	phosphatase complex	CC	3	40	6.302024	0.645546
GO:1903561	extracellular vesicle	CC	5	171	4.849239	0.735496
GO:1904724	tertiary granule lumen	CC	5	0		1.000000
GO:1904813	ficolin-1-rich granule lumen	CC	5	0		1.000000
GO:1904949	ATPase complex	CC	3	13	7.425954	0.565314
GO:1905348	endonuclease complex	CC	3	31	6.556916	0.607787
GO:1905354	exoribonuclease complex	CC	3	13	7.425954	0.722813
GO:1905360	GTPase complex	CC	3	4	8.604609	0.735496
GO:1905368	peptidase complex	CC	3	55	5.983570	0.627898
GO:1905369	endopeptidase complex	CC	4	18	7.100531	0.682308
GO:1990023	mitotic spindle midzone	CC	3	1	9.990903	1.000000
GO:1990204	oxidoreductase complex	CC	3	496	3.784327	0.501246
GO:1990229	iron-sulfur cluster assembly complex	CC	2	5	8.381465	0.784306
GO:1990234	transferase complex	CC	3	457	3.866220	0.314989
GO:1990351	transporter complex	CC	2	1102	2.986021	0.451800
GO:1990752	microtubule end	CC	2	7	8.044993	0.749675
GO:1990904	ribonucleoprotein complex	CC	2	346	4.144464	0.438611
